ids,valid,predicted-perf,predicted-util-LUT,predicted-util-DSP,predicted-util-FF,predicted-util-BRAM
3465,True,3.274900436401367,0.2603108882904053,0.0157594680786132,0.0391853898763656,0.0228411257266998
3466,True,3.5649356842041016,0.2224331200122833,0.013352632522583,0.0410479456186294,0.0292070508003234
3467,True,4.092989921569824,0.2721583545207977,0.0125547647476196,0.0445760339498519,0.0086892247200012
3468,True,3.28666090965271,0.2723612487316131,0.0191198587417602,0.0401437133550643,0.0257069170475006
