ids,valid,predicted-perf,predicted-util-LUT,predicted-util-DSP,predicted-util-FF,predicted-util-BRAM
3498,True,2.3374338150024414,0.0529632791876792,0.0518999099731445,0.0211404412984848,-0.0129774743691086
3499,True,2.025550127029419,0.0386226400732994,0.0126368999481201,0.0129243582487106,0.1770807206630706
3500,True,2.5559027194976807,0.0701723918318748,0.038949966430664,0.0389335304498672,0.3779298067092895
3501,True,2.4084067344665527,0.0632895454764366,0.0746269226074218,0.0167020410299301,-0.0006012002704665
3502,True,2.568345069885254,0.0423360094428062,0.0360558629035949,0.0074485391378402,0.1560884118080139
