gname,pragma,acutal-perf,predicted-perf,acutal-util-LUT,predicted-util-LUT,acutal-util-FF,predicted-util-FF,acutal-util-DSP,predicted-util-DSP,acutal-util-BRAM,predicted-util-BRAM
stencil-3d,32.0-1.0-50.0-30.0-1.0-0.0-0.0-0.0-0.0-0.0-0.0-0.0-0.0-0.0-0.0-0.0-0.0-0.0-0.0-0.0-0.0,11.626748085021973,2.5559027194976807,0.07000000029802322,0.07017239183187485,0.019999999552965164,0.03893353044986725,0.09000000357627869,0.03894996643066406,0.36000001430511475,0.37792980670928955
stencil-3d,16.0-50.0-1.0-30.0-1.0-0.0-0.0-0.0-0.0-0.0-0.0-0.0-0.0-0.0-0.0-0.0-0.0-0.0-0.0-0.0-0.0,11.626748085021973,2.568345069885254,0.03999999910593033,0.042336009442806244,0.009999999776482582,0.007448539137840271,0.03999999910593033,0.03605586290359497,0.14000000059604645,0.15608841180801392
stencil-3d,1.0-50.0-100.0-1.0-4.0-0.0-0.0-0.0-0.0-0.0-0.0-0.0-0.0-0.0-0.0-0.0-0.0-0.0-0.0-0.0-0.0,11.626748085021973,2.3374338150024414,0.03999999910593033,0.05296327918767929,0.019999999552965164,0.021140441298484802,0.09000000357627869,0.05189990997314453,0.0,-0.012977474369108677
stencil-3d,3.0-1.0-1.0-30.0-1.0-0.0-0.0-0.0-0.0-0.0-0.0-0.0-0.0-0.0-0.0-0.0-0.0-0.0-0.0-0.0-0.0,11.626748085021973,2.025550127029419,0.07999999821186066,0.03862264007329941,0.029999999329447746,0.012924358248710632,0.009999999776482582,0.012636899948120117,0.17000000178813934,0.17708072066307068
stencil-3d,1.0-1.0-100.0-1.0-8.0-0.0-0.0-0.0-0.0-0.0-0.0-0.0-0.0-0.0-0.0-0.0-0.0-0.0-0.0-0.0-0.0,11.626748085021973,2.4084067344665527,0.03999999910593033,0.06328954547643661,0.019999999552965164,0.016702041029930115,0.09000000357627869,0.07462692260742188,0.0,-0.0006012002704665065
