gname,pragma,acutal-perf,predicted-perf,acutal-util-LUT,predicted-util-LUT,acutal-util-FF,predicted-util-FF,acutal-util-DSP,predicted-util-DSP,acutal-util-BRAM,predicted-util-BRAM
nw,32.0-32.0-4.0-1.0-100.0-8.0-0.0-0.0-0.0-0.0-0.0-0.0-0.0-0.0-0.0-0.0-0.0-0.0-0.0-0.0-0.0,11.626748085021973,3.5649356842041016,0.2800000011920929,0.22243312001228333,0.029999999329447746,0.041047945618629456,0.0,0.013352632522583008,0.029999999329447746,0.029207050800323486
nw,32.0-16.0-4.0-128.0-50.0-2.0-0.0-0.0-0.0-0.0-0.0-0.0-0.0-0.0-0.0-0.0-0.0-0.0-0.0-0.0-0.0,11.626748085021973,3.274900436401367,0.0,0.2603108882904053,0.0,0.03918538987636566,0.0,0.01575946807861328,0.0,0.02284112572669983
nw,32.0-8.0-4.0-1.0-100.0-1.0-0.0-0.0-0.0-0.0-0.0-0.0-0.0-0.0-0.0-0.0-0.0-0.0-0.0-0.0-0.0,11.626748085021973,4.092989921569824,0.25999999046325684,0.27215835452079773,0.03999999910593033,0.04457603394985199,0.0,0.012554764747619629,0.009999999776482582,0.00868922472000122
nw,32.0-16.0-4.0-128.0-50.0-4.0-0.0-0.0-0.0-0.0-0.0-0.0-0.0-0.0-0.0-0.0-0.0-0.0-0.0-0.0-0.0,11.626748085021973,3.28666090965271,0.0,0.27236124873161316,0.0,0.04014371335506439,0.0,0.019119858741760254,0.0,0.02570691704750061
