id,valid,perf,util-LUT,util-DSP,util-FF,util-BRAM
<<<<<<< HEAD
0,TRUE,1.876627206802368,0.0,0.0,0.0,0.0
1,TRUE,3.000044345855713,0.0,0.0,0.0,0.0
2,FALSE,2.884153127670288,0.0,0.0,0.0,0.0
3,TRUE,0.0,0.0,0.0,0.0,0.0
4,TRUE,0.0,0.0,0.0,0.0,0.0
5,TRUE,2.488067150115967,0.0,0.0,0.0,0.0
6,FALSE,2.8313145637512207,0.0,0.0,0.0,0.0
7,FALSE,2.415178775787353,0.0,0.0,0.0,0.0
8,FALSE,2.6142730712890625,0.0,0.0,0.0,0.0
9,TRUE,0.0,0.0,0.0,0.0,0.0
10,TRUE,2.701754570007324,0.0,0.0,0.0,0.0
11,FALSE,0.0,0.0,0.0,0.0,0.0
12,FALSE,0.0,0.0,0.0,0.0,0.0
13,TRUE,0.0,0.0,0.0,0.0,0.0
14,TRUE,2.870511293411255,0.0,0.0,0.0,0.0
15,FALSE,2.908963203430176,0.0,0.0,0.0,0.0
16,FALSE,2.9308433532714844,0.0,0.0,0.0,0.0
17,FALSE,0.0,0.0,0.0,0.0,0.0
18,FALSE,2.9908103942871094,0.0,0.0,0.0,0.0
19,FALSE,3.0661425590515137,0.0,0.0,0.0,0.0
20,FALSE,2.7648262977600098,0.0,0.0,0.0,0.0
21,FALSE,0.0,0.0,0.0,0.0,0.0
22,FALSE,0.0,0.0,0.0,0.0,0.0
23,FALSE,2.922985315322876,0.0,0.0,0.0,0.0
24,TRUE,2.106250047683716,0.0,0.0,0.0,0.0
25,FALSE,2.94057846069336,0.0,0.0,0.0,0.0
26,FALSE,2.97426700592041,0.0,0.0,0.0,0.0
27,FALSE,2.61995530128479,0.0,0.0,0.0,0.0
28,FALSE,2.909237861633301,0.0,0.0,0.0,0.0
29,FALSE,2.8682191371917725,0.0,0.0,0.0,0.0
30,TRUE,0.0,0.0,0.0,0.0,0.0
31,FALSE,3.0436878204345703,0.0,0.0,0.0,0.0
32,TRUE,0.0,0.0,0.0,0.0,0.0
33,FALSE,0.0,0.0,0.0,0.0,0.0
34,TRUE,0.0,0.0,0.0,0.0,0.0
35,FALSE,0.0,0.0,0.0,0.0,0.0
36,TRUE,2.090914726257324,0.0,0.0,0.0,0.0
37,TRUE,2.8846402168273926,0.0,0.0,0.0,0.0
38,TRUE,0.0,0.0,0.0,0.0,0.0
39,FALSE,0.0,0.0,0.0,0.0,0.0
40,FALSE,0.0,0.0,0.0,0.0,0.0
41,TRUE,2.983267307281494,0.0,0.0,0.0,0.0
42,TRUE,0.0,0.0,0.0,0.0,0.0
43,FALSE,0.0,0.0,0.0,0.0,0.0
44,FALSE,0.0,0.0,0.0,0.0,0.0
45,FALSE,0.0,0.0,0.0,0.0,0.0
46,TRUE,2.9186954498291016,0.0,0.0,0.0,0.0
47,FALSE,0.0,0.0,0.0,0.0,0.0
48,FALSE,2.937617301940918,0.0,0.0,0.0,0.0
49,FALSE,0.0,0.0,0.0,0.0,0.0
50,FALSE,3.146069526672364,0.0,0.0,0.0,0.0
51,FALSE,2.897731065750122,0.0,0.0,0.0,0.0
52,TRUE,3.001749038696289,0.0,0.0,0.0,0.0
53,FALSE,0.0,0.0,0.0,0.0,0.0
54,TRUE,0.0,0.0,0.0,0.0,0.0
55,FALSE,2.923804998397827,0.0,0.0,0.0,0.0
56,FALSE,2.949313163757324,0.0,0.0,0.0,0.0
57,FALSE,3.104771614074707,0.0,0.0,0.0,0.0
58,TRUE,2.393764019012451,0.0,0.0,0.0,0.0
59,FALSE,0.0,0.0,0.0,0.0,0.0
60,TRUE,1.6362197399139404,0.0,0.0,0.0,0.0
61,FALSE,0.0,0.0,0.0,0.0,0.0
62,FALSE,0.0,0.0,0.0,0.0,0.0
63,TRUE,1.7657268047332764,0.0,0.0,0.0,0.0
64,FALSE,2.907297372817993,0.0,0.0,0.0,0.0
65,TRUE,0.0,0.0,0.0,0.0,0.0
66,FALSE,0.0,0.0,0.0,0.0,0.0
67,FALSE,2.3542568683624268,0.0,0.0,0.0,0.0
68,FALSE,2.8806698322296143,0.0,0.0,0.0,0.0
69,TRUE,0.0,0.0,0.0,0.0,0.0
70,FALSE,2.8751823902130127,0.0,0.0,0.0,0.0
71,TRUE,2.92470121383667,0.0,0.0,0.0,0.0
72,FALSE,2.989335060119629,0.0,0.0,0.0,0.0
73,TRUE,0.0,0.0,0.0,0.0,0.0
74,TRUE,2.273998975753784,0.0,0.0,0.0,0.0
75,FALSE,3.378622531890869,0.0,0.0,0.0,0.0
76,FALSE,2.5218300819396973,0.0,0.0,0.0,0.0
77,FALSE,0.0,0.0,0.0,0.0,0.0
78,FALSE,2.8530516624450684,0.0,0.0,0.0,0.0
79,FALSE,2.872483730316162,0.0,0.0,0.0,0.0
80,TRUE,2.673982620239258,0.0,0.0,0.0,0.0
81,FALSE,0.0,0.0,0.0,0.0,0.0
82,FALSE,0.0,0.0,0.0,0.0,0.0
83,FALSE,2.9179983139038086,0.0,0.0,0.0,0.0
84,FALSE,2.959775447845459,0.0,0.0,0.0,0.0
85,FALSE,0.0,0.0,0.0,0.0,0.0
86,FALSE,2.8851633071899414,0.0,0.0,0.0,0.0
87,FALSE,0.0,0.0,0.0,0.0,0.0
88,FALSE,2.867833137512207,0.0,0.0,0.0,0.0
89,FALSE,0.0,0.0,0.0,0.0,0.0
90,TRUE,2.8520302772521973,0.0,0.0,0.0,0.0
91,TRUE,0.0,0.0,0.0,0.0,0.0
92,TRUE,0.0,0.0,0.0,0.0,0.0
93,TRUE,0.0,0.0,0.0,0.0,0.0
94,FALSE,2.8932132720947266,0.0,0.0,0.0,0.0
95,TRUE,0.0,0.0,0.0,0.0,0.0
96,TRUE,0.0,0.0,0.0,0.0,0.0
97,FALSE,0.0,0.0,0.0,0.0,0.0
98,FALSE,3.1472299098968506,0.0,0.0,0.0,0.0
99,FALSE,3.1196107864379883,0.0,0.0,0.0,0.0
100,FALSE,2.972867965698242,0.0,0.0,0.0,0.0
101,FALSE,2.8804025650024414,0.0,0.0,0.0,0.0
102,FALSE,2.8872690200805664,0.0,0.0,0.0,0.0
103,FALSE,2.8233113288879395,0.0,0.0,0.0,0.0
104,FALSE,0.0,0.0,0.0,0.0,0.0
105,TRUE,2.2308459281921387,0.0,0.0,0.0,0.0
106,TRUE,2.7056214809417725,0.0,0.0,0.0,0.0
107,TRUE,0.0,0.0,0.0,0.0,0.0
108,FALSE,2.9297902584075928,0.0,0.0,0.0,0.0
109,FALSE,0.0,0.0,0.0,0.0,0.0
110,FALSE,0.0,0.0,0.0,0.0,0.0
111,FALSE,2.8281774520874023,0.0,0.0,0.0,0.0
112,FALSE,2.918592929840088,0.0,0.0,0.0,0.0
113,FALSE,3.11059308052063,0.0,0.0,0.0,0.0
114,FALSE,3.013455629348755,0.0,0.0,0.0,0.0
115,FALSE,2.902204990386963,0.0,0.0,0.0,0.0
116,FALSE,0.0,0.0,0.0,0.0,0.0
117,FALSE,0.0,0.0,0.0,0.0,0.0
118,FALSE,0.0,0.0,0.0,0.0,0.0
119,FALSE,2.79836368560791,0.0,0.0,0.0,0.0
120,FALSE,0.0,0.0,0.0,0.0,0.0
121,FALSE,2.92898178100586,0.0,0.0,0.0,0.0
122,FALSE,2.883479118347168,0.0,0.0,0.0,0.0
123,FALSE,2.917015790939331,0.0,0.0,0.0,0.0
124,TRUE,5.411448001861572,0.0,0.0,0.0,0.0
125,FALSE,0.0,0.0,0.0,0.0,0.0
126,FALSE,2.9196081161499023,0.0,0.0,0.0,0.0
127,TRUE,2.8992843627929688,0.0,0.0,0.0,0.0
128,TRUE,2.924800395965576,0.0,0.0,0.0,0.0
129,FALSE,2.904911994934082,0.0,0.0,0.0,0.0
130,FALSE,2.9956891536712646,0.0,0.0,0.0,0.0
131,FALSE,2.597867488861084,0.0,0.0,0.0,0.0
132,FALSE,0.0,0.0,0.0,0.0,0.0
133,TRUE,2.870375156402588,0.0,0.0,0.0,0.0
134,TRUE,0.0,0.0,0.0,0.0,0.0
135,TRUE,0.0,0.0,0.0,0.0,0.0
136,TRUE,1.4743847846984863,0.0,0.0,0.0,0.0
137,FALSE,0.0,0.0,0.0,0.0,0.0
138,FALSE,1.7343875169754028,0.0,0.0,0.0,0.0
139,TRUE,0.0,0.0,0.0,0.0,0.0
140,FALSE,1.3893369436264038,0.0,0.0,0.0,0.0
141,TRUE,1.447115421295166,0.0,0.0,0.0,0.0
142,TRUE,1.8284190893173216,0.0,0.0,0.0,0.0
143,FALSE,0.0,0.0,0.0,0.0,0.0
144,FALSE,1.2809399366378784,0.0,0.0,0.0,0.0
145,FALSE,1.5209251642227173,0.0,0.0,0.0,0.0
146,FALSE,1.804282307624817,0.0,0.0,0.0,0.0
147,FALSE,1.5256446599960327,0.0,0.0,0.0,0.0
148,TRUE,2.911310911178589,0.0,0.0,0.0,0.0
149,FALSE,1.7308712005615234,0.0,0.0,0.0,0.0
150,FALSE,2.676685094833374,0.0,0.0,0.0,0.0
151,TRUE,0.0,0.0,0.0,0.0,0.0
152,TRUE,0.0,0.0,0.0,0.0,0.0
153,TRUE,0.0,0.0,0.0,0.0,0.0
154,TRUE,1.767806887626648,0.0,0.0,0.0,0.0
155,TRUE,1.799709677696228,0.0,0.0,0.0,0.0
156,FALSE,2.89990758895874,0.0,0.0,0.0,0.0
157,TRUE,1.753191590309143,0.0,0.0,0.0,0.0
158,FALSE,0.0,0.0,0.0,0.0,0.0
159,FALSE,0.0,0.0,0.0,0.0,0.0
160,TRUE,2.816158533096313,0.0,0.0,0.0,0.0
161,TRUE,0.0,0.0,0.0,0.0,0.0
162,FALSE,2.6822218894958496,0.0,0.0,0.0,0.0
163,FALSE,0.0,0.0,0.0,0.0,0.0
164,TRUE,1.7684178352355957,0.0,0.0,0.0,0.0
165,FALSE,2.749988317489624,0.0,0.0,0.0,0.0
166,FALSE,2.6318936347961426,0.0,0.0,0.0,0.0
167,TRUE,1.0553205013275146,0.0,0.0,0.0,0.0
168,FALSE,1.4795671701431274,0.0,0.0,0.0,0.0
169,FALSE,1.7650357484817505,0.0,0.0,0.0,0.0
170,FALSE,2.931193351745605,0.0,0.0,0.0,0.0
171,FALSE,2.820156574249268,0.0,0.0,0.0,0.0
172,TRUE,1.414592146873474,0.0,0.0,0.0,0.0
173,FALSE,1.137954592704773,0.0,0.0,0.0,0.0
174,FALSE,1.4454646110534668,0.0,0.0,0.0,0.0
175,TRUE,1.707329034805298,0.0,0.0,0.0,0.0
176,FALSE,1.4483428001403809,0.0,0.0,0.0,0.0
177,TRUE,1.0774638652801514,0.0,0.0,0.0,0.0
178,FALSE,1.5625282526016235,0.0,0.0,0.0,0.0
179,FALSE,2.8179500102996826,0.0,0.0,0.0,0.0
180,TRUE,3.1330273151397705,0.0,0.0,0.0,0.0
181,FALSE,0.0,0.0,0.0,0.0,0.0
182,FALSE,0.0,0.0,0.0,0.0,0.0
183,TRUE,1.5946192741394043,0.0,0.0,0.0,0.0
184,FALSE,1.2166379690170288,0.0,0.0,0.0,0.0
185,FALSE,0.0,0.0,0.0,0.0,0.0
186,FALSE,1.4046703577041626,0.0,0.0,0.0,0.0
187,FALSE,0.0,0.0,0.0,0.0,0.0
188,FALSE,2.892223358154297,0.0,0.0,0.0,0.0
189,TRUE,2.922457695007324,0.0,0.0,0.0,0.0
190,FALSE,2.698336124420166,0.0,0.0,0.0,0.0
191,FALSE,2.979806900024414,0.0,0.0,0.0,0.0
192,TRUE,0.0,0.0,0.0,0.0,0.0
193,TRUE,2.823218822479248,0.0,0.0,0.0,0.0
194,FALSE,0.0,0.0,0.0,0.0,0.0
195,TRUE,1.529165744781494,0.0,0.0,0.0,0.0
196,FALSE,1.9750593900680544,0.0,0.0,0.0,0.0
197,FALSE,1.3240424394607544,0.0,0.0,0.0,0.0
198,FALSE,3.222532033920288,0.0,0.0,0.0,0.0
199,FALSE,2.868839979171753,0.0,0.0,0.0,0.0
200,TRUE,1.7081451416015625,0.0,0.0,0.0,0.0
201,FALSE,0.0,0.0,0.0,0.0,0.0
202,FALSE,0.0,0.0,0.0,0.0,0.0
203,FALSE,1.705065131187439,0.0,0.0,0.0,0.0
204,FALSE,0.0,0.0,0.0,0.0,0.0
205,TRUE,2.882088661193848,0.0,0.0,0.0,0.0
206,FALSE,1.7350260019302368,0.0,0.0,0.0,0.0
207,FALSE,0.0,0.0,0.0,0.0,0.0
208,TRUE,0.0,0.0,0.0,0.0,0.0
209,TRUE,3.2770471572875977,0.0,0.0,0.0,0.0
210,FALSE,1.9304341077804563,0.0,0.0,0.0,0.0
211,TRUE,1.5586795806884766,0.0,0.0,0.0,0.0
212,TRUE,0.0,0.0,0.0,0.0,0.0
213,FALSE,2.8984766006469727,0.0,0.0,0.0,0.0
214,TRUE,2.9220452308654785,0.0,0.0,0.0,0.0
215,FALSE,0.0,0.0,0.0,0.0,0.0
216,TRUE,1.4876242876052856,0.0,0.0,0.0,0.0
217,FALSE,0.0,0.0,0.0,0.0,0.0
218,TRUE,2.787102222442627,0.0,0.0,0.0,0.0
219,FALSE,1.4833766222000122,0.0,0.0,0.0,0.0
220,TRUE,1.4167836904525757,0.0,0.0,0.0,0.0
221,FALSE,0.0,0.0,0.0,0.0,0.0
222,FALSE,2.5104146003723145,0.0,0.0,0.0,0.0
223,FALSE,0.0,0.0,0.0,0.0,0.0
224,FALSE,0.0,0.0,0.0,0.0,0.0
225,FALSE,0.0,0.0,0.0,0.0,0.0
226,FALSE,0.0,0.0,0.0,0.0,0.0
227,TRUE,0.0,0.0,0.0,0.0,0.0
228,FALSE,1.3612221479415894,0.0,0.0,0.0,0.0
229,FALSE,1.787364840507507,0.0,0.0,0.0,0.0
230,TRUE,2.0341970920562744,0.0,0.0,0.0,0.0
231,TRUE,2.5994343757629395,0.0,0.0,0.0,0.0
232,FALSE,1.4170652627944946,0.0,0.0,0.0,0.0
233,TRUE,1.6052862405776978,0.0,0.0,0.0,0.0
234,FALSE,1.483235239982605,0.0,0.0,0.0,0.0
235,TRUE,2.880329132080078,0.0,0.0,0.0,0.0
236,FALSE,0.0,0.0,0.0,0.0,0.0
237,TRUE,0.0,0.0,0.0,0.0,0.0
238,FALSE,1.68681538105011,0.0,0.0,0.0,0.0
239,TRUE,2.833094596862793,0.0,0.0,0.0,0.0
240,FALSE,2.8932971954345703,0.0,0.0,0.0,0.0
241,FALSE,0.0,0.0,0.0,0.0,0.0
242,FALSE,1.5538262128829956,0.0,0.0,0.0,0.0
243,TRUE,1.681024432182312,0.0,0.0,0.0,0.0
244,FALSE,2.876011371612549,0.0,0.0,0.0,0.0
245,FALSE,0.0,0.0,0.0,0.0,0.0
246,TRUE,2.936752319335937,0.0,0.0,0.0,0.0
247,FALSE,1.5708625316619873,0.0,0.0,0.0,0.0
248,TRUE,1.5971674919128418,0.0,0.0,0.0,0.0
249,FALSE,0.0,0.0,0.0,0.0,0.0
250,FALSE,1.5309135913848877,0.0,0.0,0.0,0.0
251,FALSE,1.7668079137802124,0.0,0.0,0.0,0.0
252,TRUE,0.0,0.0,0.0,0.0,0.0
253,FALSE,1.5979257822036743,0.0,0.0,0.0,0.0
254,TRUE,0.0,0.0,0.0,0.0,0.0
255,TRUE,1.679103970527649,0.0,0.0,0.0,0.0
256,FALSE,1.4983915090560913,0.0,0.0,0.0,0.0
257,FALSE,2.2243869304656982,0.0,0.0,0.0,0.0
258,TRUE,1.644313931465149,0.0,0.0,0.0,0.0
259,TRUE,2.977309226989746,0.0,0.0,0.0,0.0
260,TRUE,1.96435296535492,0.0,0.0,0.0,0.0
261,TRUE,0.0,0.0,0.0,0.0,0.0
262,TRUE,1.3264330625534058,0.0,0.0,0.0,0.0
263,TRUE,1.4780281782150269,0.0,0.0,0.0,0.0
264,FALSE,1.666177749633789,0.0,0.0,0.0,0.0
265,FALSE,1.249076008796692,0.0,0.0,0.0,0.0
266,TRUE,0.0,0.0,0.0,0.0,0.0
267,FALSE,0.0,0.0,0.0,0.0,0.0
268,FALSE,1.4266530275344849,0.0,0.0,0.0,0.0
269,FALSE,2.9223575592041016,0.0,0.0,0.0,0.0
270,TRUE,0.0,0.0,0.0,0.0,0.0
271,TRUE,0.0,0.0,0.0,0.0,0.0
272,FALSE,1.5661216974258425,0.0,0.0,0.0,0.0
273,FALSE,0.0,0.0,0.0,0.0,0.0
274,FALSE,1.5196067094802856,0.0,0.0,0.0,0.0
275,FALSE,3.0116782188415527,0.0,0.0,0.0,0.0
276,FALSE,1.459599852561951,0.0,0.0,0.0,0.0
277,TRUE,2.760631799697876,0.0,0.0,0.0,0.0
278,FALSE,0.0,0.0,0.0,0.0,0.0
279,FALSE,1.7656723260879517,0.0,0.0,0.0,0.0
280,FALSE,2.794086456298828,0.0,0.0,0.0,0.0
281,FALSE,1.5721358060836792,0.0,0.0,0.0,0.0
282,FALSE,1.0309137105941772,0.0,0.0,0.0,0.0
283,TRUE,0.0,0.0,0.0,0.0,0.0
284,TRUE,1.624184012413025,0.0,0.0,0.0,0.0
285,FALSE,1.6825499534606934,0.0,0.0,0.0,0.0
286,TRUE,3.009673595428467,0.0,0.0,0.0,0.0
287,FALSE,0.0,0.0,0.0,0.0,0.0
288,FALSE,0.0,0.0,0.0,0.0,0.0
289,TRUE,0.0,0.0,0.0,0.0,0.0
290,FALSE,1.5776745080947876,0.0,0.0,0.0,0.0
291,TRUE,2.013366937637329,0.0,0.0,0.0,0.0
292,FALSE,2.768552303314209,0.0,0.0,0.0,0.0
293,FALSE,1.668928623199463,0.0,0.0,0.0,0.0
294,TRUE,2.892803430557251,0.0,0.0,0.0,0.0
295,FALSE,1.360107421875,0.0,0.0,0.0,0.0
296,TRUE,0.0,0.0,0.0,0.0,0.0
297,FALSE,1.654545545578003,0.0,0.0,0.0,0.0
298,FALSE,3.0981693267822266,0.0,0.0,0.0,0.0
299,FALSE,2.720636367797852,0.0,0.0,0.0,0.0
300,FALSE,2.9342548847198486,0.0,0.0,0.0,0.0
301,FALSE,1.7584989070892334,0.0,0.0,0.0,0.0
302,TRUE,2.454047679901123,0.0,0.0,0.0,0.0
303,TRUE,1.5359302759170532,0.0,0.0,0.0,0.0
304,TRUE,0.0,0.0,0.0,0.0,0.0
305,FALSE,2.7532222270965576,0.0,0.0,0.0,0.0
306,FALSE,1.4936652183532717,0.0,0.0,0.0,0.0
307,TRUE,2.736768245697021,0.0,0.0,0.0,0.0
308,TRUE,0.0,0.0,0.0,0.0,0.0
309,FALSE,0.2044144719839096,0.0,0.0,0.0,0.0
310,TRUE,0.0,0.0,0.0,0.0,0.0
311,FALSE,0.2069713920354843,0.0,0.0,0.0,0.0
312,FALSE,1.1803025007247925,0.0,0.0,0.0,0.0
313,TRUE,0.0,0.0,0.0,0.0,0.0
314,FALSE,0.0,0.0,0.0,0.0,0.0
315,FALSE,0.2488539665937423,0.0,0.0,0.0,0.0
316,TRUE,0.0,0.0,0.0,0.0,0.0
317,FALSE,0.0,0.0,0.0,0.0,0.0
318,TRUE,0.0,0.0,0.0,0.0,0.0
319,TRUE,0.0,0.0,0.0,0.0,0.0
320,TRUE,0.0556750148534774,0.0,0.0,0.0,0.0
321,FALSE,0.2152143567800521,0.0,0.0,0.0,0.0
322,FALSE,0.0,0.0,0.0,0.0,0.0
323,TRUE,0.0,0.0,0.0,0.0,0.0
324,TRUE,0.1817459017038345,0.0,0.0,0.0,0.0
325,TRUE,0.0,0.0,0.0,0.0,0.0
326,FALSE,0.0,0.0,0.0,0.0,0.0
327,TRUE,0.0,0.0,0.0,0.0,0.0
328,FALSE,0.0,0.0,0.0,0.0,0.0
329,FALSE,0.0,0.0,0.0,0.0,0.0
330,TRUE,0.0,0.0,0.0,0.0,0.0
331,FALSE,0.0,0.0,0.0,0.0,0.0
332,FALSE,0.2084838598966598,0.0,0.0,0.0,0.0
333,FALSE,0.0,0.0,0.0,0.0,0.0
334,FALSE,0.0,0.0,0.0,0.0,0.0
335,TRUE,0.0,0.0,0.0,0.0,0.0
336,FALSE,0.0,0.0,0.0,0.0,0.0
337,TRUE,0.1204978674650192,0.0,0.0,0.0,0.0
338,TRUE,0.0,0.0,0.0,0.0,0.0
339,FALSE,0.0,0.0,0.0,0.0,0.0
340,FALSE,0.096202865242958,0.0,0.0,0.0,0.0
341,FALSE,0.2284382432699203,0.0,0.0,0.0,0.0
342,FALSE,0.0,0.0,0.0,0.0,0.0
343,FALSE,0.0,0.0,0.0,0.0,0.0
344,FALSE,0.0,0.0,0.0,0.0,0.0
345,FALSE,0.2709237337112427,0.0,0.0,0.0,0.0
346,TRUE,0.0,0.0,0.0,0.0,0.0
347,TRUE,0.193320021033287,0.0,0.0,0.0,0.0
348,FALSE,0.1990475505590438,0.0,0.0,0.0,0.0
349,TRUE,0.0873119682073593,0.0,0.0,0.0,0.0
350,TRUE,0.12592314183712,0.0,0.0,0.0,0.0
351,TRUE,0.0,0.0,0.0,0.0,0.0
352,TRUE,0.0,0.0,0.0,0.0,0.0
353,FALSE,1.1547491550445557,0.0,0.0,0.0,0.0
354,FALSE,0.0,0.0,0.0,0.0,0.0
355,TRUE,0.0,0.0,0.0,0.0,0.0
356,FALSE,0.0,0.0,0.0,0.0,0.0
357,TRUE,0.0,0.0,0.0,0.0,0.0
358,TRUE,0.0,0.0,0.0,0.0,0.0
359,FALSE,0.0,0.0,0.0,0.0,0.0
360,TRUE,0.0,0.0,0.0,0.0,0.0
361,FALSE,0.0,0.0,0.0,0.0,0.0
362,TRUE,0.0,0.0,0.0,0.0,0.0
363,FALSE,0.0,0.0,0.0,0.0,0.0
364,FALSE,0.2106198519468307,0.0,0.0,0.0,0.0
365,TRUE,1.2133080959320068,0.0,0.0,0.0,0.0
366,TRUE,0.0,0.0,0.0,0.0,0.0
367,TRUE,0.0,0.0,0.0,0.0,0.0
368,FALSE,0.0,0.0,0.0,0.0,0.0
369,FALSE,0.0,0.0,0.0,0.0,0.0
370,TRUE,0.0,0.0,0.0,0.0,0.0
371,TRUE,0.0,0.0,0.0,0.0,0.0
372,TRUE,0.0,0.0,0.0,0.0,0.0
373,FALSE,0.0,0.0,0.0,0.0,0.0
374,FALSE,0.0,0.0,0.0,0.0,0.0
375,TRUE,0.0,0.0,0.0,0.0,0.0
376,TRUE,0.1839156001806259,0.0,0.0,0.0,0.0
377,FALSE,0.0,0.0,0.0,0.0,0.0
378,TRUE,0.0,0.0,0.0,0.0,0.0
379,FALSE,0.4655544757843017,0.0,0.0,0.0,0.0
380,TRUE,0.0,0.0,0.0,0.0,0.0
381,FALSE,0.0,0.0,0.0,0.0,0.0
382,FALSE,0.0,0.0,0.0,0.0,0.0
383,TRUE,0.0,0.0,0.0,0.0,0.0
384,FALSE,0.1980686038732528,0.0,0.0,0.0,0.0
385,TRUE,0.0,0.0,0.0,0.0,0.0
386,TRUE,0.0,0.0,0.0,0.0,0.0
387,FALSE,0.0,0.0,0.0,0.0,0.0
388,TRUE,0.0,0.0,0.0,0.0,0.0
389,TRUE,0.0,0.0,0.0,0.0,0.0
390,TRUE,0.9010202884674072,0.0,0.0,0.0,0.0
391,FALSE,0.0,0.0,0.0,0.0,0.0
392,TRUE,0.0,0.0,0.0,0.0,0.0
393,FALSE,0.0,0.0,0.0,0.0,0.0
394,TRUE,0.0,0.0,0.0,0.0,0.0
395,TRUE,0.0,0.0,0.0,0.0,0.0
396,TRUE,0.0,0.0,0.0,0.0,0.0
397,TRUE,0.0,0.0,0.0,0.0,0.0
398,FALSE,0.0,0.0,0.0,0.0,0.0
399,TRUE,0.1770865768194198,0.0,0.0,0.0,0.0
400,TRUE,0.0,0.0,0.0,0.0,0.0
401,FALSE,0.0,0.0,0.0,0.0,0.0
402,TRUE,0.0,0.0,0.0,0.0,0.0
403,TRUE,0.0,0.0,0.0,0.0,0.0
404,True,100.0,0.0,0.0,0.0,0.0
405,True,100.0,0.0,0.0,0.0,0.0
406,True,100.0,0.0,0.0,0.0,0.0
407,FALSE,1.9378931522369385,0.0,0.0,0.0,0.0
408,FALSE,3.1472654342651367,0.0,0.0,0.0,0.0
409,FALSE,1.7816966772079468,0.0,0.0,0.0,0.0
410,FALSE,2.2653932571411133,0.0,0.0,0.0,0.0
411,FALSE,2.612377643585205,0.0,0.0,0.0,0.0
412,FALSE,2.273900032043457,0.0,0.0,0.0,0.0
413,FALSE,2.92586088180542,0.0,0.0,0.0,0.0
414,FALSE,0.0,0.0,0.0,0.0,0.0
415,FALSE,2.2659854888916016,0.0,0.0,0.0,0.0
416,FALSE,2.3951616287231445,0.0,0.0,0.0,0.0
417,FALSE,0.0,0.0,0.0,0.0,0.0
418,FALSE,2.2868552207946777,0.0,0.0,0.0,0.0
419,FALSE,2.774184226989746,0.0,0.0,0.0,0.0
420,FALSE,2.776405334472656,0.0,0.0,0.0,0.0
421,FALSE,2.786606311798096,0.0,0.0,0.0,0.0
422,TRUE,2.2902603149414062,0.0,0.0,0.0,0.0
423,FALSE,2.1361098289489746,0.0,0.0,0.0,0.0
424,FALSE,0.0,0.0,0.0,0.0,0.0
425,FALSE,2.8020591735839844,0.0,0.0,0.0,0.0
426,FALSE,2.789548873901367,0.0,0.0,0.0,0.0
427,FALSE,0.0,0.0,0.0,0.0,0.0
428,TRUE,2.5244059562683105,0.0,0.0,0.0,0.0
429,FALSE,2.6447715759277344,0.0,0.0,0.0,0.0
430,FALSE,0.0,0.0,0.0,0.0,0.0
431,FALSE,0.0,0.0,0.0,0.0,0.0
432,TRUE,1.6797274351119995,0.0,0.0,0.0,0.0
433,FALSE,0.0,0.0,0.0,0.0,0.0
434,FALSE,2.9943947792053223,0.0,0.0,0.0,0.0
435,FALSE,0.0,0.0,0.0,0.0,0.0
436,FALSE,2.915990829467773,0.0,0.0,0.0,0.0
437,FALSE,2.3053367137908936,0.0,0.0,0.0,0.0
438,FALSE,0.0,0.0,0.0,0.0,0.0
439,FALSE,2.508708000183105,0.0,0.0,0.0,0.0
440,FALSE,0.0,0.0,0.0,0.0,0.0
441,FALSE,0.0,0.0,0.0,0.0,0.0
442,FALSE,2.713584423065185,0.0,0.0,0.0,0.0
443,FALSE,3.1866044998168945,0.0,0.0,0.0,0.0
444,FALSE,2.9354496002197266,0.0,0.0,0.0,0.0
445,FALSE,0.0,0.0,0.0,0.0,0.0
446,FALSE,2.1554384231567383,0.0,0.0,0.0,0.0
447,FALSE,0.0,0.0,0.0,0.0,0.0
448,FALSE,2.355201244354248,0.0,0.0,0.0,0.0
449,FALSE,0.0,0.0,0.0,0.0,0.0
450,FALSE,0.0,0.0,0.0,0.0,0.0
451,FALSE,2.7890889644622803,0.0,0.0,0.0,0.0
452,FALSE,2.6227078437805176,0.0,0.0,0.0,0.0
453,FALSE,2.6393184661865234,0.0,0.0,0.0,0.0
454,FALSE,0.0,0.0,0.0,0.0,0.0
455,FALSE,2.9996352195739746,0.0,0.0,0.0,0.0
456,FALSE,0.0,0.0,0.0,0.0,0.0
457,FALSE,2.318588256835937,0.0,0.0,0.0,0.0
458,FALSE,2.4311845302581787,0.0,0.0,0.0,0.0
459,FALSE,2.3699021339416504,0.0,0.0,0.0,0.0
460,FALSE,2.848637104034424,0.0,0.0,0.0,0.0
461,FALSE,2.566877841949463,0.0,0.0,0.0,0.0
462,FALSE,2.944571256637573,0.0,0.0,0.0,0.0
463,FALSE,2.2701120376586914,0.0,0.0,0.0,0.0
464,TRUE,2.230266094207764,0.0,0.0,0.0,0.0
465,FALSE,3.3966169357299805,0.0,0.0,0.0,0.0
466,FALSE,0.0,0.0,0.0,0.0,0.0
467,TRUE,0.0,0.0,0.0,0.0,0.0
468,TRUE,2.4872403144836426,0.0,0.0,0.0,0.0
469,FALSE,2.795286178588867,0.0,0.0,0.0,0.0
470,FALSE,2.6759679317474365,0.0,0.0,0.0,0.0
471,FALSE,2.7259583473205566,0.0,0.0,0.0,0.0
472,FALSE,0.0,0.0,0.0,0.0,0.0
473,FALSE,2.8456854820251465,0.0,0.0,0.0,0.0
474,FALSE,2.783085823059082,0.0,0.0,0.0,0.0
475,TRUE,1.5932523012161257,0.0,0.0,0.0,0.0
476,FALSE,3.068194627761841,0.0,0.0,0.0,0.0
477,FALSE,2.546928644180298,0.0,0.0,0.0,0.0
478,FALSE,2.271379947662353,0.0,0.0,0.0,0.0
479,FALSE,2.6182072162628174,0.0,0.0,0.0,0.0
480,FALSE,0.0,0.0,0.0,0.0,0.0
481,FALSE,0.0,0.0,0.0,0.0,0.0
482,FALSE,2.596157550811768,0.0,0.0,0.0,0.0
483,FALSE,2.2664284706115723,0.0,0.0,0.0,0.0
484,FALSE,3.2020697593688965,0.0,0.0,0.0,0.0
485,FALSE,3.3573288917541504,0.0,0.0,0.0,0.0
486,FALSE,2.067422866821289,0.0,0.0,0.0,0.0
487,FALSE,2.5658278465271,0.0,0.0,0.0,0.0
488,TRUE,2.352716445922852,0.0,0.0,0.0,0.0
489,FALSE,2.7647061347961426,0.0,0.0,0.0,0.0
490,TRUE,2.179780960083008,0.0,0.0,0.0,0.0
491,FALSE,0.0,0.0,0.0,0.0,0.0
492,FALSE,2.342982292175293,0.0,0.0,0.0,0.0
493,FALSE,2.9781627655029297,0.0,0.0,0.0,0.0
494,FALSE,2.706193923950196,0.0,0.0,0.0,0.0
495,FALSE,0.0,0.0,0.0,0.0,0.0
496,FALSE,3.1079509258270264,0.0,0.0,0.0,0.0
497,FALSE,2.352015733718872,0.0,0.0,0.0,0.0
498,FALSE,2.0851891040802,0.0,0.0,0.0,0.0
499,FALSE,2.513603687286377,0.0,0.0,0.0,0.0
500,FALSE,2.681882381439209,0.0,0.0,0.0,0.0
501,FALSE,2.512214183807373,0.0,0.0,0.0,0.0
502,FALSE,2.2949047088623047,0.0,0.0,0.0,0.0
503,FALSE,2.6150496006011963,0.0,0.0,0.0,0.0
504,FALSE,0.0,0.0,0.0,0.0,0.0
505,FALSE,3.349251270294189,0.0,0.0,0.0,0.0
506,FALSE,2.737417697906494,0.0,0.0,0.0,0.0
507,TRUE,0.0,0.0,0.0,0.0,0.0
508,FALSE,0.0,0.0,0.0,0.0,0.0
509,FALSE,3.418720245361328,0.0,0.0,0.0,0.0
510,FALSE,2.917508125305176,0.0,0.0,0.0,0.0
511,FALSE,3.0037055015563965,0.0,0.0,0.0,0.0
512,FALSE,2.761681079864502,0.0,0.0,0.0,0.0
513,FALSE,2.9498050212860107,0.0,0.0,0.0,0.0
514,FALSE,2.60819673538208,0.0,0.0,0.0,0.0
515,FALSE,2.488323211669922,0.0,0.0,0.0,0.0
516,FALSE,2.9380807876586914,0.0,0.0,0.0,0.0
517,FALSE,2.563517093658448,0.0,0.0,0.0,0.0
518,TRUE,2.5872507095336914,0.0,0.0,0.0,0.0
519,FALSE,2.5209548473358154,0.0,0.0,0.0,0.0
520,FALSE,2.4501280784606934,0.0,0.0,0.0,0.0
521,FALSE,2.413126468658448,0.0,0.0,0.0,0.0
522,FALSE,2.081684112548828,0.0,0.0,0.0,0.0
523,FALSE,2.765460729598999,0.0,0.0,0.0,0.0
524,FALSE,2.294893741607666,0.0,0.0,0.0,0.0
525,FALSE,0.0,0.0,0.0,0.0,0.0
526,FALSE,2.3311996459960938,0.0,0.0,0.0,0.0
527,FALSE,2.5760624408721924,0.0,0.0,0.0,0.0
528,FALSE,2.794853687286377,0.0,0.0,0.0,0.0
529,FALSE,3.380296230316162,0.0,0.0,0.0,0.0
530,FALSE,2.664863586425781,0.0,0.0,0.0,0.0
531,FALSE,2.866206645965576,0.0,0.0,0.0,0.0
532,TRUE,2.06459641456604,0.0,0.0,0.0,0.0
533,FALSE,2.0436110496521,0.0,0.0,0.0,0.0
534,FALSE,2.324391365051269,0.0,0.0,0.0,0.0
535,TRUE,0.0,0.0,0.0,0.0,0.0
536,FALSE,0.0,0.0,0.0,0.0,0.0
537,TRUE,0.0,0.0,0.0,0.0,0.0
538,FALSE,2.5534820556640625,0.0,0.0,0.0,0.0
539,FALSE,2.317927598953247,0.0,0.0,0.0,0.0
540,FALSE,2.9569244384765625,0.0,0.0,0.0,0.0
541,FALSE,2.915994644165039,0.0,0.0,0.0,0.0
542,FALSE,2.610273838043213,0.0,0.0,0.0,0.0
543,FALSE,0.0,0.0,0.0,0.0,0.0
544,FALSE,2.284170150756836,0.0,0.0,0.0,0.0
545,FALSE,0.0,0.0,0.0,0.0,0.0
546,FALSE,2.28197979927063,0.0,0.0,0.0,0.0
547,FALSE,2.486398458480835,0.0,0.0,0.0,0.0
548,FALSE,0.0,0.0,0.0,0.0,0.0
549,FALSE,2.5343337059021,0.0,0.0,0.0,0.0
550,FALSE,2.5846176147460938,0.0,0.0,0.0,0.0
551,FALSE,0.0,0.0,0.0,0.0,0.0
552,FALSE,3.0873358249664307,0.0,0.0,0.0,0.0
553,FALSE,2.491358757019043,0.0,0.0,0.0,0.0
554,FALSE,2.924187183380127,0.0,0.0,0.0,0.0
555,FALSE,2.23682165145874,0.0,0.0,0.0,0.0
556,TRUE,2.203377723693848,0.0,0.0,0.0,0.0
557,FALSE,3.896127223968506,0.0,0.0,0.0,0.0
558,FALSE,3.367459297180176,0.0,0.0,0.0,0.0
559,FALSE,3.223631858825684,0.0,0.0,0.0,0.0
560,FALSE,4.322350025177002,0.0,0.0,0.0,0.0
561,TRUE,4.713936805725098,0.0,0.0,0.0,0.0
562,FALSE,4.067041873931885,0.0,0.0,0.0,0.0
563,FALSE,4.910834789276123,0.0,0.0,0.0,0.0
564,FALSE,3.813870906829834,0.0,0.0,0.0,0.0
565,FALSE,4.124860763549805,0.0,0.0,0.0,0.0
566,FALSE,4.530042171478272,0.0,0.0,0.0,0.0
567,FALSE,4.3299431800842285,0.0,0.0,0.0,0.0
568,FALSE,4.395630359649658,0.0,0.0,0.0,0.0
569,FALSE,4.131192684173584,0.0,0.0,0.0,0.0
570,FALSE,0.0,0.0,0.0,0.0,0.0
571,FALSE,4.163106441497803,0.0,0.0,0.0,0.0
572,FALSE,4.008219242095947,0.0,0.0,0.0,0.0
573,FALSE,5.019926071166992,0.0,0.0,0.0,0.0
574,FALSE,4.575479030609131,0.0,0.0,0.0,0.0
575,FALSE,4.097108840942383,0.0,0.0,0.0,0.0
576,FALSE,5.212438106536865,0.0,0.0,0.0,0.0
577,TRUE,3.949897766113281,0.0,0.0,0.0,0.0
578,FALSE,4.647891521453857,0.0,0.0,0.0,0.0
579,FALSE,0.0,0.0,0.0,0.0,0.0
580,FALSE,4.197909832000732,0.0,0.0,0.0,0.0
581,FALSE,5.203150272369385,0.0,0.0,0.0,0.0
582,FALSE,3.9433798789978014,0.0,0.0,0.0,0.0
583,FALSE,4.2874369621276855,0.0,0.0,0.0,0.0
584,FALSE,3.236938714981079,0.0,0.0,0.0,0.0
585,FALSE,4.327727317810059,0.0,0.0,0.0,0.0
586,FALSE,0.0,0.0,0.0,0.0,0.0
587,FALSE,5.305309772491455,0.0,0.0,0.0,0.0
588,FALSE,4.2611403465271,0.0,0.0,0.0,0.0
589,FALSE,4.862948417663574,0.0,0.0,0.0,0.0
590,FALSE,4.822144031524658,0.0,0.0,0.0,0.0
591,TRUE,5.4322381019592285,0.0,0.0,0.0,0.0
592,FALSE,3.8948183059692383,0.0,0.0,0.0,0.0
593,FALSE,5.035428524017334,0.0,0.0,0.0,0.0
594,FALSE,4.5335869789123535,0.0,0.0,0.0,0.0
595,FALSE,4.248178958892822,0.0,0.0,0.0,0.0
596,FALSE,4.505630493164063,0.0,0.0,0.0,0.0
597,FALSE,0.0,0.0,0.0,0.0,0.0
598,FALSE,4.683192253112793,0.0,0.0,0.0,0.0
599,FALSE,4.580652713775635,0.0,0.0,0.0,0.0
600,FALSE,3.29976224899292,0.0,0.0,0.0,0.0
601,FALSE,4.718725681304932,0.0,0.0,0.0,0.0
602,FALSE,4.563637733459473,0.0,0.0,0.0,0.0
603,FALSE,4.28613805770874,0.0,0.0,0.0,0.0
604,FALSE,3.775355815887451,0.0,0.0,0.0,0.0
605,FALSE,3.0876686573028564,0.0,0.0,0.0,0.0
606,FALSE,3.603487491607666,0.0,0.0,0.0,0.0
607,FALSE,4.70530366897583,0.0,0.0,0.0,0.0
608,FALSE,4.662843227386475,0.0,0.0,0.0,0.0
609,FALSE,4.121537208557129,0.0,0.0,0.0,0.0
610,FALSE,0.0,0.0,0.0,0.0,0.0
611,FALSE,0.0,0.0,0.0,0.0,0.0
612,FALSE,3.679988384246826,0.0,0.0,0.0,0.0
613,FALSE,4.161847114562988,0.0,0.0,0.0,0.0
614,FALSE,3.500277280807495,0.0,0.0,0.0,0.0
615,FALSE,5.169034957885742,0.0,0.0,0.0,0.0
616,FALSE,4.180501937866211,0.0,0.0,0.0,0.0
617,FALSE,5.1624016761779785,0.0,0.0,0.0,0.0
618,FALSE,3.704955577850342,0.0,0.0,0.0,0.0
619,FALSE,3.619417190551758,0.0,0.0,0.0,0.0
620,FALSE,4.540693759918213,0.0,0.0,0.0,0.0
621,FALSE,4.332614898681641,0.0,0.0,0.0,0.0
622,FALSE,4.001574993133545,0.0,0.0,0.0,0.0
623,FALSE,4.433905124664307,0.0,0.0,0.0,0.0
624,FALSE,3.226794719696045,0.0,0.0,0.0,0.0
625,FALSE,4.18103551864624,0.0,0.0,0.0,0.0
626,FALSE,0.0,0.0,0.0,0.0,0.0
627,FALSE,0.0,0.0,0.0,0.0,0.0
628,TRUE,3.451521396636963,0.0,0.0,0.0,0.0
629,FALSE,3.2287240028381348,0.0,0.0,0.0,0.0
630,FALSE,3.543809652328491,0.0,0.0,0.0,0.0
631,FALSE,4.582669734954834,0.0,0.0,0.0,0.0
632,FALSE,4.505007266998291,0.0,0.0,0.0,0.0
633,FALSE,0.0,0.0,0.0,0.0,0.0
634,FALSE,0.0,0.0,0.0,0.0,0.0
635,FALSE,4.3593597412109375,0.0,0.0,0.0,0.0
636,FALSE,3.763166904449463,0.0,0.0,0.0,0.0
637,FALSE,3.959388732910156,0.0,0.0,0.0,0.0
638,FALSE,4.364541053771973,0.0,0.0,0.0,0.0
639,FALSE,4.919121742248535,0.0,0.0,0.0,0.0
640,FALSE,4.704472541809082,0.0,0.0,0.0,0.0
641,FALSE,5.020171642303467,0.0,0.0,0.0,0.0
642,FALSE,4.875694274902344,0.0,0.0,0.0,0.0
643,TRUE,3.931638717651367,0.0,0.0,0.0,0.0
644,FALSE,5.054929733276367,0.0,0.0,0.0,0.0
645,FALSE,4.147292613983154,0.0,0.0,0.0,0.0
646,FALSE,4.190659523010254,0.0,0.0,0.0,0.0
647,FALSE,4.649560451507568,0.0,0.0,0.0,0.0
648,FALSE,3.80765962600708,0.0,0.0,0.0,0.0
649,FALSE,3.540602684020996,0.0,0.0,0.0,0.0
650,FALSE,3.3343253135681152,0.0,0.0,0.0,0.0
651,FALSE,3.818756341934204,0.0,0.0,0.0,0.0
652,TRUE,3.984261274337769,0.0,0.0,0.0,0.0
653,FALSE,3.940485000610352,0.0,0.0,0.0,0.0
654,FALSE,3.572377443313598,0.0,0.0,0.0,0.0
655,FALSE,4.397035121917725,0.0,0.0,0.0,0.0
656,FALSE,3.484487533569336,0.0,0.0,0.0,0.0
657,FALSE,3.8247342109680176,0.0,0.0,0.0,0.0
658,FALSE,0.0,0.0,0.0,0.0,0.0
659,FALSE,4.13504695892334,0.0,0.0,0.0,0.0
660,FALSE,5.055556774139404,0.0,0.0,0.0,0.0
661,FALSE,4.928337574005127,0.0,0.0,0.0,0.0
662,TRUE,4.254260540008545,0.0,0.0,0.0,0.0
663,FALSE,4.061774253845215,0.0,0.0,0.0,0.0
664,FALSE,4.388951778411865,0.0,0.0,0.0,0.0
665,FALSE,3.751130342483521,0.0,0.0,0.0,0.0
666,FALSE,3.962013483047485,0.0,0.0,0.0,0.0
667,FALSE,3.4692530632019043,0.0,0.0,0.0,0.0
668,FALSE,3.4766182899475098,0.0,0.0,0.0,0.0
669,FALSE,0.0,0.0,0.0,0.0,0.0
670,FALSE,4.422364711761475,0.0,0.0,0.0,0.0
671,FALSE,3.110114097595215,0.0,0.0,0.0,0.0
672,FALSE,4.698544025421143,0.0,0.0,0.0,0.0
673,TRUE,5.420875072479248,0.0,0.0,0.0,0.0
674,FALSE,4.896267414093018,0.0,0.0,0.0,0.0
675,TRUE,3.6136276721954346,0.0,0.0,0.0,0.0
676,FALSE,0.0,0.0,0.0,0.0,0.0
677,FALSE,3.199747085571289,0.0,0.0,0.0,0.0
678,FALSE,3.579094886779785,0.0,0.0,0.0,0.0
679,FALSE,4.118018627166748,0.0,0.0,0.0,0.0
680,FALSE,4.160785675048828,0.0,0.0,0.0,0.0
681,FALSE,5.184132099151611,0.0,0.0,0.0,0.0
682,FALSE,5.016360759735107,0.0,0.0,0.0,0.0
683,FALSE,4.229894161224365,0.0,0.0,0.0,0.0
684,FALSE,4.031201362609863,0.0,0.0,0.0,0.0
685,FALSE,0.0,0.0,0.0,0.0,0.0
686,FALSE,3.623325824737549,0.0,0.0,0.0,0.0
687,FALSE,3.3860983848571777,0.0,0.0,0.0,0.0
688,FALSE,4.590205192565918,0.0,0.0,0.0,0.0
689,TRUE,3.9960970878601074,0.0,0.0,0.0,0.0
690,FALSE,0.0,0.0,0.0,0.0,0.0
691,FALSE,4.172332286834717,0.0,0.0,0.0,0.0
692,FALSE,0.0,0.0,0.0,0.0,0.0
693,FALSE,3.168402671813965,0.0,0.0,0.0,0.0
694,FALSE,5.119566440582275,0.0,0.0,0.0,0.0
695,TRUE,4.217250347137451,0.0,0.0,0.0,0.0
696,FALSE,5.123254776000977,0.0,0.0,0.0,0.0
697,FALSE,4.705965518951416,0.0,0.0,0.0,0.0
698,FALSE,4.756358623504639,0.0,0.0,0.0,0.0
699,FALSE,4.233701705932617,0.0,0.0,0.0,0.0
700,FALSE,4.027111053466797,0.0,0.0,0.0,0.0
701,FALSE,4.481109619140625,0.0,0.0,0.0,0.0
702,FALSE,4.558543205261231,0.0,0.0,0.0,0.0
703,FALSE,4.471999645233154,0.0,0.0,0.0,0.0
704,FALSE,4.432436466217041,0.0,0.0,0.0,0.0
705,FALSE,4.525160312652588,0.0,0.0,0.0,0.0
706,FALSE,4.287262916564941,0.0,0.0,0.0,0.0
707,FALSE,3.958826303482056,0.0,0.0,0.0,0.0
708,FALSE,4.4379730224609375,0.0,0.0,0.0,0.0
709,TRUE,4.470672130584717,0.0,0.0,0.0,0.0
710,FALSE,4.129479885101318,0.0,0.0,0.0,0.0
711,TRUE,4.275959014892578,0.0,0.0,0.0,0.0
712,FALSE,3.797691822052002,0.0,0.0,0.0,0.0
713,FALSE,3.57019567489624,0.0,0.0,0.0,0.0
714,FALSE,4.377390384674072,0.0,0.0,0.0,0.0
715,FALSE,4.567836284637451,0.0,0.0,0.0,0.0
716,FALSE,3.77092218399048,0.0,0.0,0.0,0.0
717,FALSE,4.843056678771973,0.0,0.0,0.0,0.0
718,TRUE,4.46187162399292,0.0,0.0,0.0,0.0
719,FALSE,0.0,0.0,0.0,0.0,0.0
720,FALSE,4.58626127243042,0.0,0.0,0.0,0.0
721,FALSE,4.127444744110107,0.0,0.0,0.0,0.0
722,TRUE,4.217841148376465,0.0,0.0,0.0,0.0
723,FALSE,4.507838726043701,0.0,0.0,0.0,0.0
724,FALSE,3.7111599445343018,0.0,0.0,0.0,0.0
725,FALSE,5.017432689666748,0.0,0.0,0.0,0.0
726,FALSE,4.192881107330322,0.0,0.0,0.0,0.0
727,FALSE,3.265141487121582,0.0,0.0,0.0,0.0
728,FALSE,4.984537601470947,0.0,0.0,0.0,0.0
729,FALSE,5.114660263061523,0.0,0.0,0.0,0.0
730,FALSE,3.715846061706543,0.0,0.0,0.0,0.0
731,FALSE,4.450321674346924,0.0,0.0,0.0,0.0
732,FALSE,4.0015869140625,0.0,0.0,0.0,0.0
733,FALSE,4.668817520141602,0.0,0.0,0.0,0.0
734,FALSE,3.503833293914795,0.0,0.0,0.0,0.0
735,FALSE,2.4970569610595703,0.0,0.0,0.0,0.0
736,FALSE,2.4824557304382324,0.0,0.0,0.0,0.0
737,FALSE,0.0,0.0,0.0,0.0,0.0
738,FALSE,2.408515453338623,0.0,0.0,0.0,0.0
739,FALSE,0.0,0.0,0.0,0.0,0.0
740,FALSE,2.607731819152832,0.0,0.0,0.0,0.0
741,FALSE,0.0,0.0,0.0,0.0,0.0
742,FALSE,2.666670799255371,0.0,0.0,0.0,0.0
743,FALSE,2.168928623199463,0.0,0.0,0.0,0.0
744,FALSE,2.29697322845459,0.0,0.0,0.0,0.0
745,FALSE,2.589082956314087,0.0,0.0,0.0,0.0
746,FALSE,2.4202823638916016,0.0,0.0,0.0,0.0
747,TRUE,0.0,0.0,0.0,0.0,0.0
748,TRUE,1.7708059549331665,0.0,0.0,0.0,0.0
749,TRUE,0.0,0.0,0.0,0.0,0.0
750,FALSE,2.605661392211914,0.0,0.0,0.0,0.0
751,FALSE,2.220284938812256,0.0,0.0,0.0,0.0
752,FALSE,2.5509328842163086,0.0,0.0,0.0,0.0
753,FALSE,2.717698574066162,0.0,0.0,0.0,0.0
754,FALSE,0.0,0.0,0.0,0.0,0.0
755,FALSE,2.516451835632324,0.0,0.0,0.0,0.0
756,FALSE,2.336809635162353,0.0,0.0,0.0,0.0
757,FALSE,2.223418712615967,0.0,0.0,0.0,0.0
758,FALSE,0.0,0.0,0.0,0.0,0.0
759,TRUE,2.3359639644622803,0.0,0.0,0.0,0.0
760,FALSE,2.6699647903442383,0.0,0.0,0.0,0.0
761,FALSE,2.6206626892089844,0.0,0.0,0.0,0.0
762,FALSE,2.599168300628662,0.0,0.0,0.0,0.0
763,FALSE,2.7878479957580566,0.0,0.0,0.0,0.0
764,FALSE,2.23466420173645,0.0,0.0,0.0,0.0
765,FALSE,0.0,0.0,0.0,0.0,0.0
766,FALSE,2.5383830070495605,0.0,0.0,0.0,0.0
767,TRUE,0.0,0.0,0.0,0.0,0.0
768,FALSE,0.0,0.0,0.0,0.0,0.0
769,TRUE,2.6640682220458984,0.0,0.0,0.0,0.0
770,FALSE,0.0,0.0,0.0,0.0,0.0
771,TRUE,0.0,0.0,0.0,0.0,0.0
772,FALSE,2.7197911739349365,0.0,0.0,0.0,0.0
773,FALSE,2.600776195526123,0.0,0.0,0.0,0.0
774,FALSE,2.6802124977111816,0.0,0.0,0.0,0.0
775,FALSE,2.593574047088623,0.0,0.0,0.0,0.0
776,FALSE,2.6544406414031982,0.0,0.0,0.0,0.0
777,FALSE,2.705779790878296,0.0,0.0,0.0,0.0
778,FALSE,2.389289617538452,0.0,0.0,0.0,0.0
779,FALSE,0.0,0.0,0.0,0.0,0.0
780,FALSE,2.665413856506348,0.0,0.0,0.0,0.0
781,FALSE,0.0,0.0,0.0,0.0,0.0
782,FALSE,2.7567617893218994,0.0,0.0,0.0,0.0
783,FALSE,2.721441507339477,0.0,0.0,0.0,0.0
784,FALSE,2.801095485687256,0.0,0.0,0.0,0.0
785,FALSE,0.0,0.0,0.0,0.0,0.0
786,FALSE,2.5922179222106934,0.0,0.0,0.0,0.0
787,FALSE,2.7062129974365234,0.0,0.0,0.0,0.0
788,TRUE,2.494440078735352,0.0,0.0,0.0,0.0
789,FALSE,2.722994565963745,0.0,0.0,0.0,0.0
790,FALSE,2.7095868587493896,0.0,0.0,0.0,0.0
791,FALSE,0.0,0.0,0.0,0.0,0.0
792,FALSE,2.525287628173828,0.0,0.0,0.0,0.0
793,FALSE,2.4456472396850586,0.0,0.0,0.0,0.0
794,FALSE,2.721900463104248,0.0,0.0,0.0,0.0
795,FALSE,2.726597785949707,0.0,0.0,0.0,0.0
796,FALSE,2.6800897121429443,0.0,0.0,0.0,0.0
797,FALSE,2.588750123977661,0.0,0.0,0.0,0.0
798,FALSE,0.0,0.0,0.0,0.0,0.0
799,FALSE,2.678846836090088,0.0,0.0,0.0,0.0
800,FALSE,0.0,0.0,0.0,0.0,0.0
801,FALSE,2.784032821655273,0.0,0.0,0.0,0.0
802,FALSE,2.690851211547852,0.0,0.0,0.0,0.0
803,FALSE,2.6780238151550293,0.0,0.0,0.0,0.0
804,FALSE,2.7191319465637207,0.0,0.0,0.0,0.0
805,FALSE,0.0,0.0,0.0,0.0,0.0
806,FALSE,2.4296796321868896,0.0,0.0,0.0,0.0
807,TRUE,0.0,0.0,0.0,0.0,0.0
808,TRUE,2.486898422241211,0.0,0.0,0.0,0.0
809,FALSE,2.364706516265869,0.0,0.0,0.0,0.0
810,FALSE,2.691081523895264,0.0,0.0,0.0,0.0
811,FALSE,2.76300048828125,0.0,0.0,0.0,0.0
812,FALSE,2.7266175746917725,0.0,0.0,0.0,0.0
813,FALSE,2.759138584136963,0.0,0.0,0.0,0.0
814,FALSE,2.725940227508545,0.0,0.0,0.0,0.0
815,FALSE,2.4598751068115234,0.0,0.0,0.0,0.0
816,FALSE,0.0,0.0,0.0,0.0,0.0
817,FALSE,2.72932767868042,0.0,0.0,0.0,0.0
818,FALSE,2.761421203613281,0.0,0.0,0.0,0.0
819,FALSE,0.0,0.0,0.0,0.0,0.0
820,FALSE,2.76326847076416,0.0,0.0,0.0,0.0
821,FALSE,2.766713380813598,0.0,0.0,0.0,0.0
822,FALSE,2.6881215572357178,0.0,0.0,0.0,0.0
823,FALSE,2.646170139312744,0.0,0.0,0.0,0.0
824,TRUE,2.492710828781128,0.0,0.0,0.0,0.0
825,FALSE,2.5839195251464844,0.0,0.0,0.0,0.0
826,FALSE,2.417034149169922,0.0,0.0,0.0,0.0
827,TRUE,0.0,0.0,0.0,0.0,0.0
828,FALSE,0.0,0.0,0.0,0.0,0.0
829,FALSE,0.0,0.0,0.0,0.0,0.0
830,FALSE,2.61123275756836,0.0,0.0,0.0,0.0
831,FALSE,2.7618727684021,0.0,0.0,0.0,0.0
832,FALSE,0.0,0.0,0.0,0.0,0.0
833,FALSE,0.0,0.0,0.0,0.0,0.0
834,FALSE,0.0,0.0,0.0,0.0,0.0
835,FALSE,0.0,0.0,0.0,0.0,0.0
836,FALSE,2.810565948486328,0.0,0.0,0.0,0.0
837,FALSE,2.830399990081787,0.0,0.0,0.0,0.0
838,TRUE,2.3205370903015137,0.0,0.0,0.0,0.0
839,FALSE,2.647073268890381,0.0,0.0,0.0,0.0
840,TRUE,2.580927610397339,0.0,0.0,0.0,0.0
841,FALSE,2.7272000312805176,0.0,0.0,0.0,0.0
842,FALSE,2.7744388580322266,0.0,0.0,0.0,0.0
843,TRUE,2.6525750160217285,0.0,0.0,0.0,0.0
844,FALSE,2.7283716201782227,0.0,0.0,0.0,0.0
845,FALSE,2.691161632537842,0.0,0.0,0.0,0.0
846,FALSE,0.0,0.0,0.0,0.0,0.0
847,FALSE,2.687359094619751,0.0,0.0,0.0,0.0
848,FALSE,0.0,0.0,0.0,0.0,0.0
849,FALSE,2.7337756156921387,0.0,0.0,0.0,0.0
850,FALSE,2.810739040374756,0.0,0.0,0.0,0.0
851,FALSE,0.0,0.0,0.0,0.0,0.0
852,FALSE,2.514571189880371,0.0,0.0,0.0,0.0
853,FALSE,2.5903940200805664,0.0,0.0,0.0,0.0
854,FALSE,2.343711853027344,0.0,0.0,0.0,0.0
855,TRUE,0.0,0.0,0.0,0.0,0.0
856,FALSE,2.75296688079834,0.0,0.0,0.0,0.0
857,FALSE,2.7472259998321533,0.0,0.0,0.0,0.0
858,FALSE,2.565511703491211,0.0,0.0,0.0,0.0
859,TRUE,0.0,0.0,0.0,0.0,0.0
860,FALSE,0.0,0.0,0.0,0.0,0.0
861,FALSE,2.3654050827026367,0.0,0.0,0.0,0.0
862,FALSE,2.0475761890411377,0.0,0.0,0.0,0.0
863,FALSE,2.2897212505340576,0.0,0.0,0.0,0.0
864,FALSE,2.6843032836914062,0.0,0.0,0.0,0.0
865,TRUE,2.3494718074798584,0.0,0.0,0.0,0.0
866,FALSE,2.343703269958496,0.0,0.0,0.0,0.0
867,FALSE,2.950601577758789,0.0,0.0,0.0,0.0
868,FALSE,2.8576085567474365,0.0,0.0,0.0,0.0
869,FALSE,2.662459373474121,0.0,0.0,0.0,0.0
870,FALSE,0.0,0.0,0.0,0.0,0.0
871,FALSE,2.908200740814209,0.0,0.0,0.0,0.0
872,FALSE,2.722641706466675,0.0,0.0,0.0,0.0
873,FALSE,2.7868785858154297,0.0,0.0,0.0,0.0
874,TRUE,2.661560297012329,0.0,0.0,0.0,0.0
875,FALSE,2.67101526260376,0.0,0.0,0.0,0.0
876,FALSE,2.7027597427368164,0.0,0.0,0.0,0.0
877,FALSE,0.0,0.0,0.0,0.0,0.0
878,FALSE,2.715592622756958,0.0,0.0,0.0,0.0
879,TRUE,2.653212070465088,0.0,0.0,0.0,0.0
880,FALSE,2.545849323272705,0.0,0.0,0.0,0.0
881,FALSE,2.497587442398072,0.0,0.0,0.0,0.0
882,FALSE,2.705873966217041,0.0,0.0,0.0,0.0
883,FALSE,2.367205619812012,0.0,0.0,0.0,0.0
884,FALSE,0.0,0.0,0.0,0.0,0.0
885,FALSE,0.0,0.0,0.0,0.0,0.0
886,FALSE,0.0,0.0,0.0,0.0,0.0
887,TRUE,2.2906956672668457,0.0,0.0,0.0,0.0
888,FALSE,0.0,0.0,0.0,0.0,0.0
889,FALSE,2.689481735229492,0.0,0.0,0.0,0.0
890,FALSE,2.697265148162842,0.0,0.0,0.0,0.0
891,FALSE,2.733142852783203,0.0,0.0,0.0,0.0
892,FALSE,2.5990114212036133,0.0,0.0,0.0,0.0
893,FALSE,2.6465983390808105,0.0,0.0,0.0,0.0
894,FALSE,2.5918567180633545,0.0,0.0,0.0,0.0
895,FALSE,0.0,0.0,0.0,0.0,0.0
896,FALSE,2.6956787109375,0.0,0.0,0.0,0.0
897,FALSE,0.0,0.0,0.0,0.0,0.0
898,FALSE,2.509312391281128,0.0,0.0,0.0,0.0
899,TRUE,2.7090892791748047,0.0,0.0,0.0,0.0
900,FALSE,2.657381296157837,0.0,0.0,0.0,0.0
901,TRUE,0.0,0.0,0.0,0.0,0.0
902,FALSE,0.0,0.0,0.0,0.0,0.0
903,FALSE,0.0,0.0,0.0,0.0,0.0
904,FALSE,0.0,0.0,0.0,0.0,0.0
905,FALSE,2.7290234565734863,0.0,0.0,0.0,0.0
906,FALSE,0.0,0.0,0.0,0.0,0.0
907,TRUE,2.676408290863037,0.0,0.0,0.0,0.0
908,TRUE,0.0,0.0,0.0,0.0,0.0
909,FALSE,2.556835174560547,0.0,0.0,0.0,0.0
910,FALSE,0.0,0.0,0.0,0.0,0.0
911,FALSE,2.8099751472473145,0.0,0.0,0.0,0.0
912,TRUE,2.664562702178955,0.0,0.0,0.0,0.0
913,FALSE,3.9886162281036377,0.0,0.0,0.0,0.0
914,FALSE,4.240774631500244,0.0,0.0,0.0,0.0
915,FALSE,4.310129165649414,0.0,0.0,0.0,0.0
916,TRUE,4.1475043296813965,0.0,0.0,0.0,0.0
917,FALSE,4.637649059295654,0.0,0.0,0.0,0.0
918,TRUE,0.0,0.0,0.0,0.0,0.0
919,FALSE,4.178446292877197,0.0,0.0,0.0,0.0
920,FALSE,4.660388469696045,0.0,0.0,0.0,0.0
921,FALSE,4.451864719390869,0.0,0.0,0.0,0.0
922,FALSE,3.515254020690918,0.0,0.0,0.0,0.0
923,TRUE,4.197403430938721,0.0,0.0,0.0,0.0
924,TRUE,5.108692169189453,0.0,0.0,0.0,0.0
925,FALSE,4.212703227996826,0.0,0.0,0.0,0.0
926,TRUE,0.0,0.0,0.0,0.0,0.0
927,FALSE,4.248884677886963,0.0,0.0,0.0,0.0
928,FALSE,4.364925861358643,0.0,0.0,0.0,0.0
929,FALSE,4.181708812713623,0.0,0.0,0.0,0.0
930,FALSE,4.367625236511231,0.0,0.0,0.0,0.0
931,FALSE,4.08139705657959,0.0,0.0,0.0,0.0
932,FALSE,4.139461994171143,0.0,0.0,0.0,0.0
933,FALSE,4.062561988830566,0.0,0.0,0.0,0.0
934,FALSE,4.934536457061768,0.0,0.0,0.0,0.0
935,TRUE,5.13328218460083,0.0,0.0,0.0,0.0
936,FALSE,3.848234176635742,0.0,0.0,0.0,0.0
937,FALSE,4.677042007446289,0.0,0.0,0.0,0.0
938,TRUE,0.0,0.0,0.0,0.0,0.0
939,FALSE,4.309495449066162,0.0,0.0,0.0,0.0
940,TRUE,0.0,0.0,0.0,0.0,0.0
941,TRUE,4.201273918151856,0.0,0.0,0.0,0.0
942,TRUE,4.68236255645752,0.0,0.0,0.0,0.0
943,FALSE,3.9036107063293457,0.0,0.0,0.0,0.0
944,FALSE,4.504049777984619,0.0,0.0,0.0,0.0
945,TRUE,0.0,0.0,0.0,0.0,0.0
946,TRUE,5.144556999206543,0.0,0.0,0.0,0.0
947,FALSE,4.327279567718506,0.0,0.0,0.0,0.0
948,FALSE,0.0,0.0,0.0,0.0,0.0
949,FALSE,4.62412166595459,0.0,0.0,0.0,0.0
950,FALSE,4.455462455749512,0.0,0.0,0.0,0.0
951,FALSE,3.967814922332764,0.0,0.0,0.0,0.0
952,FALSE,3.836343288421631,0.0,0.0,0.0,0.0
953,FALSE,3.238016366958618,0.0,0.0,0.0,0.0
954,FALSE,4.241396427154541,0.0,0.0,0.0,0.0
955,FALSE,4.250680923461914,0.0,0.0,0.0,0.0
956,FALSE,4.215209484100342,0.0,0.0,0.0,0.0
957,FALSE,3.911529541015625,0.0,0.0,0.0,0.0
958,FALSE,4.510118007659912,0.0,0.0,0.0,0.0
959,FALSE,4.131500244140625,0.0,0.0,0.0,0.0
960,TRUE,5.128416538238525,0.0,0.0,0.0,0.0
961,FALSE,0.0,0.0,0.0,0.0,0.0
962,FALSE,4.499216556549072,0.0,0.0,0.0,0.0
963,FALSE,3.978944540023804,0.0,0.0,0.0,0.0
964,FALSE,3.94439148902893,0.0,0.0,0.0,0.0
965,TRUE,5.119516849517822,0.0,0.0,0.0,0.0
966,FALSE,4.0208420753479,0.0,0.0,0.0,0.0
967,FALSE,3.973478078842163,0.0,0.0,0.0,0.0
968,FALSE,4.590121746063232,0.0,0.0,0.0,0.0
969,FALSE,4.728392601013184,0.0,0.0,0.0,0.0
970,FALSE,4.078393936157227,0.0,0.0,0.0,0.0
971,FALSE,4.235745906829834,0.0,0.0,0.0,0.0
972,FALSE,4.208580017089844,0.0,0.0,0.0,0.0
973,FALSE,4.085929393768311,0.0,0.0,0.0,0.0
974,FALSE,3.4664907455444336,0.0,0.0,0.0,0.0
975,FALSE,4.249107837677002,0.0,0.0,0.0,0.0
976,TRUE,5.113885402679443,0.0,0.0,0.0,0.0
977,TRUE,5.043879985809326,0.0,0.0,0.0,0.0
978,FALSE,3.94502854347229,0.0,0.0,0.0,0.0
979,FALSE,4.496063232421875,0.0,0.0,0.0,0.0
980,TRUE,4.9491868019104,0.0,0.0,0.0,0.0
981,FALSE,3.952097892761232,0.0,0.0,0.0,0.0
982,FALSE,3.9588894844055176,0.0,0.0,0.0,0.0
983,TRUE,0.0,0.0,0.0,0.0,0.0
984,FALSE,4.630628108978272,0.0,0.0,0.0,0.0
985,FALSE,1.773342490196228,0.0,0.0,0.0,0.0
986,TRUE,0.0,0.0,0.0,0.0,0.0
987,TRUE,1.9158052206039429,0.0,0.0,0.0,0.0
988,TRUE,1.2565141916275024,0.0,0.0,0.0,0.0
989,FALSE,1.626243233680725,0.0,0.0,0.0,0.0
990,FALSE,4.163631916046143,0.0,0.0,0.0,0.0
991,TRUE,0.0,0.0,0.0,0.0,0.0
992,FALSE,2.4408860206604004,0.0,0.0,0.0,0.0
993,FALSE,1.8518246412277224,0.0,0.0,0.0,0.0
994,FALSE,2.451909065246582,0.0,0.0,0.0,0.0
995,FALSE,0.0,0.0,0.0,0.0,0.0
996,FALSE,2.214133977890014,0.0,0.0,0.0,0.0
997,FALSE,1.718531847000122,0.0,0.0,0.0,0.0
998,FALSE,0.0,0.0,0.0,0.0,0.0
999,FALSE,0.8006535768508911,0.0,0.0,0.0,0.0
1000,FALSE,2.1463446617126465,0.0,0.0,0.0,0.0
1001,TRUE,2.4844679832458496,0.0,0.0,0.0,0.0
1002,FALSE,1.958406567573548,0.0,0.0,0.0,0.0
1003,FALSE,1.7147784233093262,0.0,0.0,0.0,0.0
1004,FALSE,0.0,0.0,0.0,0.0,0.0
1005,FALSE,0.0,0.0,0.0,0.0,0.0
1006,TRUE,0.0,0.0,0.0,0.0,0.0
1007,FALSE,1.4974299669265747,0.0,0.0,0.0,0.0
1008,FALSE,0.0,0.0,0.0,0.0,0.0
1009,FALSE,0.0,0.0,0.0,0.0,0.0
1010,TRUE,3.4144515991210938,0.0,0.0,0.0,0.0
1011,FALSE,0.0,0.0,0.0,0.0,0.0
1012,FALSE,1.7736666202545166,0.0,0.0,0.0,0.0
1013,FALSE,2.553473234176636,0.0,0.0,0.0,0.0
1014,TRUE,3.3759751319885254,0.0,0.0,0.0,0.0
1015,FALSE,1.6864889860153198,0.0,0.0,0.0,0.0
1016,FALSE,1.9619938135147093,0.0,0.0,0.0,0.0
1017,TRUE,1.9909576177597048,0.0,0.0,0.0,0.0
1018,FALSE,4.14729118347168,0.0,0.0,0.0,0.0
1019,FALSE,0.0,0.0,0.0,0.0,0.0
1020,FALSE,2.434401035308838,0.0,0.0,0.0,0.0
1021,FALSE,3.8639302253723145,0.0,0.0,0.0,0.0
1022,FALSE,0.0,0.0,0.0,0.0,0.0
1023,FALSE,0.0,0.0,0.0,0.0,0.0
1024,TRUE,0.0,0.0,0.0,0.0,0.0
1025,FALSE,2.485395193099976,0.0,0.0,0.0,0.0
1026,TRUE,0.0,0.0,0.0,0.0,0.0
1027,TRUE,1.1924865245819092,0.0,0.0,0.0,0.0
1028,TRUE,1.900012731552124,0.0,0.0,0.0,0.0
1029,FALSE,3.501882314682007,0.0,0.0,0.0,0.0
1030,FALSE,0.0,0.0,0.0,0.0,0.0
1031,FALSE,3.448289394378662,0.0,0.0,0.0,0.0
1032,FALSE,0.0,0.0,0.0,0.0,0.0
1033,TRUE,0.0,0.0,0.0,0.0,0.0
1034,TRUE,1.946800112724304,0.0,0.0,0.0,0.0
1035,FALSE,1.943631291389465,0.0,0.0,0.0,0.0
1036,FALSE,0.0,0.0,0.0,0.0,0.0
1037,TRUE,0.0,0.0,0.0,0.0,0.0
1038,TRUE,1.6068793535232544,0.0,0.0,0.0,0.0
1039,FALSE,0.8635548949241638,0.0,0.0,0.0,0.0
1040,TRUE,1.6901838779449463,0.0,0.0,0.0,0.0
1041,FALSE,2.0417850017547607,0.0,0.0,0.0,0.0
1042,FALSE,0.0,0.0,0.0,0.0,0.0
1043,FALSE,2.1017167568206787,0.0,0.0,0.0,0.0
1044,TRUE,1.8956438302993768,0.0,0.0,0.0,0.0
1045,FALSE,3.1732892990112305,0.0,0.0,0.0,0.0
1046,TRUE,2.5902252197265625,0.0,0.0,0.0,0.0
1047,TRUE,0.0,0.0,0.0,0.0,0.0
1048,TRUE,2.0775506496429443,0.0,0.0,0.0,0.0
1049,FALSE,2.8127572536468506,0.0,0.0,0.0,0.0
1050,FALSE,2.8229074478149414,0.0,0.0,0.0,0.0
1051,FALSE,1.6739906072616575,0.0,0.0,0.0,0.0
1052,TRUE,2.440706729888916,0.0,0.0,0.0,0.0
1053,FALSE,0.0,0.0,0.0,0.0,0.0
1054,TRUE,3.144925355911255,0.0,0.0,0.0,0.0
1055,FALSE,1.8340003490448,0.0,0.0,0.0,0.0
1056,FALSE,2.084500789642334,0.0,0.0,0.0,0.0
1057,TRUE,2.462297439575196,0.0,0.0,0.0,0.0
1058,FALSE,0.0,0.0,0.0,0.0,0.0
1059,TRUE,0.0,0.0,0.0,0.0,0.0
1060,FALSE,0.0,0.0,0.0,0.0,0.0
1061,FALSE,1.827747106552124,0.0,0.0,0.0,0.0
1062,FALSE,1.9971455335617063,0.0,0.0,0.0,0.0
1063,FALSE,1.1109057664871216,0.0,0.0,0.0,0.0
1064,FALSE,0.0,0.0,0.0,0.0,0.0
1065,FALSE,0.0,0.0,0.0,0.0,0.0
1066,FALSE,2.0388591289520264,0.0,0.0,0.0,0.0
1067,TRUE,1.555564045906067,0.0,0.0,0.0,0.0
1068,TRUE,0.0,0.0,0.0,0.0,0.0
1069,FALSE,2.473501920700073,0.0,0.0,0.0,0.0
1070,TRUE,0.0,0.0,0.0,0.0,0.0
1071,FALSE,0.0,0.0,0.0,0.0,0.0
1072,FALSE,0.0,0.0,0.0,0.0,0.0
1073,TRUE,1.85522735118866,0.0,0.0,0.0,0.0
1074,FALSE,0.0,0.0,0.0,0.0,0.0
1075,FALSE,1.688908338546753,0.0,0.0,0.0,0.0
1076,TRUE,2.336437225341797,0.0,0.0,0.0,0.0
1077,FALSE,2.458362102508545,0.0,0.0,0.0,0.0
1078,FALSE,0.0,0.0,0.0,0.0,0.0
1079,FALSE,0.0,0.0,0.0,0.0,0.0
1080,FALSE,0.0,0.0,0.0,0.0,0.0
1081,FALSE,0.0,0.0,0.0,0.0,0.0
1082,FALSE,0.0,0.0,0.0,0.0,0.0
1083,FALSE,2.133416175842285,0.0,0.0,0.0,0.0
1084,TRUE,2.591571569442749,0.0,0.0,0.0,0.0
1085,FALSE,1.7413512468338013,0.0,0.0,0.0,0.0
1086,FALSE,1.7835749387741089,0.0,0.0,0.0,0.0
1087,FALSE,0.0,0.0,0.0,0.0,0.0
1088,TRUE,0.0,0.0,0.0,0.0,0.0
1089,FALSE,1.9477778673172,0.0,0.0,0.0,0.0
1090,FALSE,2.52239990234375,0.0,0.0,0.0,0.0
1091,TRUE,0.0,0.0,0.0,0.0,0.0
1092,TRUE,0.0,0.0,0.0,0.0,0.0
1093,FALSE,0.0,0.0,0.0,0.0,0.0
1094,TRUE,0.0,0.0,0.0,0.0,0.0
1095,FALSE,2.5294511318206787,0.0,0.0,0.0,0.0
1096,FALSE,1.6365307569503784,0.0,0.0,0.0,0.0
1097,TRUE,0.0,0.0,0.0,0.0,0.0
1098,FALSE,2.4220571517944336,0.0,0.0,0.0,0.0
1099,TRUE,3.2380905151367188,0.0,0.0,0.0,0.0
1100,FALSE,3.4628562927246094,0.0,0.0,0.0,0.0
1101,FALSE,0.0,0.0,0.0,0.0,0.0
1102,TRUE,2.4763741493225098,0.0,0.0,0.0,0.0
1103,FALSE,2.4682531356811523,0.0,0.0,0.0,0.0
1104,FALSE,1.972542405128479,0.0,0.0,0.0,0.0
1105,FALSE,0.0,0.0,0.0,0.0,0.0
1106,FALSE,1.3619111776351929,0.0,0.0,0.0,0.0
1107,FALSE,0.0,0.0,0.0,0.0,0.0
1108,FALSE,2.477199077606201,0.0,0.0,0.0,0.0
1109,FALSE,0.0,0.0,0.0,0.0,0.0
1110,TRUE,1.9957045316696167,0.0,0.0,0.0,0.0
1111,FALSE,0.0,0.0,0.0,0.0,0.0
1112,FALSE,2.2067317962646484,0.0,0.0,0.0,0.0
1113,FALSE,1.995819091796875,0.0,0.0,0.0,0.0
1114,FALSE,2.494429111480713,0.0,0.0,0.0,0.0
1115,FALSE,0.0,0.0,0.0,0.0,0.0
1116,FALSE,3.4878268241882324,0.0,0.0,0.0,0.0
1117,FALSE,0.0,0.0,0.0,0.0,0.0
1118,FALSE,0.0,0.0,0.0,0.0,0.0
1119,TRUE,0.0,0.0,0.0,0.0,0.0
1120,FALSE,0.0,0.0,0.0,0.0,0.0
1121,FALSE,2.5719122886657715,0.0,0.0,0.0,0.0
1122,TRUE,2.074350595474243,0.0,0.0,0.0,0.0
1123,TRUE,0.0,0.0,0.0,0.0,0.0
1124,FALSE,0.0,0.0,0.0,0.0,0.0
1125,FALSE,0.0,0.0,0.0,0.0,0.0
1126,FALSE,2.041698455810547,0.0,0.0,0.0,0.0
1127,FALSE,0.0,0.0,0.0,0.0,0.0
1128,TRUE,3.508246421813965,0.0,0.0,0.0,0.0
1129,FALSE,3.50374698638916,0.0,0.0,0.0,0.0
1130,FALSE,1.912273645401001,0.0,0.0,0.0,0.0
1131,FALSE,2.457570552825928,0.0,0.0,0.0,0.0
1132,FALSE,2.1461310386657715,0.0,0.0,0.0,0.0
1133,TRUE,0.0,0.0,0.0,0.0,0.0
1134,TRUE,0.0,0.0,0.0,0.0,0.0
1135,FALSE,0.0,0.0,0.0,0.0,0.0
1136,FALSE,1.4847278594970703,0.0,0.0,0.0,0.0
1137,TRUE,3.806786298751831,0.0,0.0,0.0,0.0
1138,FALSE,2.1268839836120605,0.0,0.0,0.0,0.0
1139,FALSE,1.742409110069275,0.0,0.0,0.0,0.0
1140,TRUE,0.0,0.0,0.0,0.0,0.0
1141,FALSE,2.2685647010803223,0.0,0.0,0.0,0.0
1142,FALSE,2.0335693359375,0.0,0.0,0.0,0.0
1143,FALSE,1.811555027961731,0.0,0.0,0.0,0.0
1144,FALSE,1.870760798454285,0.0,0.0,0.0,0.0
1145,FALSE,1.5420540571212769,0.0,0.0,0.0,0.0
1146,TRUE,0.0,0.0,0.0,0.0,0.0
1147,TRUE,2.213339328765869,0.0,0.0,0.0,0.0
1148,FALSE,1.5969630479812622,0.0,0.0,0.0,0.0
1149,TRUE,4.277297496795654,0.0,0.0,0.0,0.0
1150,FALSE,3.684420108795166,0.0,0.0,0.0,0.0
1151,FALSE,4.36846399307251,0.0,0.0,0.0,0.0
1152,TRUE,1.1588351726531982,0.0,0.0,0.0,0.0
1153,FALSE,1.7471712827682495,0.0,0.0,0.0,0.0
1154,FALSE,2.166711807250977,0.0,0.0,0.0,0.0
1155,FALSE,2.138772487640381,0.0,0.0,0.0,0.0
1156,TRUE,1.7698055505752563,0.0,0.0,0.0,0.0
1157,TRUE,2.1995975971221924,0.0,0.0,0.0,0.0
1158,FALSE,3.658790588378906,0.0,0.0,0.0,0.0
1159,FALSE,2.1798863410949707,0.0,0.0,0.0,0.0
1160,FALSE,1.8871617317199707,0.0,0.0,0.0,0.0
1161,FALSE,0.7591207027435303,0.0,0.0,0.0,0.0
1162,FALSE,1.9509994983673096,0.0,0.0,0.0,0.0
1163,FALSE,1.8973755836486816,0.0,0.0,0.0,0.0
1164,FALSE,1.9794265031814573,0.0,0.0,0.0,0.0
1165,FALSE,2.275087833404541,0.0,0.0,0.0,0.0
1166,FALSE,1.1735848188400269,0.0,0.0,0.0,0.0
1167,TRUE,1.7674005031585691,0.0,0.0,0.0,0.0
1168,TRUE,2.577565670013428,0.0,0.0,0.0,0.0
1169,TRUE,3.60783052444458,0.0,0.0,0.0,0.0
1170,TRUE,1.512367844581604,0.0,0.0,0.0,0.0
1171,TRUE,2.167886018753052,0.0,0.0,0.0,0.0
1172,FALSE,1.8577452898025515,0.0,0.0,0.0,0.0
1173,TRUE,2.1160383224487305,0.0,0.0,0.0,0.0
1174,TRUE,1.7715295553207395,0.0,0.0,0.0,0.0
1175,FALSE,1.3547176122665403,0.0,0.0,0.0,0.0
1176,FALSE,1.581321358680725,0.0,0.0,0.0,0.0
1177,FALSE,2.225147008895874,0.0,0.0,0.0,0.0
1178,TRUE,2.2736756801605225,0.0,0.0,0.0,0.0
1179,FALSE,2.6048972606658936,0.0,0.0,0.0,0.0
1180,FALSE,1.8994700908660889,0.0,0.0,0.0,0.0
1181,TRUE,2.156765937805176,0.0,0.0,0.0,0.0
1182,FALSE,2.2382800579071045,0.0,0.0,0.0,0.0
1183,FALSE,2.6186225414276123,0.0,0.0,0.0,0.0
1184,FALSE,1.2484067678451538,0.0,0.0,0.0,0.0
1185,TRUE,4.126681327819824,0.0,0.0,0.0,0.0
1186,FALSE,0.0,0.0,0.0,0.0,0.0
1187,FALSE,1.5209757089614868,0.0,0.0,0.0,0.0
1188,FALSE,1.7708380222320557,0.0,0.0,0.0,0.0
1189,FALSE,1.1586382389068604,0.0,0.0,0.0,0.0
1190,TRUE,1.8454387187957764,0.0,0.0,0.0,0.0
1191,FALSE,1.7934859991073608,0.0,0.0,0.0,0.0
1192,FALSE,2.253965139389038,0.0,0.0,0.0,0.0
1193,TRUE,4.388838768005371,0.0,0.0,0.0,0.0
1194,FALSE,2.536567211151123,0.0,0.0,0.0,0.0
1195,FALSE,1.9388463497161863,0.0,0.0,0.0,0.0
1196,FALSE,1.884110689163208,0.0,0.0,0.0,0.0
1197,FALSE,1.8740416765213013,0.0,0.0,0.0,0.0
1198,FALSE,1.911597490310669,0.0,0.0,0.0,0.0
1199,FALSE,2.1621692180633545,0.0,0.0,0.0,0.0
1200,FALSE,1.8215397596359253,0.0,0.0,0.0,0.0
1201,FALSE,1.662172794342041,0.0,0.0,0.0,0.0
1202,TRUE,0.7040985822677612,0.0,0.0,0.0,0.0
1203,FALSE,1.598263382911682,0.0,0.0,0.0,0.0
1204,TRUE,3.918895721435547,0.0,0.0,0.0,0.0
1205,TRUE,2.142655849456787,0.0,0.0,0.0,0.0
1206,FALSE,1.828710436820984,0.0,0.0,0.0,0.0
1207,FALSE,1.8914729356765747,0.0,0.0,0.0,0.0
1208,FALSE,1.7108596563339231,0.0,0.0,0.0,0.0
1209,FALSE,1.176796793937683,0.0,0.0,0.0,0.0
1210,FALSE,2.2355637550354004,0.0,0.0,0.0,0.0
1211,FALSE,3.9870429039001465,0.0,0.0,0.0,0.0
1212,FALSE,3.978429555892944,0.0,0.0,0.0,0.0
1213,TRUE,3.639435291290283,0.0,0.0,0.0,0.0
1214,TRUE,2.2511277198791504,0.0,0.0,0.0,0.0
1215,FALSE,2.169532060623169,0.0,0.0,0.0,0.0
1216,FALSE,1.682776689529419,0.0,0.0,0.0,0.0
1217,TRUE,1.4545867443084717,0.0,0.0,0.0,0.0
1218,FALSE,0.7855628132820129,0.0,0.0,0.0,0.0
1219,TRUE,2.182568311691284,0.0,0.0,0.0,0.0
1220,FALSE,2.1216094493865967,0.0,0.0,0.0,0.0
1221,TRUE,2.131825685501098,0.0,0.0,0.0,0.0
1222,FALSE,1.6050219535827637,0.0,0.0,0.0,0.0
1223,FALSE,2.0865795612335205,0.0,0.0,0.0,0.0
1224,FALSE,1.6911240816116333,0.0,0.0,0.0,0.0
1225,FALSE,5.058694839477539,0.0,0.0,0.0,0.0
1226,FALSE,2.172959804534912,0.0,0.0,0.0,0.0
1227,TRUE,1.681549906730652,0.0,0.0,0.0,0.0
1228,FALSE,1.554930329322815,0.0,0.0,0.0,0.0
1229,FALSE,1.850955843925476,0.0,0.0,0.0,0.0
1230,TRUE,4.420921325683594,0.0,0.0,0.0,0.0
1231,FALSE,1.572906494140625,0.0,0.0,0.0,0.0
1232,FALSE,1.3648473024368286,0.0,0.0,0.0,0.0
1233,FALSE,2.2672924995422363,0.0,0.0,0.0,0.0
1234,TRUE,2.3626596927642822,0.0,0.0,0.0,0.0
1235,FALSE,1.5832068920135498,0.0,0.0,0.0,0.0
1236,TRUE,2.1066250801086426,0.0,0.0,0.0,0.0
1237,FALSE,1.626276612281799,0.0,0.0,0.0,0.0
1238,FALSE,1.7775903940200806,0.0,0.0,0.0,0.0
1239,FALSE,2.1622769832611084,0.0,0.0,0.0,0.0
1240,FALSE,3.708118915557861,0.0,0.0,0.0,0.0
1241,FALSE,2.018138647079468,0.0,0.0,0.0,0.0
1242,FALSE,1.1665585041046145,0.0,0.0,0.0,0.0
1243,FALSE,1.758319854736328,0.0,0.0,0.0,0.0
1244,FALSE,2.1041178703308105,0.0,0.0,0.0,0.0
1245,TRUE,2.582071781158448,0.0,0.0,0.0,0.0
1246,TRUE,1.837223649024964,0.0,0.0,0.0,0.0
1247,FALSE,0.0,0.0,0.0,0.0,0.0
1248,FALSE,1.6530271768569946,0.0,0.0,0.0,0.0
1249,FALSE,1.7486594915390017,0.0,0.0,0.0,0.0
1250,FALSE,1.906999468803405,0.0,0.0,0.0,0.0
1251,FALSE,1.774624228477478,0.0,0.0,0.0,0.0
1252,FALSE,2.2617387771606445,0.0,0.0,0.0,0.0
1253,FALSE,2.182390689849853,0.0,0.0,0.0,0.0
1254,FALSE,2.1884524822235107,0.0,0.0,0.0,0.0
1255,FALSE,1.813124775886536,0.0,0.0,0.0,0.0
1256,FALSE,1.8264226913452148,0.0,0.0,0.0,0.0
1257,FALSE,1.7373055219650269,0.0,0.0,0.0,0.0
1258,FALSE,2.096837043762207,0.0,0.0,0.0,0.0
1259,FALSE,1.7639176845550537,0.0,0.0,0.0,0.0
1260,TRUE,1.963708758354187,0.0,0.0,0.0,0.0
1261,FALSE,1.7681838274002075,0.0,0.0,0.0,0.0
1262,TRUE,1.214827060699463,0.0,0.0,0.0,0.0
1263,FALSE,1.864527940750122,0.0,0.0,0.0,0.0
1264,FALSE,1.6215157508850098,0.0,0.0,0.0,0.0
1265,TRUE,1.1588228940963743,0.0,0.0,0.0,0.0
1266,TRUE,1.670873761177063,0.0,0.0,0.0,0.0
1267,FALSE,1.8538389205932613,0.0,0.0,0.0,0.0
1268,TRUE,3.824243068695069,0.0,0.0,0.0,0.0
1269,FALSE,2.172700881958008,0.0,0.0,0.0,0.0
1270,FALSE,1.1666022539138794,0.0,0.0,0.0,0.0
1271,TRUE,2.1366517543792725,0.0,0.0,0.0,0.0
1272,FALSE,1.6214970350265503,0.0,0.0,0.0,0.0
1273,TRUE,1.881752252578736,0.0,0.0,0.0,0.0
1274,FALSE,1.888673186302185,0.0,0.0,0.0,0.0
1275,TRUE,2.1460509300231934,0.0,0.0,0.0,0.0
1276,FALSE,0.7781109809875488,0.0,0.0,0.0,0.0
1277,TRUE,2.288991451263428,0.0,0.0,0.0,0.0
1278,FALSE,1.3008638620376587,0.0,0.0,0.0,0.0
1279,TRUE,1.585007667541504,0.0,0.0,0.0,0.0
1280,FALSE,1.9453412294387813,0.0,0.0,0.0,0.0
1281,FALSE,2.2359092235565186,0.0,0.0,0.0,0.0
1282,TRUE,1.5418070554733276,0.0,0.0,0.0,0.0
1283,FALSE,1.9004380702972408,0.0,0.0,0.0,0.0
1284,FALSE,1.680638313293457,0.0,0.0,0.0,0.0
1285,TRUE,1.828110694885254,0.0,0.0,0.0,0.0
1286,FALSE,1.7605494260787964,0.0,0.0,0.0,0.0
1287,TRUE,0.7184831500053406,0.0,0.0,0.0,0.0
1288,FALSE,2.113132953643799,0.0,0.0,0.0,0.0
1289,FALSE,1.6178209781646729,0.0,0.0,0.0,0.0
1290,FALSE,2.284780263900757,0.0,0.0,0.0,0.0
1291,FALSE,1.422207236289978,0.0,0.0,0.0,0.0
1292,FALSE,1.8446520566940308,0.0,0.0,0.0,0.0
1293,FALSE,2.166468858718872,0.0,0.0,0.0,0.0
1294,FALSE,0.9796775579452516,0.0,0.0,0.0,0.0
1295,FALSE,1.0981643199920654,0.0,0.0,0.0,0.0
1296,FALSE,0.0,0.0,0.0,0.0,0.0
1297,FALSE,1.6554497480392456,0.0,0.0,0.0,0.0
1298,FALSE,3.0844550132751465,0.0,0.0,0.0,0.0
1299,FALSE,1.238150954246521,0.0,0.0,0.0,0.0
1300,FALSE,1.1992312669754028,0.0,0.0,0.0,0.0
1301,FALSE,2.054124593734741,0.0,0.0,0.0,0.0
1302,TRUE,1.590767741203308,0.0,0.0,0.0,0.0
1303,FALSE,2.6193575859069824,0.0,0.0,0.0,0.0
1304,FALSE,0.931914448738098,0.0,0.0,0.0,0.0
1305,FALSE,1.3303180932998655,0.0,0.0,0.0,0.0
1306,TRUE,1.0590293407440186,0.0,0.0,0.0,0.0
1307,FALSE,2.6681244373321533,0.0,0.0,0.0,0.0
1308,FALSE,1.3378304243087769,0.0,0.0,0.0,0.0
1309,FALSE,1.909993290901184,0.0,0.0,0.0,0.0
1310,FALSE,1.3650271892547607,0.0,0.0,0.0,0.0
1311,FALSE,1.696414351463318,0.0,0.0,0.0,0.0
1312,FALSE,2.24879789352417,0.0,0.0,0.0,0.0
1313,FALSE,1.1730116605758667,0.0,0.0,0.0,0.0
1314,FALSE,1.8429642915725708,0.0,0.0,0.0,0.0
1315,FALSE,1.7766820192337036,0.0,0.0,0.0,0.0
1316,FALSE,1.2847529649734497,0.0,0.0,0.0,0.0
1317,FALSE,0.0,0.0,0.0,0.0,0.0
1318,TRUE,0.768179178237915,0.0,0.0,0.0,0.0
1319,TRUE,1.9729461669921875,0.0,0.0,0.0,0.0
1320,TRUE,0.0,0.0,0.0,0.0,0.0
1321,FALSE,1.1717414855957031,0.0,0.0,0.0,0.0
1322,FALSE,2.0080654621124268,0.0,0.0,0.0,0.0
1323,FALSE,1.773133635520935,0.0,0.0,0.0,0.0
1324,FALSE,1.2126672267913818,0.0,0.0,0.0,0.0
1325,FALSE,2.6958677768707275,0.0,0.0,0.0,0.0
1326,FALSE,3.170809745788574,0.0,0.0,0.0,0.0
1327,FALSE,0.9840758442878724,0.0,0.0,0.0,0.0
1328,TRUE,3.4073421955108643,0.0,0.0,0.0,0.0
1329,FALSE,3.053385019302368,0.0,0.0,0.0,0.0
1330,FALSE,0.0,0.0,0.0,0.0,0.0
1331,FALSE,1.9517921209335327,0.0,0.0,0.0,0.0
1332,FALSE,0.7849596738815308,0.0,0.0,0.0,0.0
1333,FALSE,2.6969640254974365,0.0,0.0,0.0,0.0
1334,FALSE,1.4547560214996338,0.0,0.0,0.0,0.0
1335,FALSE,2.4505486488342285,0.0,0.0,0.0,0.0
1336,FALSE,3.00984001159668,0.0,0.0,0.0,0.0
1337,FALSE,1.293304443359375,0.0,0.0,0.0,0.0
1338,FALSE,1.988050937652588,0.0,0.0,0.0,0.0
1339,FALSE,2.975951194763184,0.0,0.0,0.0,0.0
1340,FALSE,3.501551628112793,0.0,0.0,0.0,0.0
1341,FALSE,2.995445966720581,0.0,0.0,0.0,0.0
1342,FALSE,3.0010204315185547,0.0,0.0,0.0,0.0
1343,FALSE,0.0,0.0,0.0,0.0,0.0
1344,FALSE,1.9427711963653564,0.0,0.0,0.0,0.0
1345,TRUE,1.2921241521835327,0.0,0.0,0.0,0.0
1346,FALSE,1.3300241231918335,0.0,0.0,0.0,0.0
1347,FALSE,1.2302080392837524,0.0,0.0,0.0,0.0
1348,FALSE,1.9563524723052976,0.0,0.0,0.0,0.0
1349,FALSE,3.387533187866211,0.0,0.0,0.0,0.0
1350,FALSE,0.565534234046936,0.0,0.0,0.0,0.0
1351,TRUE,3.444657564163208,0.0,0.0,0.0,0.0
1352,FALSE,1.2557897567749023,0.0,0.0,0.0,0.0
1353,FALSE,0.0,0.0,0.0,0.0,0.0
1354,TRUE,0.0,0.0,0.0,0.0,0.0
1355,FALSE,2.451454162597656,0.0,0.0,0.0,0.0
1356,FALSE,2.086220026016236,0.0,0.0,0.0,0.0
1357,FALSE,0.0,0.0,0.0,0.0,0.0
1358,TRUE,0.0,0.0,0.0,0.0,0.0
1359,FALSE,3.2323436737060547,0.0,0.0,0.0,0.0
1360,FALSE,0.0,0.0,0.0,0.0,0.0
1361,FALSE,1.8596762418746948,0.0,0.0,0.0,0.0
1362,TRUE,3.468256950378418,0.0,0.0,0.0,0.0
1363,FALSE,3.12438440322876,0.0,0.0,0.0,0.0
1364,TRUE,1.7317838668823242,0.0,0.0,0.0,0.0
1365,FALSE,0.0,0.0,0.0,0.0,0.0
1366,FALSE,2.049631357192993,0.0,0.0,0.0,0.0
1367,FALSE,2.430826663970948,0.0,0.0,0.0,0.0
1368,FALSE,2.043924331665039,0.0,0.0,0.0,0.0
1369,FALSE,2.8209753036499023,0.0,0.0,0.0,0.0
1370,TRUE,0.0,0.0,0.0,0.0,0.0
1371,TRUE,0.0,0.0,0.0,0.0,0.0
1372,FALSE,0.8957958221435547,0.0,0.0,0.0,0.0
1373,TRUE,0.7008841037750244,0.0,0.0,0.0,0.0
1374,TRUE,0.5957975387573242,0.0,0.0,0.0,0.0
1375,FALSE,0.2372697740793228,0.0,0.0,0.0,0.0
1376,FALSE,0.3630036115646362,0.0,0.0,0.0,0.0
1377,FALSE,0.8104590177536011,0.0,0.0,0.0,0.0
1378,TRUE,0.4291273951530456,0.0,0.0,0.0,0.0
1379,TRUE,0.085588589310646,0.0,0.0,0.0,0.0
1380,TRUE,0.0,0.0,0.0,0.0,0.0
1381,TRUE,0.0,0.0,0.0,0.0,0.0
1382,FALSE,0.0,0.0,0.0,0.0,0.0
1383,FALSE,0.0,0.0,0.0,0.0,0.0
1384,FALSE,0.0,0.0,0.0,0.0,0.0
1385,TRUE,0.1992888301610946,0.0,0.0,0.0,0.0
1386,TRUE,0.0866036266088485,0.0,0.0,0.0,0.0
1387,TRUE,0.6664512157440186,0.0,0.0,0.0,0.0
1388,FALSE,0.2174523323774337,0.0,0.0,0.0,0.0
1389,TRUE,0.0,0.0,0.0,0.0,0.0
1390,TRUE,0.2572764754295349,0.0,0.0,0.0,0.0
1391,FALSE,0.089313194155693,0.0,0.0,0.0,0.0
1392,TRUE,0.2554299235343933,0.0,0.0,0.0,0.0
1393,TRUE,0.0,0.0,0.0,0.0,0.0
1394,FALSE,0.0,0.0,0.0,0.0,0.0
1395,FALSE,0.2098791450262069,0.0,0.0,0.0,0.0
1396,FALSE,0.7217352390289307,0.0,0.0,0.0,0.0
1397,TRUE,0.0,0.0,0.0,0.0,0.0
1398,TRUE,0.0,0.0,0.0,0.0,0.0
1399,TRUE,0.7712627649307251,0.0,0.0,0.0,0.0
1400,TRUE,0.1562079042196273,0.0,0.0,0.0,0.0
1401,FALSE,0.0,0.0,0.0,0.0,0.0
1402,TRUE,0.0,0.0,0.0,0.0,0.0
1403,TRUE,0.0,0.0,0.0,0.0,0.0
1404,FALSE,0.0,0.0,0.0,0.0,0.0
1405,FALSE,0.0,0.0,0.0,0.0,0.0
1406,TRUE,0.4500540494918823,0.0,0.0,0.0,0.0
1407,FALSE,0.5026813745498657,0.0,0.0,0.0,0.0
1408,FALSE,0.0,0.0,0.0,0.0,0.0
1409,FALSE,0.0,0.0,0.0,0.0,0.0
1410,FALSE,0.0,0.0,0.0,0.0,0.0
1411,TRUE,0.0,0.0,0.0,0.0,0.0
1412,FALSE,0.0,0.0,0.0,0.0,0.0
1413,FALSE,0.0,0.0,0.0,0.0,0.0
1414,FALSE,0.0,0.0,0.0,0.0,0.0
1415,FALSE,0.0,0.0,0.0,0.0,0.0
1416,TRUE,0.6973421573638916,0.0,0.0,0.0,0.0
1417,FALSE,0.6606299877166748,0.0,0.0,0.0,0.0
1418,TRUE,0.0,0.0,0.0,0.0,0.0
1419,FALSE,0.0,0.0,0.0,0.0,0.0
1420,FALSE,0.6067386269569397,0.0,0.0,0.0,0.0
1421,TRUE,0.0,0.0,0.0,0.0,0.0
1422,TRUE,0.1914402693510055,0.0,0.0,0.0,0.0
1423,FALSE,0.7333124876022339,0.0,0.0,0.0,0.0
1424,FALSE,1.1308528184890747,0.0,0.0,0.0,0.0
1425,FALSE,1.5083608627319336,0.0,0.0,0.0,0.0
1426,FALSE,0.1002610772848129,0.0,0.0,0.0,0.0
1427,FALSE,0.0565925687551498,0.0,0.0,0.0,0.0
1428,FALSE,0.5205463171005249,0.0,0.0,0.0,0.0
1429,FALSE,0.0,0.0,0.0,0.0,0.0
1430,TRUE,0.3575330972671509,0.0,0.0,0.0,0.0
1431,TRUE,0.2456101030111313,0.0,0.0,0.0,0.0
1432,FALSE,0.0,0.0,0.0,0.0,0.0
1433,TRUE,0.0,0.0,0.0,0.0,0.0
1434,FALSE,0.445462703704834,0.0,0.0,0.0,0.0
1435,TRUE,0.0,0.0,0.0,0.0,0.0
1436,TRUE,0.0,0.0,0.0,0.0,0.0
1437,FALSE,0.0,0.0,0.0,0.0,0.0
1438,FALSE,0.708980917930603,0.0,0.0,0.0,0.0
1439,FALSE,0.2078943103551864,0.0,0.0,0.0,0.0
1440,TRUE,0.0,0.0,0.0,0.0,0.0
1441,TRUE,0.0,0.0,0.0,0.0,0.0
1442,TRUE,0.8041110038757324,0.0,0.0,0.0,0.0
1443,TRUE,0.0,0.0,0.0,0.0,0.0
1444,FALSE,0.0,0.0,0.0,0.0,0.0
1445,FALSE,0.0,0.0,0.0,0.0,0.0
1446,FALSE,0.0,0.0,0.0,0.0,0.0
1447,TRUE,0.3439415097236633,0.0,0.0,0.0,0.0
1448,FALSE,0.0,0.0,0.0,0.0,0.0
1449,FALSE,0.0,0.0,0.0,0.0,0.0
1450,FALSE,0.2182033509016037,0.0,0.0,0.0,0.0
1451,FALSE,0.1702925115823745,0.0,0.0,0.0,0.0
1452,FALSE,0.0,0.0,0.0,0.0,0.0
1453,TRUE,0.2699719071388244,0.0,0.0,0.0,0.0
1454,TRUE,0.3702324628829956,0.0,0.0,0.0,0.0
1455,TRUE,0.0,0.0,0.0,0.0,0.0
1456,FALSE,0.2991600632667541,0.0,0.0,0.0,0.0
1457,FALSE,0.0251804441213607,0.0,0.0,0.0,0.0
1458,TRUE,0.6908440589904785,0.0,0.0,0.0,0.0
1459,FALSE,0.5323987603187561,0.0,0.0,0.0,0.0
1460,FALSE,0.0,0.0,0.0,0.0,0.0
1461,FALSE,0.6544305682182312,0.0,0.0,0.0,0.0
1462,TRUE,0.0911311358213424,0.0,0.0,0.0,0.0
1463,TRUE,0.0,0.0,0.0,0.0,0.0
1464,FALSE,0.0,0.0,0.0,0.0,0.0
1465,TRUE,0.3149319887161255,0.0,0.0,0.0,0.0
1466,TRUE,0.0,0.0,0.0,0.0,0.0
1467,TRUE,0.0,0.0,0.0,0.0,0.0
1468,TRUE,0.3121153712272644,0.0,0.0,0.0,0.0
1469,TRUE,0.4356196522712707,0.0,0.0,0.0,0.0
1470,TRUE,0.4532700777053833,0.0,0.0,0.0,0.0
1471,FALSE,0.0,0.0,0.0,0.0,0.0
1472,FALSE,0.0,0.0,0.0,0.0,0.0
1473,FALSE,0.0606977194547653,0.0,0.0,0.0,0.0
1474,FALSE,0.0,0.0,0.0,0.0,0.0
1475,FALSE,0.0355824679136276,0.0,0.0,0.0,0.0
1476,TRUE,0.2008932679891586,0.0,0.0,0.0,0.0
1477,TRUE,0.0,0.0,0.0,0.0,0.0
1478,FALSE,0.1180551499128341,0.0,0.0,0.0,0.0
1479,FALSE,0.0,0.0,0.0,0.0,0.0
1480,TRUE,0.0,0.0,0.0,0.0,0.0
1481,FALSE,0.0,0.0,0.0,0.0,0.0
1482,TRUE,0.0,0.0,0.0,0.0,0.0
1483,FALSE,0.0864139348268508,0.0,0.0,0.0,0.0
1484,FALSE,0.0,0.0,0.0,0.0,0.0
1485,FALSE,3.5650339126586914,0.0,0.0,0.0,0.0
1486,TRUE,0.7029094696044922,0.0,0.0,0.0,0.0
1487,FALSE,3.246626853942871,0.0,0.0,0.0,0.0
1488,TRUE,2.412869691848755,0.0,0.0,0.0,0.0
1489,FALSE,1.7365208864212036,0.0,0.0,0.0,0.0
1490,FALSE,0.0,0.0,0.0,0.0,0.0
1491,TRUE,3.6223509311676025,0.0,0.0,0.0,0.0
1492,TRUE,0.0,0.0,0.0,0.0,0.0
1493,FALSE,4.126924514770508,0.0,0.0,0.0,0.0
1494,TRUE,3.26877760887146,0.0,0.0,0.0,0.0
1495,TRUE,4.53315019607544,0.0,0.0,0.0,0.0
1496,FALSE,1.8604999780654907,0.0,0.0,0.0,0.0
1497,FALSE,4.0928730964660645,0.0,0.0,0.0,0.0
1498,FALSE,4.368141174316406,0.0,0.0,0.0,0.0
1499,FALSE,0.0,0.0,0.0,0.0,0.0
1500,FALSE,1.2807163000106812,0.0,0.0,0.0,0.0
1501,FALSE,0.0,0.0,0.0,0.0,0.0
1502,FALSE,3.9844212532043457,0.0,0.0,0.0,0.0
1503,TRUE,0.0,0.0,0.0,0.0,0.0
1504,FALSE,0.0,0.0,0.0,0.0,0.0
1505,FALSE,0.0,0.0,0.0,0.0,0.0
1506,FALSE,0.7528076171875,0.0,0.0,0.0,0.0
1507,FALSE,0.0,0.0,0.0,0.0,0.0
1508,FALSE,3.4265618324279785,0.0,0.0,0.0,0.0
1509,TRUE,3.34455680847168,0.0,0.0,0.0,0.0
1510,TRUE,1.8848358392715447,0.0,0.0,0.0,0.0
1511,TRUE,2.508183479309082,0.0,0.0,0.0,0.0
1512,FALSE,2.2878899574279785,0.0,0.0,0.0,0.0
1513,FALSE,0.7865575551986694,0.0,0.0,0.0,0.0
1514,FALSE,2.01983642578125,0.0,0.0,0.0,0.0
1515,TRUE,0.0,0.0,0.0,0.0,0.0
1516,FALSE,1.6146148443222046,0.0,0.0,0.0,0.0
1517,FALSE,0.7831563949584961,0.0,0.0,0.0,0.0
1518,TRUE,2.290362596511841,0.0,0.0,0.0,0.0
1519,FALSE,0.0,0.0,0.0,0.0,0.0
1520,FALSE,0.0,0.0,0.0,0.0,0.0
1521,TRUE,0.0,0.0,0.0,0.0,0.0
1522,TRUE,1.8544389009475708,0.0,0.0,0.0,0.0
1523,FALSE,0.0,0.0,0.0,0.0,0.0
1524,FALSE,2.043116331100464,0.0,0.0,0.0,0.0
1525,FALSE,1.5841423273086548,0.0,0.0,0.0,0.0
1526,FALSE,4.2515177726745605,0.0,0.0,0.0,0.0
1527,TRUE,0.7489804029464722,0.0,0.0,0.0,0.0
1528,TRUE,0.0,0.0,0.0,0.0,0.0
1529,FALSE,2.056185483932495,0.0,0.0,0.0,0.0
1530,FALSE,1.706339716911316,0.0,0.0,0.0,0.0
1531,FALSE,1.2810461521148682,0.0,0.0,0.0,0.0
1532,FALSE,0.0,0.0,0.0,0.0,0.0
1533,FALSE,2.040794610977173,0.0,0.0,0.0,0.0
1534,TRUE,3.988386392593384,0.0,0.0,0.0,0.0
1535,FALSE,0.0,0.0,0.0,0.0,0.0
1536,FALSE,0.8680393695831299,0.0,0.0,0.0,0.0
1537,TRUE,1.3512574434280396,0.0,0.0,0.0,0.0
1538,FALSE,2.014253616333008,0.0,0.0,0.0,0.0
1539,FALSE,1.8372673988342283,0.0,0.0,0.0,0.0
1540,FALSE,0.0,0.0,0.0,0.0,0.0
1541,TRUE,0.0,0.0,0.0,0.0,0.0
1542,FALSE,2.079922676086426,0.0,0.0,0.0,0.0
1543,FALSE,3.3497440814971924,0.0,0.0,0.0,0.0
1544,FALSE,0.0,0.0,0.0,0.0,0.0
1545,FALSE,2.2961010932922363,0.0,0.0,0.0,0.0
1546,TRUE,0.0,0.0,0.0,0.0,0.0
1547,FALSE,0.0,0.0,0.0,0.0,0.0
1548,TRUE,1.349225640296936,0.0,0.0,0.0,0.0
1549,TRUE,1.7618168592453003,0.0,0.0,0.0,0.0
1550,TRUE,0.0,0.0,0.0,0.0,0.0
1551,FALSE,1.810773253440857,0.0,0.0,0.0,0.0
1552,FALSE,2.0810935497283936,0.0,0.0,0.0,0.0
1553,FALSE,0.7266379594802856,0.0,0.0,0.0,0.0
1554,TRUE,0.8141239881515503,0.0,0.0,0.0,0.0
1555,FALSE,4.354496002197266,0.0,0.0,0.0,0.0
1556,TRUE,2.357285499572754,0.0,0.0,0.0,0.0
1557,FALSE,2.013213396072388,0.0,0.0,0.0,0.0
1558,TRUE,0.0,0.0,0.0,0.0,0.0
1559,FALSE,0.0,0.0,0.0,0.0,0.0
1560,FALSE,0.5545257329940796,0.0,0.0,0.0,0.0
1561,FALSE,0.0,0.0,0.0,0.0,0.0
1562,TRUE,0.7204300165176392,0.0,0.0,0.0,0.0
1563,FALSE,1.8936293125152588,0.0,0.0,0.0,0.0
1564,TRUE,2.2807021141052246,0.0,0.0,0.0,0.0
1565,FALSE,1.789094090461731,0.0,0.0,0.0,0.0
1566,TRUE,2.0827012062072754,0.0,0.0,0.0,0.0
1567,FALSE,0.762120246887207,0.0,0.0,0.0,0.0
1568,FALSE,1.9779911041259768,0.0,0.0,0.0,0.0
1569,TRUE,0.7580384016036987,0.0,0.0,0.0,0.0
1570,TRUE,0.0,0.0,0.0,0.0,0.0
1571,FALSE,3.410212278366089,0.0,0.0,0.0,0.0
1572,FALSE,4.372442245483398,0.0,0.0,0.0,0.0
1573,FALSE,1.2444502115249634,0.0,0.0,0.0,0.0
1574,TRUE,1.4015542268753052,0.0,0.0,0.0,0.0
1575,FALSE,2.1519694328308105,0.0,0.0,0.0,0.0
1576,FALSE,2.073470115661621,0.0,0.0,0.0,0.0
1577,FALSE,0.0,0.0,0.0,0.0,0.0
1578,FALSE,0.6488749980926514,0.0,0.0,0.0,0.0
1579,FALSE,1.9119484424591064,0.0,0.0,0.0,0.0
1580,TRUE,0.0,0.0,0.0,0.0,0.0
1581,FALSE,2.555527687072754,0.0,0.0,0.0,0.0
1582,TRUE,2.83555555343628,0.0,0.0,0.0,0.0
1583,FALSE,0.0,0.0,0.0,0.0,0.0
1584,FALSE,0.0,0.0,0.0,0.0,0.0
1585,FALSE,4.344116687774658,0.0,0.0,0.0,0.0
1586,TRUE,0.0,0.0,0.0,0.0,0.0
1587,TRUE,2.378409147262573,0.0,0.0,0.0,0.0
1588,FALSE,4.24334192276001,0.0,0.0,0.0,0.0
1589,TRUE,0.685665488243103,0.0,0.0,0.0,0.0
1590,TRUE,3.651649475097656,0.0,0.0,0.0,0.0
1591,TRUE,0.0,0.0,0.0,0.0,0.0
1592,TRUE,0.0,0.0,0.0,0.0,0.0
1593,FALSE,3.09802794456482,0.0,0.0,0.0,0.0
1594,FALSE,0.0,0.0,0.0,0.0,0.0
1595,FALSE,0.0,0.0,0.0,0.0,0.0
1596,FALSE,3.319880485534668,0.0,0.0,0.0,0.0
1597,FALSE,2.336401462554932,0.0,0.0,0.0,0.0
1598,TRUE,2.018714427947998,0.0,0.0,0.0,0.0
1599,TRUE,3.369035243988037,0.0,0.0,0.0,0.0
1600,TRUE,0.0,0.0,0.0,0.0,0.0
1601,FALSE,2.4295194149017334,0.0,0.0,0.0,0.0
1602,FALSE,3.793599605560303,0.0,0.0,0.0,0.0
1603,FALSE,1.5177026987075806,0.0,0.0,0.0,0.0
1604,FALSE,2.857271671295166,0.0,0.0,0.0,0.0
1605,FALSE,2.7871999740600586,0.0,0.0,0.0,0.0
1606,FALSE,2.157336711883545,0.0,0.0,0.0,0.0
1607,TRUE,0.0,0.0,0.0,0.0,0.0
1608,FALSE,0.0,0.0,0.0,0.0,0.0
1609,FALSE,2.7084732055664062,0.0,0.0,0.0,0.0
1610,FALSE,2.648141860961914,0.0,0.0,0.0,0.0
1611,FALSE,3.790063381195069,0.0,0.0,0.0,0.0
1612,FALSE,5.305450916290283,0.0,0.0,0.0,0.0
1613,FALSE,3.405452251434326,0.0,0.0,0.0,0.0
1614,FALSE,0.0,0.0,0.0,0.0,0.0
1615,FALSE,0.0,0.0,0.0,0.0,0.0
1616,TRUE,0.0,0.0,0.0,0.0,0.0
1617,FALSE,5.066474437713623,0.0,0.0,0.0,0.0
1618,FALSE,2.6090869903564453,0.0,0.0,0.0,0.0
1619,FALSE,3.1440138816833496,0.0,0.0,0.0,0.0
1620,FALSE,1.55285906791687,0.0,0.0,0.0,0.0
1621,FALSE,4.406867504119873,0.0,0.0,0.0,0.0
1622,FALSE,3.0485661029815674,0.0,0.0,0.0,0.0
1623,FALSE,2.2062132358551025,0.0,0.0,0.0,0.0
1624,TRUE,2.576166868209839,0.0,0.0,0.0,0.0
1625,FALSE,2.3258185386657715,0.0,0.0,0.0,0.0
1626,FALSE,1.8475202322006223,0.0,0.0,0.0,0.0
1627,FALSE,2.835233449935913,0.0,0.0,0.0,0.0
1628,FALSE,0.0,0.0,0.0,0.0,0.0
1629,FALSE,5.2168450355529785,0.0,0.0,0.0,0.0
1630,FALSE,4.63764238357544,0.0,0.0,0.0,0.0
1631,FALSE,0.0,0.0,0.0,0.0,0.0
1632,FALSE,2.7120635509490967,0.0,0.0,0.0,0.0
1633,FALSE,2.5369362831115723,0.0,0.0,0.0,0.0
1634,FALSE,0.0,0.0,0.0,0.0,0.0
1635,FALSE,0.0,0.0,0.0,0.0,0.0
1636,FALSE,0.0,0.0,0.0,0.0,0.0
1637,FALSE,0.0,0.0,0.0,0.0,0.0
1638,FALSE,0.0,0.0,0.0,0.0,0.0
1639,FALSE,0.0,0.0,0.0,0.0,0.0
1640,FALSE,0.0,0.0,0.0,0.0,0.0
1641,FALSE,0.0,0.0,0.0,0.0,0.0
1642,FALSE,2.92759370803833,0.0,0.0,0.0,0.0
1643,FALSE,2.56689715385437,0.0,0.0,0.0,0.0
1644,FALSE,2.478568315505981,0.0,0.0,0.0,0.0
1645,FALSE,0.0,0.0,0.0,0.0,0.0
1646,TRUE,0.0,0.0,0.0,0.0,0.0
1647,FALSE,2.601195812225342,0.0,0.0,0.0,0.0
1648,FALSE,1.4633859395980835,0.0,0.0,0.0,0.0
1649,FALSE,2.879131555557251,0.0,0.0,0.0,0.0
1650,FALSE,2.4489128589630127,0.0,0.0,0.0,0.0
1651,FALSE,0.0,0.0,0.0,0.0,0.0
1652,FALSE,2.3212032318115234,0.0,0.0,0.0,0.0
1653,FALSE,3.0010666847229004,0.0,0.0,0.0,0.0
1654,FALSE,2.730987310409546,0.0,0.0,0.0,0.0
1655,FALSE,1.4768892526626587,0.0,0.0,0.0,0.0
1656,FALSE,4.842069625854492,0.0,0.0,0.0,0.0
1657,FALSE,5.487337589263916,0.0,0.0,0.0,0.0
1658,FALSE,3.9124372005462646,0.0,0.0,0.0,0.0
1659,FALSE,2.606595277786255,0.0,0.0,0.0,0.0
1660,FALSE,2.449375629425049,0.0,0.0,0.0,0.0
1661,FALSE,2.7520761489868164,0.0,0.0,0.0,0.0
1662,TRUE,4.422411918640137,0.0,0.0,0.0,0.0
1663,FALSE,3.000454902648926,0.0,0.0,0.0,0.0
1664,TRUE,2.576103687286377,0.0,0.0,0.0,0.0
1665,FALSE,2.535618305206299,0.0,0.0,0.0,0.0
1666,FALSE,1.9884248971939087,0.0,0.0,0.0,0.0
1667,FALSE,2.489483118057251,0.0,0.0,0.0,0.0
1668,FALSE,2.6955528259277344,0.0,0.0,0.0,0.0
1669,FALSE,0.0,0.0,0.0,0.0,0.0
1670,FALSE,1.6752817630767822,0.0,0.0,0.0,0.0
1671,FALSE,5.53537130355835,0.0,0.0,0.0,0.0
1672,FALSE,3.3345160484313965,0.0,0.0,0.0,0.0
1673,FALSE,0.0,0.0,0.0,0.0,0.0
1674,TRUE,3.948711633682251,0.0,0.0,0.0,0.0
1675,FALSE,4.249082565307617,0.0,0.0,0.0,0.0
1676,FALSE,2.580331802368164,0.0,0.0,0.0,0.0
1677,FALSE,0.0,0.0,0.0,0.0,0.0
1678,FALSE,5.258848667144775,0.0,0.0,0.0,0.0
1679,FALSE,3.4406416416168213,0.0,0.0,0.0,0.0
1680,FALSE,2.816347599029541,0.0,0.0,0.0,0.0
1681,FALSE,0.0,0.0,0.0,0.0,0.0
1682,FALSE,2.776052951812744,0.0,0.0,0.0,0.0
1683,FALSE,4.492860317230225,0.0,0.0,0.0,0.0
1684,FALSE,1.950631618499756,0.0,0.0,0.0,0.0
1685,TRUE,0.0,0.0,0.0,0.0,0.0
1686,TRUE,0.0,0.0,0.0,0.0,0.0
1687,FALSE,2.69300389289856,0.0,0.0,0.0,0.0
1688,FALSE,1.89741313457489,0.0,0.0,0.0,0.0
1689,FALSE,1.976693868637085,0.0,0.0,0.0,0.0
1690,FALSE,1.751995086669922,0.0,0.0,0.0,0.0
1691,FALSE,0.0,0.0,0.0,0.0,0.0
1692,FALSE,0.0,0.0,0.0,0.0,0.0
1693,FALSE,2.780159950256348,0.0,0.0,0.0,0.0
1694,FALSE,2.6089775562286377,0.0,0.0,0.0,0.0
1695,FALSE,0.9882402420043944,0.0,0.0,0.0,0.0
1696,FALSE,2.686023235321045,0.0,0.0,0.0,0.0
1697,FALSE,1.1048330068588257,0.0,0.0,0.0,0.0
1698,FALSE,0.0,0.0,0.0,0.0,0.0
1699,FALSE,2.612890243530273,0.0,0.0,0.0,0.0
1700,FALSE,2.973173379898072,0.0,0.0,0.0,0.0
1701,FALSE,2.6923375129699707,0.0,0.0,0.0,0.0
1702,FALSE,4.619088172912598,0.0,0.0,0.0,0.0
1703,FALSE,2.784437417984009,0.0,0.0,0.0,0.0
1704,FALSE,2.704514503479004,0.0,0.0,0.0,0.0
1705,FALSE,2.8040695190429688,0.0,0.0,0.0,0.0
1706,FALSE,0.0,0.0,0.0,0.0,0.0
1707,FALSE,2.4703850746154785,0.0,0.0,0.0,0.0
1708,FALSE,2.8185858726501465,0.0,0.0,0.0,0.0
1709,FALSE,0.0,0.0,0.0,0.0,0.0
1710,FALSE,4.992408275604248,0.0,0.0,0.0,0.0
1711,FALSE,2.686085700988769,0.0,0.0,0.0,0.0
1712,FALSE,0.0,0.0,0.0,0.0,0.0
1713,FALSE,0.0,0.0,0.0,0.0,0.0
1714,FALSE,0.0,0.0,0.0,0.0,0.0
1715,FALSE,2.4736313819885254,0.0,0.0,0.0,0.0
1716,FALSE,2.6831719875335693,0.0,0.0,0.0,0.0
1717,FALSE,1.87615978717804,0.0,0.0,0.0,0.0
1718,FALSE,1.7385976314544678,0.0,0.0,0.0,0.0
1719,FALSE,1.844232439994812,0.0,0.0,0.0,0.0
1720,FALSE,1.788227915763855,0.0,0.0,0.0,0.0
1721,FALSE,2.812650918960572,0.0,0.0,0.0,0.0
1722,TRUE,6.061411380767822,0.0,0.0,0.0,0.0
1723,FALSE,4.003549575805664,0.0,0.0,0.0,0.0
1724,FALSE,2.587410926818848,0.0,0.0,0.0,0.0
1725,FALSE,4.716635227203369,0.0,0.0,0.0,0.0
1726,FALSE,2.818979263305664,0.0,0.0,0.0,0.0
1727,FALSE,2.280381917953491,0.0,0.0,0.0,0.0
1728,FALSE,5.464550495147705,0.0,0.0,0.0,0.0
1729,TRUE,0.0,0.0,0.0,0.0,0.0
1730,FALSE,3.2594316005706787,0.0,0.0,0.0,0.0
1731,TRUE,0.0,0.0,0.0,0.0,0.0
1732,FALSE,0.0,0.0,0.0,0.0,0.0
1733,FALSE,3.7701804637908936,0.0,0.0,0.0,0.0
1734,FALSE,2.609279155731201,0.0,0.0,0.0,0.0
1735,FALSE,2.8884623050689697,0.0,0.0,0.0,0.0
1736,TRUE,0.0,0.0,0.0,0.0,0.0
1737,TRUE,0.0,0.0,0.0,0.0,0.0
1738,FALSE,1.668773531913757,0.0,0.0,0.0,0.0
1739,TRUE,5.485134601593018,0.0,0.0,0.0,0.0
1740,FALSE,0.0,0.0,0.0,0.0,0.0
1741,FALSE,0.0,0.0,0.0,0.0,0.0
1742,FALSE,1.2264131307601929,0.0,0.0,0.0,0.0
1743,FALSE,3.1673920154571533,0.0,0.0,0.0,0.0
1744,FALSE,4.754108428955078,0.0,0.0,0.0,0.0
1745,FALSE,0.0,0.0,0.0,0.0,0.0
1746,FALSE,1.2908142805099487,0.0,0.0,0.0,0.0
1747,FALSE,0.0,0.0,0.0,0.0,0.0
1748,FALSE,0.0,0.0,0.0,0.0,0.0
1749,FALSE,3.851440906524658,0.0,0.0,0.0,0.0
1750,FALSE,0.7863907814025879,0.0,0.0,0.0,0.0
1751,FALSE,2.863739013671875,0.0,0.0,0.0,0.0
1752,FALSE,0.0,0.0,0.0,0.0,0.0
1753,TRUE,0.0,0.0,0.0,0.0,0.0
1754,FALSE,2.9762096405029297,0.0,0.0,0.0,0.0
1755,FALSE,2.4897093772888184,0.0,0.0,0.0,0.0
1756,FALSE,4.799710750579834,0.0,0.0,0.0,0.0
1757,FALSE,0.0,0.0,0.0,0.0,0.0
1758,FALSE,2.6082510948181152,0.0,0.0,0.0,0.0
1759,FALSE,1.441429853439331,0.0,0.0,0.0,0.0
1760,FALSE,2.4725308418273926,0.0,0.0,0.0,0.0
1761,FALSE,2.215277671813965,0.0,0.0,0.0,0.0
1762,FALSE,1.3849234580993652,0.0,0.0,0.0,0.0
1763,FALSE,2.641726016998291,0.0,0.0,0.0,0.0
1764,FALSE,0.0,0.0,0.0,0.0,0.0
1765,FALSE,0.0,0.0,0.0,0.0,0.0
1766,FALSE,0.0,0.0,0.0,0.0,0.0
1767,FALSE,1.86214566230774,0.0,0.0,0.0,0.0
1768,FALSE,0.0,0.0,0.0,0.0,0.0
1769,FALSE,2.3211045265197754,0.0,0.0,0.0,0.0
1770,FALSE,2.5271921157836914,0.0,0.0,0.0,0.0
1771,FALSE,2.832329273223877,0.0,0.0,0.0,0.0
1772,FALSE,2.8538155555725098,0.0,0.0,0.0,0.0
1773,FALSE,2.692180871963501,0.0,0.0,0.0,0.0
1774,FALSE,3.934235811233521,0.0,0.0,0.0,0.0
1775,FALSE,3.644792079925537,0.0,0.0,0.0,0.0
1776,FALSE,0.0,0.0,0.0,0.0,0.0
1777,FALSE,2.669499397277832,0.0,0.0,0.0,0.0
1778,FALSE,5.083878993988037,0.0,0.0,0.0,0.0
1779,FALSE,0.0,0.0,0.0,0.0,0.0
1780,TRUE,0.0,0.0,0.0,0.0,0.0
1781,TRUE,4.824991703033447,0.0,0.0,0.0,0.0
1782,FALSE,2.5271615982055664,0.0,0.0,0.0,0.0
1783,FALSE,3.580538988113404,0.0,0.0,0.0,0.0
1784,FALSE,2.3347363471984863,0.0,0.0,0.0,0.0
1785,FALSE,2.543108463287353,0.0,0.0,0.0,0.0
1786,FALSE,2.9732260704040527,0.0,0.0,0.0,0.0
1787,FALSE,0.0,0.0,0.0,0.0,0.0
1788,FALSE,0.0,0.0,0.0,0.0,0.0
1789,FALSE,3.0484719276428223,0.0,0.0,0.0,0.0
1790,FALSE,2.6484971046447754,0.0,0.0,0.0,0.0
1791,FALSE,0.0,0.0,0.0,0.0,0.0
1792,FALSE,0.0,0.0,0.0,0.0,0.0
1793,FALSE,1.6923164129257202,0.0,0.0,0.0,0.0
1794,FALSE,2.339771747589112,0.0,0.0,0.0,0.0
1795,FALSE,1.560058355331421,0.0,0.0,0.0,0.0
1796,FALSE,2.7154932022094727,0.0,0.0,0.0,0.0
1797,FALSE,0.0,0.0,0.0,0.0,0.0
1798,FALSE,2.220577478408813,0.0,0.0,0.0,0.0
1799,FALSE,2.838846206665039,0.0,0.0,0.0,0.0
1800,FALSE,4.999936580657959,0.0,0.0,0.0,0.0
1801,TRUE,0.0,0.0,0.0,0.0,0.0
1802,FALSE,3.5652010440826416,0.0,0.0,0.0,0.0
1803,FALSE,2.6983437538146973,0.0,0.0,0.0,0.0
1804,FALSE,2.583519458770752,0.0,0.0,0.0,0.0
1805,FALSE,2.48940658569336,0.0,0.0,0.0,0.0
1806,FALSE,3.4407851696014404,0.0,0.0,0.0,0.0
1807,FALSE,4.063392162322998,0.0,0.0,0.0,0.0
1808,TRUE,5.469138622283936,0.0,0.0,0.0,0.0
1809,FALSE,2.6592016220092773,0.0,0.0,0.0,0.0
1810,FALSE,2.7383229732513428,0.0,0.0,0.0,0.0
1811,FALSE,0.0,0.0,0.0,0.0,0.0
1812,TRUE,0.0,0.0,0.0,0.0,0.0
1813,FALSE,1.2478266954421997,0.0,0.0,0.0,0.0
1814,FALSE,2.472275972366333,0.0,0.0,0.0,0.0
1815,FALSE,2.814476490020752,0.0,0.0,0.0,0.0
1816,FALSE,1.64128315448761,0.0,0.0,0.0,0.0
1817,FALSE,2.6379880905151367,0.0,0.0,0.0,0.0
1818,TRUE,3.9107704162597656,0.0,0.0,0.0,0.0
1819,FALSE,2.7760183811187744,0.0,0.0,0.0,0.0
1820,FALSE,4.757354259490967,0.0,0.0,0.0,0.0
1821,FALSE,0.0,0.0,0.0,0.0,0.0
1822,FALSE,2.7376770973205566,0.0,0.0,0.0,0.0
1823,TRUE,5.166605949401856,0.0,0.0,0.0,0.0
1824,TRUE,2.564338207244873,0.0,0.0,0.0,0.0
1825,FALSE,1.6477783918380735,0.0,0.0,0.0,0.0
1826,TRUE,0.0,0.0,0.0,0.0,0.0
1827,TRUE,5.388052463531494,0.0,0.0,0.0,0.0
1828,TRUE,1.028512477874756,0.0,0.0,0.0,0.0
1829,FALSE,2.593567132949829,0.0,0.0,0.0,0.0
1830,FALSE,0.9734386205673218,0.0,0.0,0.0,0.0
1831,FALSE,5.075390338897705,0.0,0.0,0.0,0.0
1832,FALSE,0.0,0.0,0.0,0.0,0.0
1833,FALSE,2.657174825668335,0.0,0.0,0.0,0.0
1834,TRUE,1.516352295875549,0.0,0.0,0.0,0.0
1835,FALSE,1.729477047920227,0.0,0.0,0.0,0.0
1836,FALSE,0.0,0.0,0.0,0.0,0.0
1837,FALSE,1.6954028606414795,0.0,0.0,0.0,0.0
1838,FALSE,0.0,0.0,0.0,0.0,0.0
1839,FALSE,2.009782791137696,0.0,0.0,0.0,0.0
1840,FALSE,2.792884111404419,0.0,0.0,0.0,0.0
1841,FALSE,4.625275135040283,0.0,0.0,0.0,0.0
1842,FALSE,2.399015188217163,0.0,0.0,0.0,0.0
1843,TRUE,4.625607967376709,0.0,0.0,0.0,0.0
1844,FALSE,1.128186583518982,0.0,0.0,0.0,0.0
1845,TRUE,0.0,0.0,0.0,0.0,0.0
1846,TRUE,1.728901505470276,0.0,0.0,0.0,0.0
1847,FALSE,1.341400384902954,0.0,0.0,0.0,0.0
1848,FALSE,2.405187129974365,0.0,0.0,0.0,0.0
1849,FALSE,2.451281785964966,0.0,0.0,0.0,0.0
1850,FALSE,0.0,0.0,0.0,0.0,0.0
1851,FALSE,2.4528465270996094,0.0,0.0,0.0,0.0
1852,FALSE,2.4175145626068115,0.0,0.0,0.0,0.0
1853,TRUE,5.437607288360596,0.0,0.0,0.0,0.0
1854,FALSE,0.0,0.0,0.0,0.0,0.0
1855,FALSE,0.0,0.0,0.0,0.0,0.0
1856,FALSE,0.0,0.0,0.0,0.0,0.0
1857,TRUE,0.0,0.0,0.0,0.0,0.0
1858,TRUE,1.8515503406524656,0.0,0.0,0.0,0.0
1859,FALSE,0.0,0.0,0.0,0.0,0.0
1860,TRUE,0.0,0.0,0.0,0.0,0.0
1861,FALSE,1.079544186592102,0.0,0.0,0.0,0.0
1862,FALSE,2.4178943634033203,0.0,0.0,0.0,0.0
1863,TRUE,5.486173152923584,0.0,0.0,0.0,0.0
1864,FALSE,3.0274205207824707,0.0,0.0,0.0,0.0
1865,FALSE,1.6759053468704224,0.0,0.0,0.0,0.0
1866,FALSE,0.0,0.0,0.0,0.0,0.0
1867,FALSE,1.5068484544754028,0.0,0.0,0.0,0.0
1868,FALSE,1.7194069623947144,0.0,0.0,0.0,0.0
1869,FALSE,1.8227065801620483,0.0,0.0,0.0,0.0
1870,FALSE,0.0,0.0,0.0,0.0,0.0
1871,FALSE,0.9595108032226562,0.0,0.0,0.0,0.0
1872,TRUE,2.5841338634490967,0.0,0.0,0.0,0.0
1873,TRUE,0.0,0.0,0.0,0.0,0.0
1874,FALSE,2.122665882110596,0.0,0.0,0.0,0.0
1875,TRUE,2.977034568786621,0.0,0.0,0.0,0.0
1876,FALSE,2.6054623126983643,0.0,0.0,0.0,0.0
1877,TRUE,0.0,0.0,0.0,0.0,0.0
1878,FALSE,0.0,0.0,0.0,0.0,0.0
1879,FALSE,5.413913249969482,0.0,0.0,0.0,0.0
1880,FALSE,0.0,0.0,0.0,0.0,0.0
1881,FALSE,0.0,0.0,0.0,0.0,0.0
1882,FALSE,0.0,0.0,0.0,0.0,0.0
1883,FALSE,1.234195113182068,0.0,0.0,0.0,0.0
1884,FALSE,3.952922582626343,0.0,0.0,0.0,0.0
1885,FALSE,1.0143009424209597,0.0,0.0,0.0,0.0
1886,FALSE,1.6780732870101929,0.0,0.0,0.0,0.0
1887,TRUE,0.0,0.0,0.0,0.0,0.0
1888,FALSE,1.4578176736831665,0.0,0.0,0.0,0.0
1889,FALSE,1.579099178314209,0.0,0.0,0.0,0.0
1890,TRUE,1.8841748237609863,0.0,0.0,0.0,0.0
1891,TRUE,2.648952007293701,0.0,0.0,0.0,0.0
1892,TRUE,5.413026809692383,0.0,0.0,0.0,0.0
1893,FALSE,1.0635255575180054,0.0,0.0,0.0,0.0
1894,TRUE,1.0508544445037842,0.0,0.0,0.0,0.0
1895,TRUE,2.264193058013916,0.0,0.0,0.0,0.0
1896,FALSE,1.9536899328231807,0.0,0.0,0.0,0.0
1897,FALSE,1.813683032989502,0.0,0.0,0.0,0.0
1898,FALSE,2.277628421783448,0.0,0.0,0.0,0.0
1899,TRUE,1.5281800031661987,0.0,0.0,0.0,0.0
1900,FALSE,0.0,0.0,0.0,0.0,0.0
1901,FALSE,1.5316176414489746,0.0,0.0,0.0,0.0
1902,FALSE,2.16197156906128,0.0,0.0,0.0,0.0
1903,FALSE,0.9931115508079528,0.0,0.0,0.0,0.0
1904,FALSE,2.2827260494232178,0.0,0.0,0.0,0.0
1905,TRUE,0.0,0.0,0.0,0.0,0.0
1906,FALSE,1.5372440814971924,0.0,0.0,0.0,0.0
1907,FALSE,1.5304025411605835,0.0,0.0,0.0,0.0
1908,FALSE,2.134339094161988,0.0,0.0,0.0,0.0
1909,FALSE,2.8206913471221924,0.0,0.0,0.0,0.0
1910,FALSE,3.01746678352356,0.0,0.0,0.0,0.0
1911,FALSE,2.319089412689209,0.0,0.0,0.0,0.0
1912,FALSE,5.452879428863525,0.0,0.0,0.0,0.0
1913,FALSE,0.0,0.0,0.0,0.0,0.0
1914,FALSE,1.5429573059082031,0.0,0.0,0.0,0.0
1915,FALSE,1.980110764503479,0.0,0.0,0.0,0.0
1916,FALSE,2.521948337554932,0.0,0.0,0.0,0.0
1917,FALSE,2.442644596099853,0.0,0.0,0.0,0.0
1918,FALSE,0.0,0.0,0.0,0.0,0.0
1919,FALSE,1.946093201637268,0.0,0.0,0.0,0.0
1920,FALSE,4.6510844230651855,0.0,0.0,0.0,0.0
1921,FALSE,1.714659571647644,0.0,0.0,0.0,0.0
1922,FALSE,0.0,0.0,0.0,0.0,0.0
1923,TRUE,2.8487863540649414,0.0,0.0,0.0,0.0
1924,FALSE,0.0,0.0,0.0,0.0,0.0
1925,TRUE,2.676424026489258,0.0,0.0,0.0,0.0
1926,FALSE,2.295938014984131,0.0,0.0,0.0,0.0
1927,FALSE,2.081294775009156,0.0,0.0,0.0,0.0
1928,TRUE,3.952855110168457,0.0,0.0,0.0,0.0
1929,FALSE,1.3147073984146118,0.0,0.0,0.0,0.0
1930,FALSE,5.007862567901611,0.0,0.0,0.0,0.0
1931,TRUE,0.0,0.0,0.0,0.0,0.0
1932,FALSE,0.0,0.0,0.0,0.0,0.0
1933,TRUE,2.9843575954437256,0.0,0.0,0.0,0.0
1934,FALSE,0.0,0.0,0.0,0.0,0.0
1935,FALSE,1.39517343044281,0.0,0.0,0.0,0.0
1936,FALSE,0.0,0.0,0.0,0.0,0.0
1937,FALSE,0.968949556350708,0.0,0.0,0.0,0.0
1938,FALSE,2.3455371856689453,0.0,0.0,0.0,0.0
1939,FALSE,2.405656337738037,0.0,0.0,0.0,0.0
1940,FALSE,2.930142879486084,0.0,0.0,0.0,0.0
1941,FALSE,2.547119140625,0.0,0.0,0.0,0.0
1942,FALSE,1.5109103918075562,0.0,0.0,0.0,0.0
1943,TRUE,0.0,0.0,0.0,0.0,0.0
1944,FALSE,0.0,0.0,0.0,0.0,0.0
1945,TRUE,5.3169660568237305,0.0,0.0,0.0,0.0
1946,TRUE,0.9679272174835204,0.0,0.0,0.0,0.0
1947,FALSE,3.8921773433685294,0.0,0.0,0.0,0.0
1948,FALSE,1.085820198059082,0.0,0.0,0.0,0.0
1949,FALSE,1.8988600969314573,0.0,0.0,0.0,0.0
1950,TRUE,3.8779044151306152,0.0,0.0,0.0,0.0
1951,TRUE,1.535042643547058,0.0,0.0,0.0,0.0
1952,FALSE,2.4164819717407227,0.0,0.0,0.0,0.0
1953,FALSE,0.0,0.0,0.0,0.0,0.0
1954,FALSE,0.0,0.0,0.0,0.0,0.0
1955,FALSE,3.0566515922546387,0.0,0.0,0.0,0.0
1956,FALSE,2.5412073135375977,0.0,0.0,0.0,0.0
1957,FALSE,2.541720390319824,0.0,0.0,0.0,0.0
1958,FALSE,2.103121042251587,0.0,0.0,0.0,0.0
1959,FALSE,2.433206081390381,0.0,0.0,0.0,0.0
1960,FALSE,2.264024496078491,0.0,0.0,0.0,0.0
1961,FALSE,2.419344902038574,0.0,0.0,0.0,0.0
1962,FALSE,2.160247564315796,0.0,0.0,0.0,0.0
1963,FALSE,2.570520401000977,0.0,0.0,0.0,0.0
1964,TRUE,2.492164134979248,0.0,0.0,0.0,0.0
1965,TRUE,2.50637149810791,0.0,0.0,0.0,0.0
1966,FALSE,2.386382579803467,0.0,0.0,0.0,0.0
1967,FALSE,3.4941623210906982,0.0,0.0,0.0,0.0
1968,TRUE,2.604635238647461,0.0,0.0,0.0,0.0
1969,FALSE,2.455751180648804,0.0,0.0,0.0,0.0
1970,FALSE,1.3540586233139038,0.0,0.0,0.0,0.0
1971,FALSE,2.4903156757354736,0.0,0.0,0.0,0.0
1972,TRUE,2.470388412475586,0.0,0.0,0.0,0.0
1973,TRUE,1.1650428771972656,0.0,0.0,0.0,0.0
1974,FALSE,2.366877794265747,0.0,0.0,0.0,0.0
1975,FALSE,2.5670976638793945,0.0,0.0,0.0,0.0
1976,TRUE,2.7815608978271484,0.0,0.0,0.0,0.0
1977,FALSE,3.576469898223877,0.0,0.0,0.0,0.0
1978,FALSE,2.106440782546997,0.0,0.0,0.0,0.0
1979,FALSE,0.0,0.0,0.0,0.0,0.0
1980,TRUE,2.3213109970092773,0.0,0.0,0.0,0.0
1981,FALSE,2.508521556854248,0.0,0.0,0.0,0.0
1982,FALSE,2.469684362411499,0.0,0.0,0.0,0.0
1983,FALSE,2.657280683517456,0.0,0.0,0.0,0.0
1984,TRUE,0.0,0.0,0.0,0.0,0.0
1985,FALSE,2.475533962249756,0.0,0.0,0.0,0.0
1986,TRUE,1.2490159273147583,0.0,0.0,0.0,0.0
1987,FALSE,2.580841302871704,0.0,0.0,0.0,0.0
1988,FALSE,3.5996553897857666,0.0,0.0,0.0,0.0
1989,FALSE,0.0,0.0,0.0,0.0,0.0
1990,FALSE,0.0,0.0,0.0,0.0,0.0
1991,FALSE,2.5238230228424072,0.0,0.0,0.0,0.0
1992,FALSE,2.411304950714112,0.0,0.0,0.0,0.0
1993,TRUE,2.591712951660156,0.0,0.0,0.0,0.0
1994,FALSE,0.0,0.0,0.0,0.0,0.0
1995,FALSE,1.1022008657455444,0.0,0.0,0.0,0.0
1996,FALSE,2.5023529529571533,0.0,0.0,0.0,0.0
1997,FALSE,2.5474853515625,0.0,0.0,0.0,0.0
1998,FALSE,2.634852647781372,0.0,0.0,0.0,0.0
1999,FALSE,2.534970283508301,0.0,0.0,0.0,0.0
2000,TRUE,3.424642562866211,0.0,0.0,0.0,0.0
2001,FALSE,2.485931873321533,0.0,0.0,0.0,0.0
2002,FALSE,2.5291976928710938,0.0,0.0,0.0,0.0
2003,FALSE,1.3231593370437622,0.0,0.0,0.0,0.0
2004,FALSE,3.499706745147705,0.0,0.0,0.0,0.0
2005,FALSE,2.564326763153076,0.0,0.0,0.0,0.0
2006,TRUE,0.0,0.0,0.0,0.0,0.0
2007,FALSE,0.0,0.0,0.0,0.0,0.0
2008,TRUE,2.97696304321289,0.0,0.0,0.0,0.0
2009,FALSE,2.63897705078125,0.0,0.0,0.0,0.0
2010,FALSE,3.522743225097656,0.0,0.0,0.0,0.0
2011,FALSE,3.587902784347534,0.0,0.0,0.0,0.0
2012,FALSE,2.8057329654693604,0.0,0.0,0.0,0.0
2013,FALSE,2.5943336486816406,0.0,0.0,0.0,0.0
2014,FALSE,2.617077350616455,0.0,0.0,0.0,0.0
2015,FALSE,2.818260669708252,0.0,0.0,0.0,0.0
2016,FALSE,3.520903348922729,0.0,0.0,0.0,0.0
2017,TRUE,3.2651000022888184,0.0,0.0,0.0,0.0
2018,FALSE,2.5628223419189453,0.0,0.0,0.0,0.0
2019,FALSE,3.621604681015015,0.0,0.0,0.0,0.0
2020,FALSE,2.5029001235961914,0.0,0.0,0.0,0.0
2021,TRUE,2.580611228942871,0.0,0.0,0.0,0.0
2022,FALSE,2.491877317428589,0.0,0.0,0.0,0.0
2023,FALSE,2.586291790008545,0.0,0.0,0.0,0.0
2024,TRUE,0.0,0.0,0.0,0.0,0.0
2025,FALSE,2.565053701400757,0.0,0.0,0.0,0.0
2026,FALSE,2.471498966217041,0.0,0.0,0.0,0.0
2027,FALSE,2.3656606674194336,0.0,0.0,0.0,0.0
2028,TRUE,2.4729256629943848,0.0,0.0,0.0,0.0
2029,TRUE,2.715160846710205,0.0,0.0,0.0,0.0
2030,FALSE,1.8162020444869995,0.0,0.0,0.0,0.0
2031,FALSE,0.8983226418495178,0.0,0.0,0.0,0.0
2032,FALSE,2.0929484367370605,0.0,0.0,0.0,0.0
2033,FALSE,2.591848373413086,0.0,0.0,0.0,0.0
2034,FALSE,3.080458402633667,0.0,0.0,0.0,0.0
2035,TRUE,2.023230791091919,0.0,0.0,0.0,0.0
2036,TRUE,1.3581784963607788,0.0,0.0,0.0,0.0
2037,TRUE,2.394045829772949,0.0,0.0,0.0,0.0
2038,TRUE,2.73746395111084,0.0,0.0,0.0,0.0
2039,FALSE,3.489463806152344,0.0,0.0,0.0,0.0
2040,FALSE,2.660325050354004,0.0,0.0,0.0,0.0
2041,TRUE,2.4623727798461914,0.0,0.0,0.0,0.0
2042,FALSE,2.602423429489136,0.0,0.0,0.0,0.0
2043,FALSE,2.539196491241455,0.0,0.0,0.0,0.0
2044,FALSE,2.4990792274475098,0.0,0.0,0.0,0.0
2045,FALSE,2.511944055557251,0.0,0.0,0.0,0.0
2046,TRUE,2.483524799346924,0.0,0.0,0.0,0.0
2047,TRUE,1.87555468082428,0.0,0.0,0.0,0.0
2048,TRUE,2.9032912254333496,0.0,0.0,0.0,0.0
2049,TRUE,0.0,0.0,0.0,0.0,0.0
2050,TRUE,3.131511211395264,0.0,0.0,0.0,0.0
2051,FALSE,2.492041110992432,0.0,0.0,0.0,0.0
2052,FALSE,3.531088829040528,0.0,0.0,0.0,0.0
2053,FALSE,2.581288576126098,0.0,0.0,0.0,0.0
2054,TRUE,2.706907272338867,0.0,0.0,0.0,0.0
2055,TRUE,1.7675713300704956,0.0,0.0,0.0,0.0
2056,FALSE,3.6141774654388414,0.0,0.0,0.0,0.0
2057,FALSE,2.5253219604492188,0.0,0.0,0.0,0.0
2058,TRUE,3.0748348236083984,0.0,0.0,0.0,0.0
2059,FALSE,2.572183609008789,0.0,0.0,0.0,0.0
2060,FALSE,2.571458101272583,0.0,0.0,0.0,0.0
2061,TRUE,2.511554718017578,0.0,0.0,0.0,0.0
2062,FALSE,2.5460379123687744,0.0,0.0,0.0,0.0
2063,FALSE,2.5766520500183105,0.0,0.0,0.0,0.0
2064,FALSE,2.5399370193481445,0.0,0.0,0.0,0.0
2065,TRUE,2.711002349853516,0.0,0.0,0.0,0.0
2066,FALSE,2.668308734893799,0.0,0.0,0.0,0.0
2067,FALSE,3.113111019134521,0.0,0.0,0.0,0.0
2068,FALSE,2.4938437938690186,0.0,0.0,0.0,0.0
2069,TRUE,2.5605382919311523,0.0,0.0,0.0,0.0
2070,FALSE,2.121429681777954,0.0,0.0,0.0,0.0
2071,FALSE,2.903134822845459,0.0,0.0,0.0,0.0
2072,FALSE,2.4969184398651123,0.0,0.0,0.0,0.0
2073,TRUE,2.5836057662963867,0.0,0.0,0.0,0.0
2074,FALSE,2.4132466316223145,0.0,0.0,0.0,0.0
2075,FALSE,2.228955030441284,0.0,0.0,0.0,0.0
2076,FALSE,3.188450336456299,0.0,0.0,0.0,0.0
2077,FALSE,4.757107257843018,0.0,0.0,0.0,0.0
2078,FALSE,3.282277584075928,0.0,0.0,0.0,0.0
2079,FALSE,4.925297737121582,0.0,0.0,0.0,0.0
2080,FALSE,3.913737773895264,0.0,0.0,0.0,0.0
2081,FALSE,4.893006801605225,0.0,0.0,0.0,0.0
2082,FALSE,2.7425999641418457,0.0,0.0,0.0,0.0
2083,FALSE,2.573883295059204,0.0,0.0,0.0,0.0
2084,FALSE,3.062384843826294,0.0,0.0,0.0,0.0
2085,FALSE,0.0,0.0,0.0,0.0,0.0
2086,FALSE,2.551187038421631,0.0,0.0,0.0,0.0
2087,FALSE,2.936163187026977,0.0,0.0,0.0,0.0
2088,TRUE,4.747924327850342,0.0,0.0,0.0,0.0
2089,TRUE,3.345308303833008,0.0,0.0,0.0,0.0
2090,FALSE,2.3271427154541016,0.0,0.0,0.0,0.0
2091,FALSE,3.4325480461120605,0.0,0.0,0.0,0.0
2092,FALSE,3.1813645362854004,0.0,0.0,0.0,0.0
2093,FALSE,2.599073886871338,0.0,0.0,0.0,0.0
2094,TRUE,3.649311065673828,0.0,0.0,0.0,0.0
2095,FALSE,2.5906949043273926,0.0,0.0,0.0,0.0
2096,FALSE,3.038562297821045,0.0,0.0,0.0,0.0
2097,FALSE,2.5925981998443604,0.0,0.0,0.0,0.0
2098,FALSE,3.080413818359375,0.0,0.0,0.0,0.0
2099,FALSE,4.373366832733154,0.0,0.0,0.0,0.0
2100,FALSE,2.318380117416382,0.0,0.0,0.0,0.0
2101,TRUE,2.309884786605835,0.0,0.0,0.0,0.0
2102,TRUE,3.5373964309692383,0.0,0.0,0.0,0.0
2103,FALSE,2.158393859863281,0.0,0.0,0.0,0.0
2104,TRUE,4.961795806884766,0.0,0.0,0.0,0.0
2105,TRUE,2.1844489574432373,0.0,0.0,0.0,0.0
2106,FALSE,2.558736085891724,0.0,0.0,0.0,0.0
2107,TRUE,3.94320011138916,0.0,0.0,0.0,0.0
2108,FALSE,2.2760109901428223,0.0,0.0,0.0,0.0
2109,TRUE,2.547513008117676,0.0,0.0,0.0,0.0
2110,FALSE,4.980844974517822,0.0,0.0,0.0,0.0
2111,TRUE,4.8239426612854,0.0,0.0,0.0,0.0
2112,FALSE,3.148256301879883,0.0,0.0,0.0,0.0
2113,FALSE,2.83494520187378,0.0,0.0,0.0,0.0
2114,FALSE,2.580633640289306,0.0,0.0,0.0,0.0
2115,FALSE,2.628692388534546,0.0,0.0,0.0,0.0
2116,FALSE,2.576323270797729,0.0,0.0,0.0,0.0
2117,TRUE,3.021191120147705,0.0,0.0,0.0,0.0
2118,TRUE,4.624034881591797,0.0,0.0,0.0,0.0
2119,TRUE,4.963442325592041,0.0,0.0,0.0,0.0
2120,FALSE,2.8998444080352783,0.0,0.0,0.0,0.0
2121,FALSE,2.95905876159668,0.0,0.0,0.0,0.0
2122,FALSE,4.963954448699951,0.0,0.0,0.0,0.0
2123,FALSE,3.3611693382263184,0.0,0.0,0.0,0.0
2124,TRUE,0.0,0.0,0.0,0.0,0.0
2125,FALSE,4.952120304107666,0.0,0.0,0.0,0.0
2126,FALSE,4.402677536010742,0.0,0.0,0.0,0.0
2127,TRUE,4.9197916984558105,0.0,0.0,0.0,0.0
2128,FALSE,2.571612596511841,0.0,0.0,0.0,0.0
2129,TRUE,4.067467212677002,0.0,0.0,0.0,0.0
2130,FALSE,4.732468128204346,0.0,0.0,0.0,0.0
2131,FALSE,4.961129665374756,0.0,0.0,0.0,0.0
2132,FALSE,3.9353532791137695,0.0,0.0,0.0,0.0
2133,FALSE,4.985629558563232,0.0,0.0,0.0,0.0
2134,FALSE,2.645516872406006,0.0,0.0,0.0,0.0
2135,FALSE,2.5818428993225098,0.0,0.0,0.0,0.0
2136,TRUE,3.692757844924927,0.0,0.0,0.0,0.0
2137,FALSE,4.1259074211120605,0.0,0.0,0.0,0.0
2138,TRUE,4.424208641052246,0.0,0.0,0.0,0.0
2139,TRUE,3.307748317718506,0.0,0.0,0.0,0.0
2140,TRUE,5.036509037017822,0.0,0.0,0.0,0.0
2141,FALSE,3.7760281562805176,0.0,0.0,0.0,0.0
2142,FALSE,2.592085361480713,0.0,0.0,0.0,0.0
2143,FALSE,3.621170282363892,0.0,0.0,0.0,0.0
2144,TRUE,4.823386192321777,0.0,0.0,0.0,0.0
2145,FALSE,1.5382267236709597,0.0,0.0,0.0,0.0
2146,FALSE,2.615966320037842,0.0,0.0,0.0,0.0
2147,FALSE,4.662907123565674,0.0,0.0,0.0,0.0
2148,FALSE,4.288021564483643,0.0,0.0,0.0,0.0
2149,FALSE,2.2382164001464844,0.0,0.0,0.0,0.0
2150,FALSE,3.975742101669312,0.0,0.0,0.0,0.0
2151,FALSE,4.924940586090088,0.0,0.0,0.0,0.0
2152,FALSE,2.688138008117676,0.0,0.0,0.0,0.0
2153,FALSE,3.547481775283813,0.0,0.0,0.0,0.0
2154,FALSE,3.674887418746948,0.0,0.0,0.0,0.0
2155,FALSE,4.507447719573975,0.0,0.0,0.0,0.0
2156,TRUE,4.956135272979736,0.0,0.0,0.0,0.0
2157,FALSE,2.692070722579956,0.0,0.0,0.0,0.0
2158,TRUE,3.845669269561768,0.0,0.0,0.0,0.0
2159,TRUE,2.8833558559417725,0.0,0.0,0.0,0.0
2160,FALSE,2.670107126235962,0.0,0.0,0.0,0.0
2161,TRUE,0.0,0.0,0.0,0.0,0.0
2162,TRUE,3.703728914260864,0.0,0.0,0.0,0.0
2163,TRUE,4.88462495803833,0.0,0.0,0.0,0.0
2164,TRUE,0.0,0.0,0.0,0.0,0.0
2165,TRUE,2.5791172981262207,0.0,0.0,0.0,0.0
2166,FALSE,2.618842601776123,0.0,0.0,0.0,0.0
2167,TRUE,0.0,0.0,0.0,0.0,0.0
2168,TRUE,4.034183502197266,0.0,0.0,0.0,0.0
2169,FALSE,3.4989383220672607,0.0,0.0,0.0,0.0
2170,FALSE,3.255606174468994,0.0,0.0,0.0,0.0
2171,TRUE,5.019830703735352,0.0,0.0,0.0,0.0
2172,FALSE,1.528432011604309,0.0,0.0,0.0,0.0
2173,FALSE,5.009557247161865,0.0,0.0,0.0,0.0
2174,FALSE,4.666413307189941,0.0,0.0,0.0,0.0
2175,FALSE,2.4653871059417725,0.0,0.0,0.0,0.0
2176,TRUE,4.055899620056152,0.0,0.0,0.0,0.0
2177,FALSE,4.483071804046631,0.0,0.0,0.0,0.0
2178,FALSE,1.4604027271270752,0.0,0.0,0.0,0.0
2179,TRUE,0.0,0.0,0.0,0.0,0.0
2180,TRUE,4.859529972076416,0.0,0.0,0.0,0.0
2181,TRUE,0.0,0.0,0.0,0.0,0.0
2182,FALSE,1.6916331052780151,0.0,0.0,0.0,0.0
2183,FALSE,4.084009647369385,0.0,0.0,0.0,0.0
2184,TRUE,4.984859943389893,0.0,0.0,0.0,0.0
2185,FALSE,2.4222536087036133,0.0,0.0,0.0,0.0
2186,TRUE,0.0,0.0,0.0,0.0,0.0
2187,FALSE,2.4364070892333984,0.0,0.0,0.0,0.0
2188,FALSE,4.989881992340088,0.0,0.0,0.0,0.0
2189,FALSE,2.787865400314331,0.0,0.0,0.0,0.0
2190,FALSE,1.6605148315429688,0.0,0.0,0.0,0.0
2191,FALSE,2.703155994415283,0.0,0.0,0.0,0.0
2192,TRUE,4.014083862304688,0.0,0.0,0.0,0.0
2193,FALSE,3.374992847442627,0.0,0.0,0.0,0.0
2194,FALSE,2.5470938682556152,0.0,0.0,0.0,0.0
2195,FALSE,2.518388271331787,0.0,0.0,0.0,0.0
2196,FALSE,0.0,0.0,0.0,0.0,0.0
2197,FALSE,3.5810067653656006,0.0,0.0,0.0,0.0
2198,TRUE,2.256031036376953,0.0,0.0,0.0,0.0
2199,FALSE,3.3038058280944824,0.0,0.0,0.0,0.0
2200,TRUE,4.099814414978027,0.0,0.0,0.0,0.0
2201,TRUE,4.05335807800293,0.0,0.0,0.0,0.0
2202,FALSE,2.696017026901245,0.0,0.0,0.0,0.0
2203,FALSE,4.612870693206787,0.0,0.0,0.0,0.0
2204,FALSE,2.4850008487701416,0.0,0.0,0.0,0.0
2205,FALSE,2.3448283672332764,0.0,0.0,0.0,0.0
2206,FALSE,4.899298667907715,0.0,0.0,0.0,0.0
2207,FALSE,3.7801225185394287,0.0,0.0,0.0,0.0
2208,TRUE,4.992749214172363,0.0,0.0,0.0,0.0
2209,FALSE,4.199267864227295,0.0,0.0,0.0,0.0
2210,FALSE,4.11627197265625,0.0,0.0,0.0,0.0
2211,FALSE,3.448335886001587,0.0,0.0,0.0,0.0
2212,TRUE,0.0,0.0,0.0,0.0,0.0
2213,FALSE,2.3973984718322754,0.0,0.0,0.0,0.0
2214,TRUE,0.0,0.0,0.0,0.0,0.0
2215,TRUE,2.35652494430542,0.0,0.0,0.0,0.0
2216,TRUE,0.0,0.0,0.0,0.0,0.0
2217,TRUE,0.0,0.0,0.0,0.0,0.0
2218,TRUE,0.0,0.0,0.0,0.0,0.0
2219,TRUE,2.1760001182556152,0.0,0.0,0.0,0.0
2220,FALSE,1.5909618139266968,0.0,0.0,0.0,0.0
2221,FALSE,1.4999226331710815,0.0,0.0,0.0,0.0
2222,TRUE,2.5615782737731934,0.0,0.0,0.0,0.0
2223,TRUE,0.0,0.0,0.0,0.0,0.0
2224,TRUE,2.667837381362915,0.0,0.0,0.0,0.0
2225,TRUE,0.0,0.0,0.0,0.0,0.0
2226,TRUE,0.0,0.0,0.0,0.0,0.0
2227,TRUE,0.0,0.0,0.0,0.0,0.0
2228,TRUE,1.9170923233032229,0.0,0.0,0.0,0.0
2229,TRUE,2.1970908641815186,0.0,0.0,0.0,0.0
2230,TRUE,0.0,0.0,0.0,0.0,0.0
2231,TRUE,0.0,0.0,0.0,0.0,0.0
2232,TRUE,0.0,0.0,0.0,0.0,0.0
2233,FALSE,2.152139902114868,0.0,0.0,0.0,0.0
2234,TRUE,0.0,0.0,0.0,0.0,0.0
2235,FALSE,1.2810308933258057,0.0,0.0,0.0,0.0
2236,TRUE,0.0,0.0,0.0,0.0,0.0
2237,TRUE,1.8607178926467896,0.0,0.0,0.0,0.0
2238,FALSE,1.516530990600586,0.0,0.0,0.0,0.0
2239,TRUE,0.0,0.0,0.0,0.0,0.0
2240,TRUE,0.0,0.0,0.0,0.0,0.0
2241,TRUE,0.0,0.0,0.0,0.0,0.0
2242,TRUE,0.0,0.0,0.0,0.0,0.0
2243,TRUE,0.0,0.0,0.0,0.0,0.0
2244,TRUE,0.0,0.0,0.0,0.0,0.0
2245,TRUE,0.0,0.0,0.0,0.0,0.0
2246,TRUE,2.1590356826782227,0.0,0.0,0.0,0.0
2247,TRUE,0.0,0.0,0.0,0.0,0.0
2248,FALSE,0.0,0.0,0.0,0.0,0.0
2249,TRUE,0.0,0.0,0.0,0.0,0.0
2250,TRUE,1.9446748495101929,0.0,0.0,0.0,0.0
2251,TRUE,2.1832430362701416,0.0,0.0,0.0,0.0
2252,TRUE,2.2088894844055176,0.0,0.0,0.0,0.0
2253,TRUE,0.0,0.0,0.0,0.0,0.0
2254,TRUE,4.26508903503418,0.0,0.0,0.0,0.0
2255,TRUE,3.679436922073364,0.0,0.0,0.0,0.0
2256,TRUE,0.0,0.0,0.0,0.0,0.0
2257,FALSE,5.363383293151856,0.0,0.0,0.0,0.0
2258,TRUE,4.793997287750244,0.0,0.0,0.0,0.0
2259,TRUE,3.336422920227051,0.0,0.0,0.0,0.0
2260,TRUE,3.836235046386719,0.0,0.0,0.0,0.0
2261,TRUE,4.1904120445251465,0.0,0.0,0.0,0.0
2262,TRUE,3.9325671195983887,0.0,0.0,0.0,0.0
2263,TRUE,3.876801013946533,0.0,0.0,0.0,0.0
2264,TRUE,0.0,0.0,0.0,0.0,0.0
2265,TRUE,4.123453140258789,0.0,0.0,0.0,0.0
2266,FALSE,4.566648006439209,0.0,0.0,0.0,0.0
2267,TRUE,3.7225611209869385,0.0,0.0,0.0,0.0
2268,TRUE,3.822942733764648,0.0,0.0,0.0,0.0
2269,TRUE,3.933770656585693,0.0,0.0,0.0,0.0
2270,FALSE,4.293216705322266,0.0,0.0,0.0,0.0
2271,TRUE,4.593686580657959,0.0,0.0,0.0,0.0
2272,TRUE,0.0,0.0,0.0,0.0,0.0
2273,FALSE,4.645923137664795,0.0,0.0,0.0,0.0
2274,TRUE,3.91144609451294,0.0,0.0,0.0,0.0
2275,TRUE,3.759179592132568,0.0,0.0,0.0,0.0
2276,TRUE,4.325331211090088,0.0,0.0,0.0,0.0
2277,FALSE,4.483781337738037,0.0,0.0,0.0,0.0
2278,TRUE,0.0,0.0,0.0,0.0,0.0
2279,TRUE,3.741872310638428,0.0,0.0,0.0,0.0
2280,FALSE,4.231456279754639,0.0,0.0,0.0,0.0
2281,TRUE,0.0,0.0,0.0,0.0,0.0
2282,TRUE,3.712390899658203,0.0,0.0,0.0,0.0
2283,TRUE,4.042769432067871,0.0,0.0,0.0,0.0
2284,TRUE,3.7423925399780273,0.0,0.0,0.0,0.0
2285,TRUE,4.087447166442871,0.0,0.0,0.0,0.0
2286,FALSE,4.600342750549316,0.0,0.0,0.0,0.0
2287,TRUE,3.67673921585083,0.0,0.0,0.0,0.0
2288,FALSE,0.0,0.0,0.0,0.0,0.0
2289,FALSE,3.759806871414185,0.0,0.0,0.0,0.0
2290,TRUE,3.889312267303467,0.0,0.0,0.0,0.0
2291,TRUE,5.171967029571533,0.0,0.0,0.0,0.0
2292,FALSE,4.498702049255371,0.0,0.0,0.0,0.0
2293,TRUE,4.118714332580566,0.0,0.0,0.0,0.0
2294,FALSE,0.0,0.0,0.0,0.0,0.0
2295,FALSE,4.6020588874816895,0.0,0.0,0.0,0.0
2296,FALSE,4.443747997283936,0.0,0.0,0.0,0.0
2297,TRUE,4.013801097869873,0.0,0.0,0.0,0.0
2298,TRUE,3.9436426162719727,0.0,0.0,0.0,0.0
2299,TRUE,4.359772205352783,0.0,0.0,0.0,0.0
2300,FALSE,3.2771918773651123,0.0,0.0,0.0,0.0
2301,TRUE,3.812689304351807,0.0,0.0,0.0,0.0
2302,TRUE,3.958669662475586,0.0,0.0,0.0,0.0
2303,TRUE,3.821110248565674,0.0,0.0,0.0,0.0
2304,TRUE,4.493382930755615,0.0,0.0,0.0,0.0
2305,TRUE,4.249695301055908,0.0,0.0,0.0,0.0
2306,TRUE,3.947332859039306,0.0,0.0,0.0,0.0
2307,FALSE,3.590247392654419,0.0,0.0,0.0,0.0
2308,TRUE,0.0,0.0,0.0,0.0,0.0
2309,TRUE,4.218145370483398,0.0,0.0,0.0,0.0
2310,TRUE,3.76987361907959,0.0,0.0,0.0,0.0
2311,TRUE,4.598495960235596,0.0,0.0,0.0,0.0
2312,TRUE,3.8541884422302246,0.0,0.0,0.0,0.0
2313,TRUE,0.0,0.0,0.0,0.0,0.0
2314,FALSE,3.817995548248291,0.0,0.0,0.0,0.0
2315,FALSE,4.262204647064209,0.0,0.0,0.0,0.0
2316,TRUE,3.7287189960479736,0.0,0.0,0.0,0.0
2317,TRUE,3.581417798995972,0.0,0.0,0.0,0.0
2318,FALSE,4.312565326690674,0.0,0.0,0.0,0.0
2319,FALSE,4.401078701019287,0.0,0.0,0.0,0.0
2320,FALSE,4.5372395515441895,0.0,0.0,0.0,0.0
2321,TRUE,3.5320591926574707,0.0,0.0,0.0,0.0
2322,TRUE,3.533414363861084,0.0,0.0,0.0,0.0
2323,FALSE,4.859355926513672,0.0,0.0,0.0,0.0
2324,TRUE,4.551869869232178,0.0,0.0,0.0,0.0
2325,FALSE,4.5978217124938965,0.0,0.0,0.0,0.0
2326,TRUE,0.0,0.0,0.0,0.0,0.0
2327,TRUE,3.945647954940796,0.0,0.0,0.0,0.0
2328,TRUE,3.7345900535583496,0.0,0.0,0.0,0.0
2329,TRUE,4.278557300567627,0.0,0.0,0.0,0.0
2330,TRUE,3.7742130756378174,0.0,0.0,0.0,0.0
2331,TRUE,3.622316837310791,0.0,0.0,0.0,0.0
2332,TRUE,3.914875745773315,0.0,0.0,0.0,0.0
2333,FALSE,4.196129322052002,0.0,0.0,0.0,0.0
2334,TRUE,4.198739528656006,0.0,0.0,0.0,0.0
2335,TRUE,3.739803075790405,0.0,0.0,0.0,0.0
2336,TRUE,3.3832430839538574,0.0,0.0,0.0,0.0
2337,FALSE,0.0,0.0,0.0,0.0,0.0
2338,FALSE,4.621643543243408,0.0,0.0,0.0,0.0
2339,TRUE,0.0,0.0,0.0,0.0,0.0
2340,FALSE,0.0,0.0,0.0,0.0,0.0
2341,FALSE,0.0,0.0,0.0,0.0,0.0
2342,TRUE,0.0,0.0,0.0,0.0,0.0
2343,TRUE,0.0,0.0,0.0,0.0,0.0
2344,TRUE,3.411644458770752,0.0,0.0,0.0,0.0
2345,FALSE,3.140265464782715,0.0,0.0,0.0,0.0
2346,TRUE,3.9082937240600586,0.0,0.0,0.0,0.0
2347,TRUE,3.976200819015503,0.0,0.0,0.0,0.0
2348,FALSE,4.277035713195801,0.0,0.0,0.0,0.0
2349,TRUE,3.701705932617188,0.0,0.0,0.0,0.0
2350,TRUE,4.338650226593018,0.0,0.0,0.0,0.0
2351,TRUE,3.965359687805176,0.0,0.0,0.0,0.0
2352,FALSE,3.297924518585205,0.0,0.0,0.0,0.0
2353,TRUE,4.025235176086426,0.0,0.0,0.0,0.0
2354,FALSE,0.0,0.0,0.0,0.0,0.0
2355,FALSE,4.78267240524292,0.0,0.0,0.0,0.0
2356,FALSE,4.454391956329346,0.0,0.0,0.0,0.0
2357,TRUE,3.462764263153076,0.0,0.0,0.0,0.0
2358,FALSE,5.279232501983643,0.0,0.0,0.0,0.0
2359,TRUE,3.71135139465332,0.0,0.0,0.0,0.0
2360,FALSE,4.534488201141357,0.0,0.0,0.0,0.0
2361,TRUE,0.0,0.0,0.0,0.0,0.0
2362,TRUE,3.698668956756592,0.0,0.0,0.0,0.0
2363,TRUE,0.0,0.0,0.0,0.0,0.0
2364,FALSE,0.0,0.0,0.0,0.0,0.0
2365,TRUE,4.2024126052856445,0.0,0.0,0.0,0.0
2366,FALSE,4.343071460723877,0.0,0.0,0.0,0.0
2367,TRUE,3.5624032020568848,0.0,0.0,0.0,0.0
2368,TRUE,3.7193970680236816,0.0,0.0,0.0,0.0
2369,TRUE,3.740147590637207,0.0,0.0,0.0,0.0
2370,TRUE,4.320858955383301,0.0,0.0,0.0,0.0
2371,TRUE,3.996382713317871,0.0,0.0,0.0,0.0
2372,FALSE,4.772669792175293,0.0,0.0,0.0,0.0
2373,TRUE,4.086324691772461,0.0,0.0,0.0,0.0
2374,TRUE,3.624908447265625,0.0,0.0,0.0,0.0
2375,FALSE,4.354076862335205,0.0,0.0,0.0,0.0
2376,FALSE,5.0687575340271,0.0,0.0,0.0,0.0
2377,FALSE,3.424654960632324,0.0,0.0,0.0,0.0
2378,FALSE,0.0,0.0,0.0,0.0,0.0
2379,TRUE,3.885385751724243,0.0,0.0,0.0,0.0
2380,TRUE,4.126915454864502,0.0,0.0,0.0,0.0
2381,TRUE,0.0,0.0,0.0,0.0,0.0
2382,FALSE,0.0,0.0,0.0,0.0,0.0
2383,FALSE,3.0278563499450684,0.0,0.0,0.0,0.0
2384,FALSE,0.0,0.0,0.0,0.0,0.0
2385,FALSE,4.026383876800537,0.0,0.0,0.0,0.0
2386,FALSE,3.314595460891724,0.0,0.0,0.0,0.0
2387,FALSE,0.0,0.0,0.0,0.0,0.0
2388,FALSE,4.037106037139893,0.0,0.0,0.0,0.0
2389,FALSE,3.9139113426208496,0.0,0.0,0.0,0.0
2390,TRUE,4.42569637298584,0.0,0.0,0.0,0.0
2391,FALSE,0.0,0.0,0.0,0.0,0.0
2392,FALSE,3.7414982318878174,0.0,0.0,0.0,0.0
2393,FALSE,0.0,0.0,0.0,0.0,0.0
2394,FALSE,3.434077739715576,0.0,0.0,0.0,0.0
2395,FALSE,3.738724708557129,0.0,0.0,0.0,0.0
2396,FALSE,0.0,0.0,0.0,0.0,0.0
2397,FALSE,0.0,0.0,0.0,0.0,0.0
2398,FALSE,2.904270648956299,0.0,0.0,0.0,0.0
2399,FALSE,0.0,0.0,0.0,0.0,0.0
2400,FALSE,3.472454309463501,0.0,0.0,0.0,0.0
2401,FALSE,4.005406856536865,0.0,0.0,0.0,0.0
2402,FALSE,3.6406829357147217,0.0,0.0,0.0,0.0
2403,FALSE,3.3858158588409424,0.0,0.0,0.0,0.0
2404,FALSE,3.0633654594421387,0.0,0.0,0.0,0.0
2405,FALSE,3.6640214920043945,0.0,0.0,0.0,0.0
2406,TRUE,0.0,0.0,0.0,0.0,0.0
2407,FALSE,0.0,0.0,0.0,0.0,0.0
2408,FALSE,0.0,0.0,0.0,0.0,0.0
2409,FALSE,0.0,0.0,0.0,0.0,0.0
2410,FALSE,0.0,0.0,0.0,0.0,0.0
2411,FALSE,3.789802074432373,0.0,0.0,0.0,0.0
2412,FALSE,2.896060943603516,0.0,0.0,0.0,0.0
2413,FALSE,0.0,0.0,0.0,0.0,0.0
2414,FALSE,3.366518497467041,0.0,0.0,0.0,0.0
2415,FALSE,3.8256406784057617,0.0,0.0,0.0,0.0
2416,FALSE,3.635698556900024,0.0,0.0,0.0,0.0
2417,FALSE,0.0,0.0,0.0,0.0,0.0
2418,FALSE,2.9651198387146,0.0,0.0,0.0,0.0
2419,FALSE,0.0,0.0,0.0,0.0,0.0
2420,FALSE,3.467585802078247,0.0,0.0,0.0,0.0
2421,FALSE,3.3681888580322266,0.0,0.0,0.0,0.0
2422,FALSE,3.032384157180786,0.0,0.0,0.0,0.0
2423,FALSE,0.0,0.0,0.0,0.0,0.0
2424,FALSE,3.900273323059082,0.0,0.0,0.0,0.0
2425,FALSE,0.0,0.0,0.0,0.0,0.0
2426,FALSE,3.4900035858154297,0.0,0.0,0.0,0.0
2427,FALSE,0.0,0.0,0.0,0.0,0.0
2428,FALSE,0.0,0.0,0.0,0.0,0.0
2429,FALSE,0.0,0.0,0.0,0.0,0.0
2430,FALSE,0.0,0.0,0.0,0.0,0.0
2431,FALSE,3.16824722290039,0.0,0.0,0.0,0.0
2432,FALSE,0.0,0.0,0.0,0.0,0.0
2433,FALSE,3.7592344284057617,0.0,0.0,0.0,0.0
2434,FALSE,0.0,0.0,0.0,0.0,0.0
2435,FALSE,2.6676862239837646,0.0,0.0,0.0,0.0
2436,FALSE,2.9651122093200684,0.0,0.0,0.0,0.0
2437,FALSE,3.382088661193848,0.0,0.0,0.0,0.0
2438,TRUE,0.0,0.0,0.0,0.0,0.0
2439,FALSE,0.0,0.0,0.0,0.0,0.0
2440,TRUE,0.0,0.0,0.0,0.0,0.0
2441,FALSE,3.599813938140869,0.0,0.0,0.0,0.0
2442,FALSE,3.2591142654418945,0.0,0.0,0.0,0.0
2443,FALSE,4.030269145965576,0.0,0.0,0.0,0.0
2444,FALSE,3.580607652664185,0.0,0.0,0.0,0.0
2445,FALSE,3.593688488006592,0.0,0.0,0.0,0.0
2446,FALSE,3.615164279937744,0.0,0.0,0.0,0.0
2447,TRUE,0.0,0.0,0.0,0.0,0.0
2448,TRUE,0.0,0.0,0.0,0.0,0.0
2449,FALSE,0.0,0.0,0.0,0.0,0.0
2450,FALSE,0.0,0.0,0.0,0.0,0.0
2451,FALSE,0.0,0.0,0.0,0.0,0.0
2452,FALSE,0.0,0.0,0.0,0.0,0.0
2453,FALSE,2.7650113105773926,0.0,0.0,0.0,0.0
2454,FALSE,0.0,0.0,0.0,0.0,0.0
2455,FALSE,3.707451581954956,0.0,0.0,0.0,0.0
2456,FALSE,0.0,0.0,0.0,0.0,0.0
2457,FALSE,3.6698460578918457,0.0,0.0,0.0,0.0
2458,FALSE,3.4351048469543457,0.0,0.0,0.0,0.0
2459,FALSE,4.30322790145874,0.0,0.0,0.0,0.0
2460,FALSE,0.0,0.0,0.0,0.0,0.0
2461,FALSE,4.27643632888794,0.0,0.0,0.0,0.0
2462,FALSE,0.0,0.0,0.0,0.0,0.0
2463,FALSE,4.472979068756104,0.0,0.0,0.0,0.0
2464,FALSE,4.155611515045166,0.0,0.0,0.0,0.0
2465,FALSE,4.072662353515625,0.0,0.0,0.0,0.0
2466,FALSE,4.1382975578308105,0.0,0.0,0.0,0.0
2467,FALSE,4.468576908111572,0.0,0.0,0.0,0.0
2468,FALSE,4.508682727813721,0.0,0.0,0.0,0.0
2469,FALSE,4.794787406921387,0.0,0.0,0.0,0.0
2470,FALSE,4.399454116821289,0.0,0.0,0.0,0.0
2471,FALSE,4.225125789642334,0.0,0.0,0.0,0.0
2472,TRUE,0.0,0.0,0.0,0.0,0.0
2473,FALSE,4.759153842926025,0.0,0.0,0.0,0.0
2474,FALSE,0.0,0.0,0.0,0.0,0.0
2475,FALSE,4.46655797958374,0.0,0.0,0.0,0.0
2476,FALSE,0.0,0.0,0.0,0.0,0.0
2477,FALSE,4.0926432609558105,0.0,0.0,0.0,0.0
2478,FALSE,4.688733577728272,0.0,0.0,0.0,0.0
2479,FALSE,3.823880672454834,0.0,0.0,0.0,0.0
2480,FALSE,4.273983478546143,0.0,0.0,0.0,0.0
2481,FALSE,3.4512879848480225,0.0,0.0,0.0,0.0
2482,FALSE,4.726416110992432,0.0,0.0,0.0,0.0
2483,FALSE,5.05654764175415,0.0,0.0,0.0,0.0
2484,FALSE,4.829910755157471,0.0,0.0,0.0,0.0
2485,FALSE,4.333596229553223,0.0,0.0,0.0,0.0
2486,FALSE,4.152618885040283,0.0,0.0,0.0,0.0
2487,FALSE,4.485031604766846,0.0,0.0,0.0,0.0
2488,TRUE,0.0,0.0,0.0,0.0,0.0
2489,FALSE,4.687563419342041,0.0,0.0,0.0,0.0
2490,FALSE,0.0,0.0,0.0,0.0,0.0
2491,FALSE,5.221940994262695,0.0,0.0,0.0,0.0
2492,FALSE,4.010056972503662,0.0,0.0,0.0,0.0
2493,FALSE,4.849498271942139,0.0,0.0,0.0,0.0
2494,TRUE,0.0,0.0,0.0,0.0,0.0
2495,FALSE,0.0,0.0,0.0,0.0,0.0
2496,FALSE,4.187812328338623,0.0,0.0,0.0,0.0
2497,FALSE,4.516283512115479,0.0,0.0,0.0,0.0
2498,TRUE,0.0,0.0,0.0,0.0,0.0
2499,TRUE,0.0,0.0,0.0,0.0,0.0
2500,FALSE,4.399237155914307,0.0,0.0,0.0,0.0
2501,FALSE,0.0,0.0,0.0,0.0,0.0
2502,FALSE,4.929290294647217,0.0,0.0,0.0,0.0
2503,TRUE,0.0,0.0,0.0,0.0,0.0
2504,FALSE,4.442427158355713,0.0,0.0,0.0,0.0
2505,FALSE,4.39075231552124,0.0,0.0,0.0,0.0
2506,FALSE,5.198035717010498,0.0,0.0,0.0,0.0
2507,FALSE,4.360060214996338,0.0,0.0,0.0,0.0
2508,TRUE,0.0,0.0,0.0,0.0,0.0
2509,FALSE,4.84702205657959,0.0,0.0,0.0,0.0
2510,FALSE,0.0,0.0,0.0,0.0,0.0
2511,FALSE,4.758904457092285,0.0,0.0,0.0,0.0
2512,FALSE,4.462189197540283,0.0,0.0,0.0,0.0
2513,FALSE,4.333579063415527,0.0,0.0,0.0,0.0
2514,TRUE,5.430831432342529,0.0,0.0,0.0,0.0
2515,FALSE,4.242364883422852,0.0,0.0,0.0,0.0
2516,FALSE,4.196289539337158,0.0,0.0,0.0,0.0
2517,FALSE,4.183862686157227,0.0,0.0,0.0,0.0
2518,FALSE,4.265568256378174,0.0,0.0,0.0,0.0
2519,FALSE,4.117104530334473,0.0,0.0,0.0,0.0
2520,FALSE,0.0,0.0,0.0,0.0,0.0
2521,FALSE,5.236580848693848,0.0,0.0,0.0,0.0
2522,FALSE,4.473544597625732,0.0,0.0,0.0,0.0
2523,FALSE,0.0,0.0,0.0,0.0,0.0
2524,FALSE,3.9136056900024414,0.0,0.0,0.0,0.0
2525,FALSE,0.0,0.0,0.0,0.0,0.0
2526,FALSE,4.145332336425781,0.0,0.0,0.0,0.0
2527,FALSE,4.713395595550537,0.0,0.0,0.0,0.0
2528,FALSE,4.385208606719971,0.0,0.0,0.0,0.0
2529,FALSE,4.515957832336426,0.0,0.0,0.0,0.0
2530,FALSE,0.0,0.0,0.0,0.0,0.0
2531,TRUE,4.5732598304748535,0.0,0.0,0.0,0.0
2532,FALSE,4.915872573852539,0.0,0.0,0.0,0.0
2533,FALSE,4.456430912017822,0.0,0.0,0.0,0.0
2534,TRUE,0.0,0.0,0.0,0.0,0.0
2535,TRUE,5.16972541809082,0.0,0.0,0.0,0.0
2536,FALSE,4.342350482940674,0.0,0.0,0.0,0.0
2537,FALSE,4.563721179962158,0.0,0.0,0.0,0.0
2538,FALSE,4.822526454925537,0.0,0.0,0.0,0.0
2539,FALSE,4.514786243438721,0.0,0.0,0.0,0.0
2540,FALSE,4.8956708908081055,0.0,0.0,0.0,0.0
2541,FALSE,4.163964748382568,0.0,0.0,0.0,0.0
2542,FALSE,0.0,0.0,0.0,0.0,0.0
2543,FALSE,5.221718311309815,0.0,0.0,0.0,0.0
2544,TRUE,0.0,0.0,0.0,0.0,0.0
2545,FALSE,4.18552827835083,0.0,0.0,0.0,0.0
2546,FALSE,4.438518047332764,0.0,0.0,0.0,0.0
2547,TRUE,0.0,0.0,0.0,0.0,0.0
2548,FALSE,4.947551250457764,0.0,0.0,0.0,0.0
2549,FALSE,0.0,0.0,0.0,0.0,0.0
2550,FALSE,4.325991153717041,0.0,0.0,0.0,0.0
2551,TRUE,5.122115612030029,0.0,0.0,0.0,0.0
2552,FALSE,3.665774345397949,0.0,0.0,0.0,0.0
2553,FALSE,4.8626227378845215,0.0,0.0,0.0,0.0
2554,TRUE,0.0,0.0,0.0,0.0,0.0
2555,FALSE,4.738066673278809,0.0,0.0,0.0,0.0
2556,FALSE,4.695779323577881,0.0,0.0,0.0,0.0
2557,TRUE,0.0,0.0,0.0,0.0,0.0
2558,FALSE,0.0,0.0,0.0,0.0,0.0
2559,FALSE,3.864910125732422,0.0,0.0,0.0,0.0
2560,TRUE,0.0,0.0,0.0,0.0,0.0
2561,FALSE,4.361030101776123,0.0,0.0,0.0,0.0
2562,FALSE,4.91909646987915,0.0,0.0,0.0,0.0
2563,FALSE,3.9477345943450928,0.0,0.0,0.0,0.0
2564,FALSE,4.08262825012207,0.0,0.0,0.0,0.0
2565,FALSE,4.428560733795166,0.0,0.0,0.0,0.0
2566,FALSE,3.727413892745972,0.0,0.0,0.0,0.0
2567,FALSE,3.5459766387939453,0.0,0.0,0.0,0.0
2568,FALSE,4.52946662902832,0.0,0.0,0.0,0.0
2569,FALSE,4.226009845733643,0.0,0.0,0.0,0.0
2570,FALSE,4.706801891326904,0.0,0.0,0.0,0.0
2571,FALSE,4.702678680419922,0.0,0.0,0.0,0.0
2572,FALSE,5.058675289154053,0.0,0.0,0.0,0.0
2573,FALSE,4.914123058319092,0.0,0.0,0.0,0.0
2574,TRUE,4.847517967224121,0.0,0.0,0.0,0.0
2575,FALSE,4.253054141998291,0.0,0.0,0.0,0.0
2576,FALSE,4.381647109985352,0.0,0.0,0.0,0.0
2577,FALSE,4.263741970062256,0.0,0.0,0.0,0.0
2578,FALSE,1.306551814079285,0.0,0.0,0.0,0.0
2579,FALSE,0.487669825553894,0.0,0.0,0.0,0.0
2580,TRUE,0.0,0.0,0.0,0.0,0.0
2581,FALSE,1.03642475605011,0.0,0.0,0.0,0.0
2582,FALSE,0.0,0.0,0.0,0.0,0.0
2583,TRUE,0.0,0.0,0.0,0.0,0.0
2584,FALSE,0.3652801513671875,0.0,0.0,0.0,0.0
2585,FALSE,0.0,0.0,0.0,0.0,0.0
2586,FALSE,1.2111748456954956,0.0,0.0,0.0,0.0
2587,FALSE,0.3948565125465393,0.0,0.0,0.0,0.0
2588,FALSE,0.8352935314178467,0.0,0.0,0.0,0.0
2589,FALSE,1.6024188995361328,0.0,0.0,0.0,0.0
2590,FALSE,0.3634073138236999,0.0,0.0,0.0,0.0
2591,FALSE,0.3961261510848999,0.0,0.0,0.0,0.0
2592,FALSE,0.0,0.0,0.0,0.0,0.0
2593,TRUE,0.0,0.0,0.0,0.0,0.0
2594,FALSE,1.6733425855636597,0.0,0.0,0.0,0.0
2595,FALSE,0.8082512617111206,0.0,0.0,0.0,0.0
2596,FALSE,0.3079316616058349,0.0,0.0,0.0,0.0
2597,FALSE,0.0852199643850326,0.0,0.0,0.0,0.0
2598,FALSE,1.6604503393173218,0.0,0.0,0.0,0.0
2599,FALSE,0.3090061545372009,0.0,0.0,0.0,0.0
2600,FALSE,1.3875930309295654,0.0,0.0,0.0,0.0
2601,FALSE,1.6142810583114624,0.0,0.0,0.0,0.0
2602,FALSE,1.860085248947144,0.0,0.0,0.0,0.0
2603,TRUE,0.0,0.0,0.0,0.0,0.0
2604,FALSE,5.124080181121826,0.0,0.0,0.0,0.0
2605,FALSE,5.49171781539917,0.0,0.0,0.0,0.0
2606,FALSE,5.179227352142334,0.0,0.0,0.0,0.0
2607,FALSE,5.6317667961120605,0.0,0.0,0.0,0.0
2608,FALSE,0.0,0.0,0.0,0.0,0.0
2609,FALSE,5.200516700744629,0.0,0.0,0.0,0.0
2610,FALSE,5.618920803070068,0.0,0.0,0.0,0.0
2611,FALSE,4.906108379364014,0.0,0.0,0.0,0.0
2612,TRUE,4.992641448974609,0.0,0.0,0.0,0.0
2613,FALSE,5.571858406066895,0.0,0.0,0.0,0.0
2614,FALSE,0.0,0.0,0.0,0.0,0.0
2615,FALSE,0.0,0.0,0.0,0.0,0.0
2616,FALSE,5.388890266418457,0.0,0.0,0.0,0.0
2617,FALSE,5.219846248626709,0.0,0.0,0.0,0.0
2618,TRUE,4.780689716339111,0.0,0.0,0.0,0.0
2619,FALSE,5.586315155029297,0.0,0.0,0.0,0.0
2620,FALSE,5.276167392730713,0.0,0.0,0.0,0.0
2621,FALSE,5.3696370124816895,0.0,0.0,0.0,0.0
2622,TRUE,5.18626880645752,0.0,0.0,0.0,0.0
2623,FALSE,5.472939014434815,0.0,0.0,0.0,0.0
2624,FALSE,5.038552761077881,0.0,0.0,0.0,0.0
2625,FALSE,0.0,0.0,0.0,0.0,0.0
2626,FALSE,5.328176975250244,0.0,0.0,0.0,0.0
2627,TRUE,6.263757705688477,0.0,0.0,0.0,0.0
2628,FALSE,5.384280204772949,0.0,0.0,0.0,0.0
2629,FALSE,4.77440357208252,0.0,0.0,0.0,0.0
2630,FALSE,5.076905727386475,0.0,0.0,0.0,0.0
2631,FALSE,5.801888465881348,0.0,0.0,0.0,0.0
2632,FALSE,3.1628236770629883,0.0,0.0,0.0,0.0
2633,FALSE,5.493650913238525,0.0,0.0,0.0,0.0
2634,FALSE,5.427126407623291,0.0,0.0,0.0,0.0
2635,FALSE,5.903622150421143,0.0,0.0,0.0,0.0
2636,FALSE,5.697861671447754,0.0,0.0,0.0,0.0
2637,FALSE,5.377191066741943,0.0,0.0,0.0,0.0
2638,FALSE,5.055546283721924,0.0,0.0,0.0,0.0
2639,FALSE,5.769764423370361,0.0,0.0,0.0,0.0
2640,FALSE,5.047316074371338,0.0,0.0,0.0,0.0
2641,FALSE,0.0,0.0,0.0,0.0,0.0
2642,FALSE,5.576175689697266,0.0,0.0,0.0,0.0
2643,FALSE,5.2723236083984375,0.0,0.0,0.0,0.0
2644,TRUE,4.706247806549072,0.0,0.0,0.0,0.0
2645,FALSE,5.35437536239624,0.0,0.0,0.0,0.0
2646,FALSE,5.122125148773193,0.0,0.0,0.0,0.0
2647,TRUE,5.369177341461182,0.0,0.0,0.0,0.0
2648,FALSE,5.063461780548096,0.0,0.0,0.0,0.0
2649,FALSE,4.9268107414245605,0.0,0.0,0.0,0.0
2650,FALSE,5.0002055168151855,0.0,0.0,0.0,0.0
2651,FALSE,0.0,0.0,0.0,0.0,0.0
2652,FALSE,5.325558662414551,0.0,0.0,0.0,0.0
2653,FALSE,3.381385803222656,0.0,0.0,0.0,0.0
2654,FALSE,5.196502208709717,0.0,0.0,0.0,0.0
2655,FALSE,4.786889553070068,0.0,0.0,0.0,0.0
2656,TRUE,4.9926438331604,0.0,0.0,0.0,0.0
2657,FALSE,5.440459251403809,0.0,0.0,0.0,0.0
2658,FALSE,5.101501941680908,0.0,0.0,0.0,0.0
2659,FALSE,4.908779621124268,0.0,0.0,0.0,0.0
2660,FALSE,5.642120838165283,0.0,0.0,0.0,0.0
2661,FALSE,5.61368989944458,0.0,0.0,0.0,0.0
2662,FALSE,0.0,0.0,0.0,0.0,0.0
2663,FALSE,5.309350967407227,0.0,0.0,0.0,0.0
2664,FALSE,5.539326190948486,0.0,0.0,0.0,0.0
2665,FALSE,5.377562999725342,0.0,0.0,0.0,0.0
2666,TRUE,4.7762064933776855,0.0,0.0,0.0,0.0
2667,FALSE,5.118058204650879,0.0,0.0,0.0,0.0
2668,FALSE,5.006502628326416,0.0,0.0,0.0,0.0
2669,FALSE,5.6758713722229,0.0,0.0,0.0,0.0
2670,FALSE,5.307124137878418,0.0,0.0,0.0,0.0
2671,FALSE,0.0,0.0,0.0,0.0,0.0
2672,FALSE,5.391602993011475,0.0,0.0,0.0,0.0
2673,FALSE,0.0,0.0,0.0,0.0,0.0
2674,FALSE,5.2126240730285645,0.0,0.0,0.0,0.0
2675,FALSE,0.0,0.0,0.0,0.0,0.0
2676,FALSE,5.352407932281494,0.0,0.0,0.0,0.0
2677,TRUE,5.741786479949951,0.0,0.0,0.0,0.0
2678,FALSE,5.339817523956299,0.0,0.0,0.0,0.0
2679,FALSE,5.396213531494141,0.0,0.0,0.0,0.0
2680,FALSE,5.274423122406006,0.0,0.0,0.0,0.0
2681,FALSE,5.029869079589844,0.0,0.0,0.0,0.0
2682,FALSE,5.371654987335205,0.0,0.0,0.0,0.0
2683,FALSE,5.356726169586182,0.0,0.0,0.0,0.0
2684,FALSE,5.391873836517334,0.0,0.0,0.0,0.0
2685,FALSE,5.422041893005371,0.0,0.0,0.0,0.0
2686,FALSE,4.537724018096924,0.0,0.0,0.0,0.0
2687,TRUE,4.985343456268311,0.0,0.0,0.0,0.0
2688,TRUE,5.04674768447876,0.0,0.0,0.0,0.0
2689,FALSE,5.792483806610107,0.0,0.0,0.0,0.0
2690,FALSE,5.855590343475342,0.0,0.0,0.0,0.0
2691,FALSE,5.555300235748291,0.0,0.0,0.0,0.0
2692,FALSE,5.450099468231201,0.0,0.0,0.0,0.0
2693,FALSE,5.062885284423828,0.0,0.0,0.0,0.0
2694,FALSE,4.895636081695557,0.0,0.0,0.0,0.0
2695,FALSE,5.357790470123291,0.0,0.0,0.0,0.0
2696,FALSE,5.282619953155518,0.0,0.0,0.0,0.0
2697,FALSE,4.930110454559326,0.0,0.0,0.0,0.0
2698,FALSE,5.287440299987793,0.0,0.0,0.0,0.0
2699,TRUE,5.1561384201049805,0.0,0.0,0.0,0.0
2700,FALSE,5.752463817596436,0.0,0.0,0.0,0.0
2701,FALSE,5.304184436798096,0.0,0.0,0.0,0.0
2702,FALSE,5.193674564361572,0.0,0.0,0.0,0.0
2703,TRUE,5.620884418487549,0.0,0.0,0.0,0.0
2704,FALSE,5.644908428192139,0.0,0.0,0.0,0.0
2705,TRUE,5.3655924797058105,0.0,0.0,0.0,0.0
2706,FALSE,0.0,0.0,0.0,0.0,0.0
2707,FALSE,4.819055080413818,0.0,0.0,0.0,0.0
2708,FALSE,0.0,0.0,0.0,0.0,0.0
2709,FALSE,0.0,0.0,0.0,0.0,0.0
2710,FALSE,5.540239810943604,0.0,0.0,0.0,0.0
2711,FALSE,5.466673374176025,0.0,0.0,0.0,0.0
2712,FALSE,5.498358249664307,0.0,0.0,0.0,0.0
2713,FALSE,4.783545970916748,0.0,0.0,0.0,0.0
2714,FALSE,5.548511505126953,0.0,0.0,0.0,0.0
2715,FALSE,5.132692813873291,0.0,0.0,0.0,0.0
2716,TRUE,5.013662815093994,0.0,0.0,0.0,0.0
2717,FALSE,5.122128009796143,0.0,0.0,0.0,0.0
2718,FALSE,5.873225688934326,0.0,0.0,0.0,0.0
2719,FALSE,5.175957679748535,0.0,0.0,0.0,0.0
2720,FALSE,5.577669620513916,0.0,0.0,0.0,0.0
2721,FALSE,4.933325290679932,0.0,0.0,0.0,0.0
2722,FALSE,5.472616672515869,0.0,0.0,0.0,0.0
2723,FALSE,5.286864280700684,0.0,0.0,0.0,0.0
2724,FALSE,4.988147735595703,0.0,0.0,0.0,0.0
2725,FALSE,5.365355014801025,0.0,0.0,0.0,0.0
2726,TRUE,5.399780750274658,0.0,0.0,0.0,0.0
2727,FALSE,5.180661678314209,0.0,0.0,0.0,0.0
2728,FALSE,5.189208984375,0.0,0.0,0.0,0.0
2729,FALSE,5.551292896270752,0.0,0.0,0.0,0.0
2730,FALSE,5.324113368988037,0.0,0.0,0.0,0.0
2731,TRUE,6.264664173126221,0.0,0.0,0.0,0.0
2732,FALSE,0.0,0.0,0.0,0.0,0.0
2733,FALSE,0.0,0.0,0.0,0.0,0.0
2734,FALSE,5.19224739074707,0.0,0.0,0.0,0.0
2735,TRUE,5.264983654022217,0.0,0.0,0.0,0.0
2736,FALSE,5.163320064544678,0.0,0.0,0.0,0.0
2737,FALSE,5.49708890914917,0.0,0.0,0.0,0.0
2738,FALSE,0.0,0.0,0.0,0.0,0.0
2739,FALSE,5.100913047790527,0.0,0.0,0.0,0.0
2740,TRUE,4.805018424987793,0.0,0.0,0.0,0.0
2741,FALSE,5.421814918518066,0.0,0.0,0.0,0.0
2742,TRUE,4.575026035308838,0.0,0.0,0.0,0.0
2743,FALSE,5.354171276092529,0.0,0.0,0.0,0.0
2744,FALSE,5.252196788787842,0.0,0.0,0.0,0.0
2745,FALSE,5.016268253326416,0.0,0.0,0.0,0.0
2746,FALSE,0.0,0.0,0.0,0.0,0.0
2747,FALSE,5.056529998779297,0.0,0.0,0.0,0.0
2748,FALSE,5.240631580352783,0.0,0.0,0.0,0.0
2749,FALSE,0.0,0.0,0.0,0.0,0.0
2750,FALSE,0.0,0.0,0.0,0.0,0.0
2751,FALSE,5.422111988067627,0.0,0.0,0.0,0.0
2752,FALSE,5.387311458587647,0.0,0.0,0.0,0.0
2753,FALSE,5.000570774078369,0.0,0.0,0.0,0.0
2754,FALSE,5.007498264312744,0.0,0.0,0.0,0.0
2755,FALSE,5.0179972648620605,0.0,0.0,0.0,0.0
2756,FALSE,4.635782241821289,0.0,0.0,0.0,0.0
2757,FALSE,5.398749351501465,0.0,0.0,0.0,0.0
2758,FALSE,5.7128424644470215,0.0,0.0,0.0,0.0
2759,TRUE,5.16886568069458,0.0,0.0,0.0,0.0
2760,TRUE,5.258908748626709,0.0,0.0,0.0,0.0
2761,TRUE,6.211047172546387,0.0,0.0,0.0,0.0
2762,TRUE,5.2388434410095215,0.0,0.0,0.0,0.0
2763,FALSE,5.253551959991455,0.0,0.0,0.0,0.0
2764,FALSE,5.201965808868408,0.0,0.0,0.0,0.0
2765,FALSE,5.4523515701293945,0.0,0.0,0.0,0.0
2766,FALSE,5.510645389556885,0.0,0.0,0.0,0.0
2767,FALSE,5.517667293548584,0.0,0.0,0.0,0.0
2768,FALSE,5.148581027984619,0.0,0.0,0.0,0.0
2769,FALSE,4.868821144104004,0.0,0.0,0.0,0.0
2770,TRUE,4.808051109313965,0.0,0.0,0.0,0.0
2771,FALSE,5.516321659088135,0.0,0.0,0.0,0.0
2772,TRUE,3.3094160556793213,0.0,0.0,0.0,0.0
2773,FALSE,5.508411407470703,0.0,0.0,0.0,0.0
2774,FALSE,5.104817867279053,0.0,0.0,0.0,0.0
2775,FALSE,3.528775691986084,0.0,0.0,0.0,0.0
2776,FALSE,5.3732428550720215,0.0,0.0,0.0,0.0
2777,FALSE,0.0,0.0,0.0,0.0,0.0
2778,FALSE,5.106888294219971,0.0,0.0,0.0,0.0
2779,FALSE,5.097030162811279,0.0,0.0,0.0,0.0
2780,FALSE,0.0,0.0,0.0,0.0,0.0
2781,TRUE,4.7490410804748535,0.0,0.0,0.0,0.0
2782,FALSE,5.25420618057251,0.0,0.0,0.0,0.0
2783,TRUE,5.197515964508057,0.0,0.0,0.0,0.0
2784,FALSE,5.603206157684326,0.0,0.0,0.0,0.0
2785,FALSE,5.3398027420043945,0.0,0.0,0.0,0.0
2786,FALSE,4.99888277053833,0.0,0.0,0.0,0.0
2787,FALSE,5.258796215057373,0.0,0.0,0.0,0.0
2788,FALSE,0.0,0.0,0.0,0.0,0.0
2789,FALSE,5.363659381866455,0.0,0.0,0.0,0.0
2790,TRUE,3.212246894836426,0.0,0.0,0.0,0.0
2791,FALSE,4.612459659576416,0.0,0.0,0.0,0.0
2792,FALSE,5.21870231628418,0.0,0.0,0.0,0.0
2793,FALSE,5.169888019561768,0.0,0.0,0.0,0.0
2794,FALSE,5.269476413726807,0.0,0.0,0.0,0.0
2795,FALSE,0.0,0.0,0.0,0.0,0.0
2796,FALSE,5.451467990875244,0.0,0.0,0.0,0.0
2797,FALSE,5.041234493255615,0.0,0.0,0.0,0.0
2798,FALSE,5.228358745574951,0.0,0.0,0.0,0.0
2799,TRUE,5.029946327209473,0.0,0.0,0.0,0.0
2800,FALSE,5.01081132888794,0.0,0.0,0.0,0.0
2801,FALSE,5.286981105804443,0.0,0.0,0.0,0.0
2802,FALSE,5.229894161224365,0.0,0.0,0.0,0.0
2803,FALSE,5.38338041305542,0.0,0.0,0.0,0.0
2804,FALSE,0.0,0.0,0.0,0.0,0.0
2805,FALSE,5.31662654876709,0.0,0.0,0.0,0.0
2806,FALSE,5.244335651397705,0.0,0.0,0.0,0.0
2807,FALSE,5.3567728996276855,0.0,0.0,0.0,0.0
2808,FALSE,0.0,0.0,0.0,0.0,0.0
2809,FALSE,5.26508903503418,0.0,0.0,0.0,0.0
2810,FALSE,0.0,0.0,0.0,0.0,0.0
2811,FALSE,5.147860050201416,0.0,0.0,0.0,0.0
2812,FALSE,5.651724338531494,0.0,0.0,0.0,0.0
2813,FALSE,5.438786506652832,0.0,0.0,0.0,0.0
2814,FALSE,5.320594310760498,0.0,0.0,0.0,0.0
2815,FALSE,5.246825218200684,0.0,0.0,0.0,0.0
2816,FALSE,5.572295665740967,0.0,0.0,0.0,0.0
2817,FALSE,5.7675981521606445,0.0,0.0,0.0,0.0
2818,FALSE,0.0,0.0,0.0,0.0,0.0
2819,FALSE,5.428911209106445,0.0,0.0,0.0,0.0
2820,FALSE,5.290028095245361,0.0,0.0,0.0,0.0
2821,FALSE,5.209739208221436,0.0,0.0,0.0,0.0
2822,FALSE,5.591115474700928,0.0,0.0,0.0,0.0
2823,FALSE,3.627410650253296,0.0,0.0,0.0,0.0
2824,FALSE,5.294396877288818,0.0,0.0,0.0,0.0
2825,FALSE,5.486716270446777,0.0,0.0,0.0,0.0
2826,FALSE,5.16325044631958,0.0,0.0,0.0,0.0
2827,TRUE,5.2499165534973145,0.0,0.0,0.0,0.0
2828,FALSE,5.449365139007568,0.0,0.0,0.0,0.0
2829,FALSE,5.115407943725586,0.0,0.0,0.0,0.0
2830,FALSE,5.611755847930908,0.0,0.0,0.0,0.0
2831,FALSE,0.0,0.0,0.0,0.0,0.0
2832,FALSE,5.57390022277832,0.0,0.0,0.0,0.0
2833,FALSE,0.0,0.0,0.0,0.0,0.0
2834,FALSE,5.031872272491455,0.0,0.0,0.0,0.0
2835,TRUE,5.067240238189697,0.0,0.0,0.0,0.0
2836,FALSE,5.509432792663574,0.0,0.0,0.0,0.0
2837,FALSE,1.2433003187179563,0.0,0.0,0.0,0.0
2838,FALSE,1.8561705350875848,0.0,0.0,0.0,0.0
2839,FALSE,0.6486195921897888,0.0,0.0,0.0,0.0
2840,FALSE,1.054399847984314,0.0,0.0,0.0,0.0
2841,TRUE,1.101478099822998,0.0,0.0,0.0,0.0
2842,FALSE,0.0,0.0,0.0,0.0,0.0
2843,TRUE,0.0,0.0,0.0,0.0,0.0
2844,TRUE,0.5735970735549927,0.0,0.0,0.0,0.0
2845,TRUE,0.0,0.0,0.0,0.0,0.0
2846,FALSE,0.6334700584411621,0.0,0.0,0.0,0.0
2847,FALSE,0.665209174156189,0.0,0.0,0.0,0.0
2848,FALSE,1.0320881605148315,0.0,0.0,0.0,0.0
2849,FALSE,0.6696887612342834,0.0,0.0,0.0,0.0
2850,FALSE,0.6604604721069336,0.0,0.0,0.0,0.0
2851,FALSE,0.8203413486480713,0.0,0.0,0.0,0.0
2852,FALSE,1.117007851600647,0.0,0.0,0.0,0.0
2853,TRUE,0.0,0.0,0.0,0.0,0.0
2854,FALSE,0.7395026683807373,0.0,0.0,0.0,0.0
2855,FALSE,0.9950817227363586,0.0,0.0,0.0,0.0
2856,FALSE,0.7108687162399292,0.0,0.0,0.0,0.0
2857,FALSE,0.0,0.0,0.0,0.0,0.0
2858,TRUE,0.5959370136260986,0.0,0.0,0.0,0.0
2859,FALSE,1.0750436782836914,0.0,0.0,0.0,0.0
2860,FALSE,1.0910848379135132,0.0,0.0,0.0,0.0
2861,FALSE,0.0,0.0,0.0,0.0,0.0
2862,FALSE,0.8600708246231079,0.0,0.0,0.0,0.0
2863,FALSE,1.2017942667007446,0.0,0.0,0.0,0.0
2864,FALSE,1.5263735055923462,0.0,0.0,0.0,0.0
2865,FALSE,0.0,0.0,0.0,0.0,0.0
2866,TRUE,0.0,0.0,0.0,0.0,0.0
2867,FALSE,0.0,0.0,0.0,0.0,0.0
2868,FALSE,2.346866607666016,0.0,0.0,0.0,0.0
2869,FALSE,0.7252879738807678,0.0,0.0,0.0,0.0
2870,FALSE,0.0,0.0,0.0,0.0,0.0
2871,FALSE,0.5579482913017273,0.0,0.0,0.0,0.0
2872,FALSE,0.6747573614120483,0.0,0.0,0.0,0.0
2873,TRUE,0.583081066608429,0.0,0.0,0.0,0.0
2874,FALSE,0.6204481720924377,0.0,0.0,0.0,0.0
2875,TRUE,0.0,0.0,0.0,0.0,0.0
2876,FALSE,0.7566788792610168,0.0,0.0,0.0,0.0
2877,FALSE,0.0,0.0,0.0,0.0,0.0
2878,FALSE,0.0,0.0,0.0,0.0,0.0
2879,FALSE,0.7477259635925293,0.0,0.0,0.0,0.0
2880,TRUE,0.0,0.0,0.0,0.0,0.0
2881,FALSE,0.8427432775497437,0.0,0.0,0.0,0.0
2882,FALSE,0.8720831871032715,0.0,0.0,0.0,0.0
2883,FALSE,1.2348564863204956,0.0,0.0,0.0,0.0
2884,FALSE,1.1528542041778564,0.0,0.0,0.0,0.0
2885,FALSE,1.837217926979065,0.0,0.0,0.0,0.0
2886,FALSE,1.443149209022522,0.0,0.0,0.0,0.0
2887,FALSE,0.9824485182762146,0.0,0.0,0.0,0.0
2888,TRUE,0.6025022864341736,0.0,0.0,0.0,0.0
2889,FALSE,1.027242660522461,0.0,0.0,0.0,0.0
2890,FALSE,1.024172067642212,0.0,0.0,0.0,0.0
2891,FALSE,0.6460219025611877,0.0,0.0,0.0,0.0
2892,FALSE,0.9994019269943236,0.0,0.0,0.0,0.0
2893,TRUE,0.0,0.0,0.0,0.0,0.0
2894,TRUE,0.6520542502403259,0.0,0.0,0.0,0.0
2895,TRUE,2.49727725982666,0.0,0.0,0.0,0.0
2896,FALSE,0.6774981021881104,0.0,0.0,0.0,0.0
2897,FALSE,1.2169997692108154,0.0,0.0,0.0,0.0
2898,FALSE,0.0,0.0,0.0,0.0,0.0
2899,TRUE,0.0,0.0,0.0,0.0,0.0
2900,FALSE,0.6539497971534729,0.0,0.0,0.0,0.0
2901,FALSE,0.6023566126823425,0.0,0.0,0.0,0.0
2902,FALSE,0.5982295870780945,0.0,0.0,0.0,0.0
2903,FALSE,0.0,0.0,0.0,0.0,0.0
2904,FALSE,0.0,0.0,0.0,0.0,0.0
2905,FALSE,0.6641224026679993,0.0,0.0,0.0,0.0
2906,FALSE,0.6293265223503113,0.0,0.0,0.0,0.0
2907,FALSE,0.0,0.0,0.0,0.0,0.0
2908,TRUE,0.0,0.0,0.0,0.0,0.0
2909,TRUE,1.067110300064087,0.0,0.0,0.0,0.0
2910,FALSE,1.6392306089401243,0.0,0.0,0.0,0.0
2911,TRUE,0.6728498935699463,0.0,0.0,0.0,0.0
2912,FALSE,1.0316441059112549,0.0,0.0,0.0,0.0
2913,FALSE,0.6142800450325012,0.0,0.0,0.0,0.0
2914,TRUE,0.6252055764198303,0.0,0.0,0.0,0.0
2915,FALSE,0.6210975050926208,0.0,0.0,0.0,0.0
2916,TRUE,0.9258582592010498,0.0,0.0,0.0,0.0
2917,FALSE,0.779604971408844,0.0,0.0,0.0,0.0
2918,FALSE,0.7336409091949463,0.0,0.0,0.0,0.0
2919,FALSE,0.6923252940177917,0.0,0.0,0.0,0.0
2920,TRUE,0.7697157263755798,0.0,0.0,0.0,0.0
2921,FALSE,1.1786524057388306,0.0,0.0,0.0,0.0
2922,TRUE,0.7130420207977295,0.0,0.0,0.0,0.0
2923,FALSE,0.6126457452774048,0.0,0.0,0.0,0.0
2924,TRUE,0.5747215151786804,0.0,0.0,0.0,0.0
2925,TRUE,0.7838199734687805,0.0,0.0,0.0,0.0
2926,TRUE,0.0,0.0,0.0,0.0,0.0
2927,TRUE,0.585666298866272,0.0,0.0,0.0,0.0
2928,FALSE,1.4178593158721924,0.0,0.0,0.0,0.0
2929,FALSE,0.827465295791626,0.0,0.0,0.0,0.0
2930,TRUE,0.0,0.0,0.0,0.0,0.0
2931,TRUE,0.0,0.0,0.0,0.0,0.0
2932,TRUE,0.6680246591567993,0.0,0.0,0.0,0.0
2933,FALSE,0.0,0.0,0.0,0.0,0.0
2934,FALSE,1.2357574701309204,0.0,0.0,0.0,0.0
2935,FALSE,0.6570489406585693,0.0,0.0,0.0,0.0
2936,TRUE,0.0,0.0,0.0,0.0,0.0
2937,FALSE,1.3524707555770874,0.0,0.0,0.0,0.0
2938,TRUE,1.06050705909729,0.0,0.0,0.0,0.0
2939,FALSE,0.5427408218383789,0.0,0.0,0.0,0.0
2940,FALSE,0.6528322696685791,0.0,0.0,0.0,0.0
2941,FALSE,0.5955525636672974,0.0,0.0,0.0,0.0
2942,TRUE,0.8652831315994263,0.0,0.0,0.0,0.0
2943,FALSE,1.8349093198776243,0.0,0.0,0.0,0.0
2944,FALSE,1.179076075553894,0.0,0.0,0.0,0.0
2945,FALSE,0.6460009217262268,0.0,0.0,0.0,0.0
2946,FALSE,1.0339301824569702,0.0,0.0,0.0,0.0
2947,FALSE,0.0,0.0,0.0,0.0,0.0
2948,FALSE,0.0,0.0,0.0,0.0,0.0
2949,FALSE,2.572926044464112,0.0,0.0,0.0,0.0
2950,FALSE,1.5602747201919556,0.0,0.0,0.0,0.0
2951,TRUE,0.6170164346694946,0.0,0.0,0.0,0.0
2952,TRUE,0.6039467453956604,0.0,0.0,0.0,0.0
2953,TRUE,1.0756181478500366,0.0,0.0,0.0,0.0
2954,FALSE,1.0143029689788818,0.0,0.0,0.0,0.0
2955,FALSE,0.7680382132530212,0.0,0.0,0.0,0.0
2956,FALSE,0.5784173011779785,0.0,0.0,0.0,0.0
2957,FALSE,0.7363061904907227,0.0,0.0,0.0,0.0
2958,FALSE,0.7922018766403198,0.0,0.0,0.0,0.0
2959,FALSE,1.2788639068603516,0.0,0.0,0.0,0.0
2960,FALSE,0.0,0.0,0.0,0.0,0.0
2961,FALSE,0.6478500962257385,0.0,0.0,0.0,0.0
2962,FALSE,1.096070408821106,0.0,0.0,0.0,0.0
2963,FALSE,0.0,0.0,0.0,0.0,0.0
2964,TRUE,0.5870047807693481,0.0,0.0,0.0,0.0
2965,FALSE,0.6973812580108643,0.0,0.0,0.0,0.0
2966,FALSE,0.6576863527297974,0.0,0.0,0.0,0.0
2967,FALSE,0.9110653400421144,0.0,0.0,0.0,0.0
2968,FALSE,0.0,0.0,0.0,0.0,0.0
2969,FALSE,0.6648221015930176,0.0,0.0,0.0,0.0
2970,FALSE,1.8669027090072632,0.0,0.0,0.0,0.0
2971,FALSE,1.9158493280410769,0.0,0.0,0.0,0.0
2972,FALSE,0.6521239876747131,0.0,0.0,0.0,0.0
2973,FALSE,1.0783262252807615,0.0,0.0,0.0,0.0
2974,FALSE,0.6676137447357178,0.0,0.0,0.0,0.0
2975,FALSE,1.0171455144882202,0.0,0.0,0.0,0.0
2976,FALSE,0.0,0.0,0.0,0.0,0.0
2977,TRUE,0.7752959132194519,0.0,0.0,0.0,0.0
2978,FALSE,1.211886286735535,0.0,0.0,0.0,0.0
2979,FALSE,0.6369227170944214,0.0,0.0,0.0,0.0
2980,FALSE,0.0,0.0,0.0,0.0,0.0
2981,TRUE,1.08231520652771,0.0,0.0,0.0,0.0
2982,FALSE,0.0,0.0,0.0,0.0,0.0
2983,FALSE,0.6712090969085693,0.0,0.0,0.0,0.0
2984,FALSE,0.0,0.0,0.0,0.0,0.0
2985,FALSE,0.6251182556152344,0.0,0.0,0.0,0.0
2986,FALSE,0.0,0.0,0.0,0.0,0.0
2987,FALSE,0.0,0.0,0.0,0.0,0.0
2988,FALSE,0.5767302513122559,0.0,0.0,0.0,0.0
2989,TRUE,0.7982880473136902,0.0,0.0,0.0,0.0
2990,TRUE,0.0,0.0,0.0,0.0,0.0
2991,FALSE,1.142406940460205,0.0,0.0,0.0,0.0
2992,TRUE,0.0,0.0,0.0,0.0,0.0
2993,FALSE,1.157567024230957,0.0,0.0,0.0,0.0
2994,TRUE,0.0,0.0,0.0,0.0,0.0
2995,TRUE,0.0,0.0,0.0,0.0,0.0
2996,TRUE,1.0952119827270508,0.0,0.0,0.0,0.0
2997,FALSE,0.0,0.0,0.0,0.0,0.0
2998,TRUE,2.106450080871582,0.0,0.0,0.0,0.0
2999,FALSE,0.958559274673462,0.0,0.0,0.0,0.0
3000,FALSE,0.6439049243927002,0.0,0.0,0.0,0.0
3001,FALSE,0.5921878814697266,0.0,0.0,0.0,0.0
3002,FALSE,0.0,0.0,0.0,0.0,0.0
3003,FALSE,0.0,0.0,0.0,0.0,0.0
3004,FALSE,0.7135707139968872,0.0,0.0,0.0,0.0
3005,FALSE,0.6596211194992065,0.0,0.0,0.0,0.0
3006,TRUE,0.0,0.0,0.0,0.0,0.0
3007,FALSE,0.0,0.0,0.0,0.0,0.0
3008,FALSE,2.8978195190429688,0.0,0.0,0.0,0.0
3009,FALSE,0.6918168067932129,0.0,0.0,0.0,0.0
3010,TRUE,0.0,0.0,0.0,0.0,0.0
3011,FALSE,1.0172853469848633,0.0,0.0,0.0,0.0
3012,FALSE,1.0683329105377195,0.0,0.0,0.0,0.0
3013,FALSE,0.0,0.0,0.0,0.0,0.0
3014,FALSE,0.5952985286712646,0.0,0.0,0.0,0.0
3015,FALSE,0.8484108448028564,0.0,0.0,0.0,0.0
3016,FALSE,0.6312335729598999,0.0,0.0,0.0,0.0
3017,FALSE,0.846920371055603,0.0,0.0,0.0,0.0
3018,FALSE,0.6212303042411804,0.0,0.0,0.0,0.0
3019,FALSE,0.9636719226837158,0.0,0.0,0.0,0.0
3020,TRUE,2.783559083938598,0.0,0.0,0.0,0.0
3021,FALSE,3.119293212890625,0.0,0.0,0.0,0.0
3022,TRUE,0.0,0.0,0.0,0.0,0.0
3023,FALSE,2.777648687362671,0.0,0.0,0.0,0.0
3024,FALSE,2.6963367462158203,0.0,0.0,0.0,0.0
3025,FALSE,2.5531392097473145,0.0,0.0,0.0,0.0
3026,TRUE,0.0,0.0,0.0,0.0,0.0
3027,TRUE,3.445868492126465,0.0,0.0,0.0,0.0
3028,TRUE,2.9757156372070312,0.0,0.0,0.0,0.0
3029,TRUE,3.810288190841675,0.0,0.0,0.0,0.0
3030,FALSE,3.458752155303955,0.0,0.0,0.0,0.0
3031,FALSE,2.968636512756348,0.0,0.0,0.0,0.0
3032,FALSE,2.493294239044189,0.0,0.0,0.0,0.0
3033,TRUE,2.928826332092285,0.0,0.0,0.0,0.0
3034,TRUE,2.851202726364136,0.0,0.0,0.0,0.0
3035,TRUE,1.80170738697052,0.0,0.0,0.0,0.0
3036,TRUE,0.0,0.0,0.0,0.0,0.0
3037,TRUE,2.9513702392578125,0.0,0.0,0.0,0.0
3038,TRUE,3.404348373413086,0.0,0.0,0.0,0.0
3039,FALSE,2.859229564666748,0.0,0.0,0.0,0.0
3040,FALSE,2.6025266647338867,0.0,0.0,0.0,0.0
3041,TRUE,3.463547706604004,0.0,0.0,0.0,0.0
3042,TRUE,2.930315494537353,0.0,0.0,0.0,0.0
3043,FALSE,3.0730538368225098,0.0,0.0,0.0,0.0
3044,FALSE,3.469655513763428,0.0,0.0,0.0,0.0
3045,FALSE,3.559542179107666,0.0,0.0,0.0,0.0
3046,FALSE,2.700827121734619,0.0,0.0,0.0,0.0
3047,TRUE,2.409860372543335,0.0,0.0,0.0,0.0
3048,TRUE,2.837682247161865,0.0,0.0,0.0,0.0
3049,TRUE,0.0,0.0,0.0,0.0,0.0
3050,TRUE,2.961466789245605,0.0,0.0,0.0,0.0
3051,TRUE,2.7927701473236084,0.0,0.0,0.0,0.0
3052,FALSE,2.9728450775146484,0.0,0.0,0.0,0.0
3053,TRUE,3.0395164489746094,0.0,0.0,0.0,0.0
3054,FALSE,2.632885456085205,0.0,0.0,0.0,0.0
3055,FALSE,2.8315889835357666,0.0,0.0,0.0,0.0
3056,FALSE,2.50966215133667,0.0,0.0,0.0,0.0
3057,TRUE,3.6224172115325928,0.0,0.0,0.0,0.0
3058,FALSE,3.209888458251953,0.0,0.0,0.0,0.0
3059,TRUE,3.936991214752197,0.0,0.0,0.0,0.0
3060,TRUE,3.5973575115203857,0.0,0.0,0.0,0.0
3061,TRUE,0.0,0.0,0.0,0.0,0.0
3062,TRUE,3.0728635787963867,0.0,0.0,0.0,0.0
3063,TRUE,3.4636924266815186,0.0,0.0,0.0,0.0
3064,TRUE,2.333049058914185,0.0,0.0,0.0,0.0
3065,TRUE,2.390348196029663,0.0,0.0,0.0,0.0
3066,TRUE,3.475764751434326,0.0,0.0,0.0,0.0
3067,TRUE,3.255946636199951,0.0,0.0,0.0,0.0
3068,FALSE,3.123523712158203,0.0,0.0,0.0,0.0
3069,TRUE,3.458372116088867,0.0,0.0,0.0,0.0
3070,FALSE,0.9049538373947144,0.0,0.0,0.0,0.0
3071,FALSE,3.2427589893341064,0.0,0.0,0.0,0.0
3072,FALSE,2.6684024333953857,0.0,0.0,0.0,0.0
3073,TRUE,3.561930179595948,0.0,0.0,0.0,0.0
3074,FALSE,2.6959238052368164,0.0,0.0,0.0,0.0
3075,TRUE,0.0,0.0,0.0,0.0,0.0
3076,TRUE,2.971557140350342,0.0,0.0,0.0,0.0
3077,FALSE,2.5590994358062744,0.0,0.0,0.0,0.0
3078,FALSE,2.574049472808838,0.0,0.0,0.0,0.0
3079,TRUE,0.0,0.0,0.0,0.0,0.0
3080,FALSE,2.621457576751709,0.0,0.0,0.0,0.0
3081,FALSE,2.906898498535156,0.0,0.0,0.0,0.0
3082,FALSE,2.659629821777344,0.0,0.0,0.0,0.0
3083,FALSE,3.0793991088867188,0.0,0.0,0.0,0.0
3084,FALSE,3.232297658920288,0.0,0.0,0.0,0.0
3085,TRUE,3.4540047645568848,0.0,0.0,0.0,0.0
3086,TRUE,0.0,0.0,0.0,0.0,0.0
3087,FALSE,2.995045185089112,0.0,0.0,0.0,0.0
3088,TRUE,1.8175514936447144,0.0,0.0,0.0,0.0
3089,FALSE,2.880307674407959,0.0,0.0,0.0,0.0
3090,TRUE,0.0,0.0,0.0,0.0,0.0
3091,TRUE,2.689507484436035,0.0,0.0,0.0,0.0
3092,FALSE,2.434305191040039,0.0,0.0,0.0,0.0
3093,FALSE,3.3013689517974854,0.0,0.0,0.0,0.0
3094,TRUE,0.0,0.0,0.0,0.0,0.0
3095,FALSE,2.807720184326172,0.0,0.0,0.0,0.0
3096,FALSE,2.7452971935272217,0.0,0.0,0.0,0.0
3097,FALSE,3.1138923168182373,0.0,0.0,0.0,0.0
3098,TRUE,0.0,0.0,0.0,0.0,0.0
3099,TRUE,1.7438315153121948,0.0,0.0,0.0,0.0
3100,TRUE,0.0,0.0,0.0,0.0,0.0
3101,TRUE,0.0,0.0,0.0,0.0,0.0
3102,TRUE,0.0,0.0,0.0,0.0,0.0
3103,TRUE,2.1405725479125977,0.0,0.0,0.0,0.0
3104,TRUE,2.994027614593506,0.0,0.0,0.0,0.0
3105,TRUE,0.0,0.0,0.0,0.0,0.0
3106,TRUE,3.9658994674682617,0.0,0.0,0.0,0.0
3107,TRUE,2.7109289169311523,0.0,0.0,0.0,0.0
3108,TRUE,0.0,0.0,0.0,0.0,0.0
3109,FALSE,3.020693302154541,0.0,0.0,0.0,0.0
3110,TRUE,4.373673915863037,0.0,0.0,0.0,0.0
3111,FALSE,0.196497306227684,0.0,0.0,0.0,0.0
3112,FALSE,3.595782518386841,0.0,0.0,0.0,0.0
3113,FALSE,2.970771312713623,0.0,0.0,0.0,0.0
3114,FALSE,2.7839794158935547,0.0,0.0,0.0,0.0
3115,FALSE,2.8992340564727783,0.0,0.0,0.0,0.0
3116,FALSE,2.467606544494629,0.0,0.0,0.0,0.0
3117,FALSE,2.7113499641418457,0.0,0.0,0.0,0.0
3118,TRUE,2.4949758052825928,0.0,0.0,0.0,0.0
3119,TRUE,0.0,0.0,0.0,0.0,0.0
3120,TRUE,3.884048461914064,0.0,0.0,0.0,0.0
3121,FALSE,2.670257806777954,0.0,0.0,0.0,0.0
3122,FALSE,3.1104626655578613,0.0,0.0,0.0,0.0
3123,FALSE,2.990483522415161,0.0,0.0,0.0,0.0
3124,TRUE,0.0,0.0,0.0,0.0,0.0
3125,FALSE,3.0068552494049072,0.0,0.0,0.0,0.0
3126,TRUE,2.8292150497436523,0.0,0.0,0.0,0.0
3127,TRUE,3.629297256469727,0.0,0.0,0.0,0.0
3128,TRUE,2.980670928955078,0.0,0.0,0.0,0.0
3129,TRUE,3.046550035476685,0.0,0.0,0.0,0.0
3130,FALSE,3.105807065963745,0.0,0.0,0.0,0.0
3131,FALSE,3.389677762985229,0.0,0.0,0.0,0.0
3132,TRUE,0.0,0.0,0.0,0.0,0.0
3133,TRUE,2.173460960388184,0.0,0.0,0.0,0.0
3134,FALSE,2.756967544555664,0.0,0.0,0.0,0.0
3135,TRUE,0.0,0.0,0.0,0.0,0.0
3136,TRUE,2.906103610992432,0.0,0.0,0.0,0.0
3137,TRUE,3.2796053886413574,0.0,0.0,0.0,0.0
3138,FALSE,3.1316888332366943,0.0,0.0,0.0,0.0
3139,TRUE,3.7836318016052246,0.0,0.0,0.0,0.0
3140,TRUE,2.808729648590088,0.0,0.0,0.0,0.0
3141,TRUE,3.5847959518432617,0.0,0.0,0.0,0.0
3142,TRUE,0.0,0.0,0.0,0.0,0.0
3143,FALSE,2.6004889011383057,0.0,0.0,0.0,0.0
3144,TRUE,2.160130262374878,0.0,0.0,0.0,0.0
3145,TRUE,0.0,0.0,0.0,0.0,0.0
3146,FALSE,2.5614819526672363,0.0,0.0,0.0,0.0
3147,TRUE,0.0,0.0,0.0,0.0,0.0
3148,FALSE,2.9343008995056152,0.0,0.0,0.0,0.0
3149,FALSE,2.905383825302124,0.0,0.0,0.0,0.0
3150,FALSE,3.082624912261963,0.0,0.0,0.0,0.0
3151,FALSE,2.443917751312256,0.0,0.0,0.0,0.0
3152,FALSE,3.8533663749694815,0.0,0.0,0.0,0.0
3153,TRUE,4.026844501495361,0.0,0.0,0.0,0.0
3154,FALSE,4.201759338378906,0.0,0.0,0.0,0.0
3155,TRUE,4.282039642333984,0.0,0.0,0.0,0.0
3156,FALSE,4.488646984100342,0.0,0.0,0.0,0.0
3157,FALSE,4.029693126678467,0.0,0.0,0.0,0.0
3158,TRUE,0.0,0.0,0.0,0.0,0.0
3159,FALSE,3.395698308944702,0.0,0.0,0.0,0.0
3160,TRUE,5.296144008636475,0.0,0.0,0.0,0.0
3161,TRUE,3.7373299598693848,0.0,0.0,0.0,0.0
3162,TRUE,0.0,0.0,0.0,0.0,0.0
3163,TRUE,4.201030731201172,0.0,0.0,0.0,0.0
3164,TRUE,4.090726852416992,0.0,0.0,0.0,0.0
3165,TRUE,3.960104465484619,0.0,0.0,0.0,0.0
3166,TRUE,3.801452159881592,0.0,0.0,0.0,0.0
3167,TRUE,4.3709330558776855,0.0,0.0,0.0,0.0
3168,FALSE,1.869962215423584,0.0,0.0,0.0,0.0
3169,TRUE,4.2249674797058105,0.0,0.0,0.0,0.0
3170,TRUE,5.341524600982666,0.0,0.0,0.0,0.0
3171,TRUE,4.2042999267578125,0.0,0.0,0.0,0.0
3172,TRUE,5.377627372741699,0.0,0.0,0.0,0.0
3173,TRUE,4.401488780975342,0.0,0.0,0.0,0.0
3174,FALSE,4.680262565612793,0.0,0.0,0.0,0.0
3175,TRUE,4.194026470184326,0.0,0.0,0.0,0.0
3176,FALSE,3.89220118522644,0.0,0.0,0.0,0.0
3177,TRUE,4.237979888916016,0.0,0.0,0.0,0.0
3178,TRUE,4.829293727874756,0.0,0.0,0.0,0.0
3179,TRUE,3.98651647567749,0.0,0.0,0.0,0.0
3180,TRUE,3.885619163513184,0.0,0.0,0.0,0.0
3181,TRUE,3.98227596282959,0.0,0.0,0.0,0.0
3182,TRUE,0.0,0.0,0.0,0.0,0.0
3183,TRUE,3.817399024963379,0.0,0.0,0.0,0.0
3184,FALSE,3.375953197479248,0.0,0.0,0.0,0.0
3185,TRUE,4.188085079193115,0.0,0.0,0.0,0.0
3186,FALSE,4.270923137664795,0.0,0.0,0.0,0.0
3187,TRUE,3.982385635375977,0.0,0.0,0.0,0.0
3188,FALSE,3.6211862564086914,0.0,0.0,0.0,0.0
3189,FALSE,4.050938129425049,0.0,0.0,0.0,0.0
3190,TRUE,0.0,0.0,0.0,0.0,0.0
3191,TRUE,4.41894006729126,0.0,0.0,0.0,0.0
3192,TRUE,4.697421550750732,0.0,0.0,0.0,0.0
3193,FALSE,4.008534908294678,0.0,0.0,0.0,0.0
3194,FALSE,3.957654714584351,0.0,0.0,0.0,0.0
3195,TRUE,0.0,0.0,0.0,0.0,0.0
3196,FALSE,3.3359835147857666,0.0,0.0,0.0,0.0
3197,FALSE,4.354570865631104,0.0,0.0,0.0,0.0
3198,TRUE,3.3861405849456787,0.0,0.0,0.0,0.0
3199,TRUE,4.148543357849121,0.0,0.0,0.0,0.0
3200,TRUE,0.0,0.0,0.0,0.0,0.0
3201,FALSE,3.643778324127197,0.0,0.0,0.0,0.0
3202,TRUE,3.598992824554444,0.0,0.0,0.0,0.0
3203,TRUE,4.082256317138672,0.0,0.0,0.0,0.0
3204,FALSE,0.0,0.0,0.0,0.0,0.0
3205,TRUE,0.0,0.0,0.0,0.0,0.0
3206,TRUE,3.6746790409088135,0.0,0.0,0.0,0.0
3207,FALSE,0.0,0.0,0.0,0.0,0.0
3208,TRUE,0.0,0.0,0.0,0.0,0.0
3209,TRUE,4.670119762420654,0.0,0.0,0.0,0.0
3210,TRUE,5.522348403930664,0.0,0.0,0.0,0.0
3211,TRUE,5.026400089263916,0.0,0.0,0.0,0.0
3212,TRUE,4.616156101226807,0.0,0.0,0.0,0.0
3213,TRUE,4.633460998535156,0.0,0.0,0.0,0.0
3214,TRUE,3.637248754501343,0.0,0.0,0.0,0.0
3215,TRUE,4.5651535987854,0.0,0.0,0.0,0.0
3216,FALSE,4.336176872253418,0.0,0.0,0.0,0.0
3217,TRUE,0.0,0.0,0.0,0.0,0.0
3218,FALSE,3.7823877334594727,0.0,0.0,0.0,0.0
3219,TRUE,4.613714694976807,0.0,0.0,0.0,0.0
3220,TRUE,3.405083179473877,0.0,0.0,0.0,0.0
3221,FALSE,4.190864562988281,0.0,0.0,0.0,0.0
3222,TRUE,3.865681171417236,0.0,0.0,0.0,0.0
3223,FALSE,3.9964559078216553,0.0,0.0,0.0,0.0
3224,FALSE,4.765268802642822,0.0,0.0,0.0,0.0
3225,TRUE,0.0,0.0,0.0,0.0,0.0
3226,TRUE,5.241371154785156,0.0,0.0,0.0,0.0
3227,TRUE,4.193603038787842,0.0,0.0,0.0,0.0
3228,TRUE,4.190845966339111,0.0,0.0,0.0,0.0
3229,FALSE,4.284694194793701,0.0,0.0,0.0,0.0
3230,TRUE,0.0,0.0,0.0,0.0,0.0
3231,TRUE,4.118215084075928,0.0,0.0,0.0,0.0
3232,TRUE,4.272653579711914,0.0,0.0,0.0,0.0
3233,FALSE,3.4016387462615967,0.0,0.0,0.0,0.0
3234,FALSE,3.8611557483673096,0.0,0.0,0.0,0.0
3235,TRUE,4.125408172607422,0.0,0.0,0.0,0.0
3236,TRUE,4.896875381469727,0.0,0.0,0.0,0.0
3237,FALSE,3.77707314491272,0.0,0.0,0.0,0.0
3238,TRUE,4.528153896331787,0.0,0.0,0.0,0.0
3239,FALSE,3.8314785957336426,0.0,0.0,0.0,0.0
3240,TRUE,4.453916549682617,0.0,0.0,0.0,0.0
3241,TRUE,0.0,0.0,0.0,0.0,0.0
3242,TRUE,4.590515613555908,0.0,0.0,0.0,0.0
3243,TRUE,3.9872350692749023,0.0,0.0,0.0,0.0
3244,TRUE,0.0,0.0,0.0,0.0,0.0
3245,TRUE,4.737272262573242,0.0,0.0,0.0,0.0
3246,TRUE,0.0,0.0,0.0,0.0,0.0
3247,TRUE,3.6758933067321777,0.0,0.0,0.0,0.0
3248,FALSE,4.948315143585205,0.0,0.0,0.0,0.0
3249,FALSE,4.404918193817139,0.0,0.0,0.0,0.0
3250,TRUE,4.864830493927002,0.0,0.0,0.0,0.0
3251,TRUE,3.4651541709899902,0.0,0.0,0.0,0.0
3252,TRUE,0.0,0.0,0.0,0.0,0.0
3253,TRUE,4.239161968231201,0.0,0.0,0.0,0.0
3254,TRUE,4.156744003295898,0.0,0.0,0.0,0.0
3255,FALSE,4.347012519836426,0.0,0.0,0.0,0.0
3256,TRUE,0.0,0.0,0.0,0.0,0.0
3257,TRUE,0.0,0.0,0.0,0.0,0.0
3258,TRUE,3.6908364295959473,0.0,0.0,0.0,0.0
3259,FALSE,3.821348428726196,0.0,0.0,0.0,0.0
3260,FALSE,4.336120128631592,0.0,0.0,0.0,0.0
3261,FALSE,3.917949914932251,0.0,0.0,0.0,0.0
3262,FALSE,4.108770847320557,0.0,0.0,0.0,0.0
3263,TRUE,4.4290876388549805,0.0,0.0,0.0,0.0
3264,FALSE,4.759925365447998,0.0,0.0,0.0,0.0
3265,TRUE,3.7564268112182617,0.0,0.0,0.0,0.0
3266,FALSE,4.147670745849609,0.0,0.0,0.0,0.0
3267,FALSE,4.128352642059326,0.0,0.0,0.0,0.0
3268,FALSE,4.280106067657471,0.0,0.0,0.0,0.0
3269,TRUE,4.512543201446533,0.0,0.0,0.0,0.0
3270,TRUE,4.172672271728516,0.0,0.0,0.0,0.0
3271,TRUE,4.281461238861084,0.0,0.0,0.0,0.0
3272,TRUE,4.162895202636719,0.0,0.0,0.0,0.0
3273,TRUE,4.966616630554199,0.0,0.0,0.0,0.0
3274,FALSE,4.087605953216553,0.0,0.0,0.0,0.0
3275,FALSE,4.968196392059326,0.0,0.0,0.0,0.0
3276,TRUE,0.0,0.0,0.0,0.0,0.0
3277,TRUE,3.574425220489502,0.0,0.0,0.0,0.0
3278,TRUE,3.994816541671753,0.0,0.0,0.0,0.0
3279,TRUE,3.4036684036254883,0.0,0.0,0.0,0.0
3280,TRUE,3.689253568649292,0.0,0.0,0.0,0.0
3281,FALSE,4.179426193237305,0.0,0.0,0.0,0.0
3282,TRUE,0.0,0.0,0.0,0.0,0.0
3283,TRUE,3.93746280670166,0.0,0.0,0.0,0.0
3284,TRUE,4.162398338317871,0.0,0.0,0.0,0.0
3285,FALSE,4.827563762664795,0.0,0.0,0.0,0.0
3286,FALSE,3.2428646087646484,0.0,0.0,0.0,0.0
3287,TRUE,4.509696960449219,0.0,0.0,0.0,0.0
3288,FALSE,0.0,0.0,0.0,0.0,0.0
3289,FALSE,3.884433269500733,0.0,0.0,0.0,0.0
3290,TRUE,3.399468421936035,0.0,0.0,0.0,0.0
3291,FALSE,3.8124840259552,0.0,0.0,0.0,0.0
3292,TRUE,4.08046817779541,0.0,0.0,0.0,0.0
3293,TRUE,0.0,0.0,0.0,0.0,0.0
3294,FALSE,3.571357011795044,0.0,0.0,0.0,0.0
3295,TRUE,0.0,0.0,0.0,0.0,0.0
3296,TRUE,4.239709377288818,0.0,0.0,0.0,0.0
3297,FALSE,3.7842764854431152,0.0,0.0,0.0,0.0
3298,TRUE,3.493680477142334,0.0,0.0,0.0,0.0
3299,TRUE,4.031838417053223,0.0,0.0,0.0,0.0
3300,FALSE,4.042807579040527,0.0,0.0,0.0,0.0
3301,TRUE,5.180083751678467,0.0,0.0,0.0,0.0
3302,FALSE,4.126636981964111,0.0,0.0,0.0,0.0
3303,FALSE,3.980041027069092,0.0,0.0,0.0,0.0
3304,TRUE,5.105655193328857,0.0,0.0,0.0,0.0
3305,FALSE,4.1125922203063965,0.0,0.0,0.0,0.0
3306,TRUE,4.587710857391357,0.0,0.0,0.0,0.0
3307,FALSE,3.404936552047729,0.0,0.0,0.0,0.0
3308,TRUE,4.597691059112549,0.0,0.0,0.0,0.0
3309,TRUE,5.45170783996582,0.0,0.0,0.0,0.0
3310,TRUE,4.21752405166626,0.0,0.0,0.0,0.0
3311,FALSE,3.4632458686828613,0.0,0.0,0.0,0.0
3312,TRUE,0.0,0.0,0.0,0.0,0.0
3313,TRUE,4.731490135192871,0.0,0.0,0.0,0.0
3314,TRUE,4.304311275482178,0.0,0.0,0.0,0.0
3315,FALSE,4.125685691833496,0.0,0.0,0.0,0.0
3316,TRUE,4.984237194061279,0.0,0.0,0.0,0.0
3317,TRUE,5.037555694580078,0.0,0.0,0.0,0.0
3318,TRUE,5.38231372833252,0.0,0.0,0.0,0.0
3319,FALSE,4.65464448928833,0.0,0.0,0.0,0.0
3320,TRUE,3.756515502929688,0.0,0.0,0.0,0.0
3321,TRUE,5.063001155853272,0.0,0.0,0.0,0.0
3322,TRUE,4.177818775177002,0.0,0.0,0.0,0.0
3323,TRUE,5.135157108306885,0.0,0.0,0.0,0.0
3324,TRUE,5.580577850341797,0.0,0.0,0.0,0.0
3325,FALSE,4.215163707733154,0.0,0.0,0.0,0.0
3326,TRUE,4.395968914031982,0.0,0.0,0.0,0.0
3327,TRUE,4.177677631378174,0.0,0.0,0.0,0.0
3328,TRUE,3.694032907485962,0.0,0.0,0.0,0.0
3329,TRUE,5.111678600311279,0.0,0.0,0.0,0.0
3330,TRUE,0.0,0.0,0.0,0.0,0.0
3331,FALSE,4.209536075592041,0.0,0.0,0.0,0.0
3332,TRUE,3.8519287109375,0.0,0.0,0.0,0.0
3333,FALSE,4.171457290649414,0.0,0.0,0.0,0.0
3334,TRUE,0.0,0.0,0.0,0.0,0.0
3335,TRUE,4.666537761688232,0.0,0.0,0.0,0.0
3336,FALSE,4.677703380584717,0.0,0.0,0.0,0.0
3337,FALSE,3.792012214660645,0.0,0.0,0.0,0.0
3338,FALSE,4.578874111175537,0.0,0.0,0.0,0.0
3339,TRUE,4.35959005355835,0.0,0.0,0.0,0.0
3340,FALSE,4.414627552032471,0.0,0.0,0.0,0.0
3341,FALSE,4.519586086273193,0.0,0.0,0.0,0.0
3342,FALSE,4.585574150085449,0.0,0.0,0.0,0.0
3343,FALSE,3.533750534057617,0.0,0.0,0.0,0.0
3344,TRUE,3.908505439758301,0.0,0.0,0.0,0.0
3345,FALSE,4.322538375854492,0.0,0.0,0.0,0.0
3346,TRUE,5.259768009185791,0.0,0.0,0.0,0.0
3347,TRUE,4.081786155700684,0.0,0.0,0.0,0.0
3348,TRUE,3.622264623641968,0.0,0.0,0.0,0.0
3349,FALSE,3.8730955123901367,0.0,0.0,0.0,0.0
3350,TRUE,4.654051303863525,0.0,0.0,0.0,0.0
3351,TRUE,5.115002632141113,0.0,0.0,0.0,0.0
3352,FALSE,3.661163806915283,0.0,0.0,0.0,0.0
3353,TRUE,0.0,0.0,0.0,0.0,0.0
3354,TRUE,0.0,0.0,0.0,0.0,0.0
3355,FALSE,4.046493053436279,0.0,0.0,0.0,0.0
3356,TRUE,4.072147846221924,0.0,0.0,0.0,0.0
3357,TRUE,4.077447414398193,0.0,0.0,0.0,0.0
3358,TRUE,3.881038904190064,0.0,0.0,0.0,0.0
3359,TRUE,0.0,0.0,0.0,0.0,0.0
3360,FALSE,4.043314933776856,0.0,0.0,0.0,0.0
3361,TRUE,0.0,0.0,0.0,0.0,0.0
3362,FALSE,4.429445266723633,0.0,0.0,0.0,0.0
3363,TRUE,0.0,0.0,0.0,0.0,0.0
3364,TRUE,0.0,0.0,0.0,0.0,0.0
3365,TRUE,3.1319122314453125,0.0,0.0,0.0,0.0
3366,TRUE,0.0,0.0,0.0,0.0,0.0
3367,TRUE,0.0,0.0,0.0,0.0,0.0
3368,FALSE,3.341624021530152,0.0,0.0,0.0,0.0
3369,TRUE,4.4991841316223145,0.0,0.0,0.0,0.0
3370,FALSE,1.8202234506607056,0.0,0.0,0.0,0.0
3371,TRUE,5.3412184715271,0.0,0.0,0.0,0.0
3372,TRUE,4.672636985778809,0.0,0.0,0.0,0.0
3373,TRUE,4.159096717834473,0.0,0.0,0.0,0.0
3374,TRUE,3.652529001235962,0.0,0.0,0.0,0.0
3375,TRUE,0.0,0.0,0.0,0.0,0.0
3376,FALSE,4.4610090255737305,0.0,0.0,0.0,0.0
3377,TRUE,0.0,0.0,0.0,0.0,0.0
3378,FALSE,4.190841197967529,0.0,0.0,0.0,0.0
3379,TRUE,4.247607707977295,0.0,0.0,0.0,0.0
3380,TRUE,0.0,0.0,0.0,0.0,0.0
3381,TRUE,3.915178060531616,0.0,0.0,0.0,0.0
3382,TRUE,0.0,0.0,0.0,0.0,0.0
3383,FALSE,4.211423397064209,0.0,0.0,0.0,0.0
3384,TRUE,5.550286769866943,0.0,0.0,0.0,0.0
3385,TRUE,4.18065071105957,0.0,0.0,0.0,0.0
3386,FALSE,3.957803249359131,0.0,0.0,0.0,0.0
3387,TRUE,0.0,0.0,0.0,0.0,0.0
3388,FALSE,4.393442630767822,0.0,0.0,0.0,0.0
3389,TRUE,4.176578044891357,0.0,0.0,0.0,0.0
3390,TRUE,4.1063551902771,0.0,0.0,0.0,0.0
3391,TRUE,0.0,0.0,0.0,0.0,0.0
3392,TRUE,4.205863952636719,0.0,0.0,0.0,0.0
3393,TRUE,3.788512706756592,0.0,0.0,0.0,0.0
3394,TRUE,4.015034198760986,0.0,0.0,0.0,0.0
3395,TRUE,3.717829465866089,0.0,0.0,0.0,0.0
3396,FALSE,4.344597816467285,0.0,0.0,0.0,0.0
3397,FALSE,3.8122498989105225,0.0,0.0,0.0,0.0
3398,TRUE,4.227616786956787,0.0,0.0,0.0,0.0
3399,FALSE,4.248527050018311,0.0,0.0,0.0,0.0
3400,TRUE,4.186403274536133,0.0,0.0,0.0,0.0
3401,FALSE,4.10659122467041,0.0,0.0,0.0,0.0
3402,TRUE,4.846038341522217,0.0,0.0,0.0,0.0
3403,TRUE,0.0,0.0,0.0,0.0,0.0
3404,TRUE,0.0,0.0,0.0,0.0,0.0
3405,TRUE,4.4274678230285645,0.0,0.0,0.0,0.0
3406,TRUE,3.7537670135498047,0.0,0.0,0.0,0.0
3407,TRUE,0.0,0.0,0.0,0.0,0.0
3408,FALSE,4.763156414031982,0.0,0.0,0.0,0.0
3409,TRUE,0.0,0.0,0.0,0.0,0.0
3410,FALSE,3.922409057617188,0.0,0.0,0.0,0.0
3411,TRUE,4.332860946655273,0.0,0.0,0.0,0.0
3412,FALSE,4.231305122375488,0.0,0.0,0.0,0.0
3413,FALSE,0.0,0.0,0.0,0.0,0.0
3414,TRUE,0.0,0.0,0.0,0.0,0.0
3415,TRUE,5.393056392669678,0.0,0.0,0.0,0.0
3416,TRUE,4.593323230743408,0.0,0.0,0.0,0.0
3417,TRUE,3.5170929431915283,0.0,0.0,0.0,0.0
3418,FALSE,4.781604766845703,0.0,0.0,0.0,0.0
3419,FALSE,3.3823208808898926,0.0,0.0,0.0,0.0
3420,TRUE,0.0,0.0,0.0,0.0,0.0
3421,TRUE,4.920011043548584,0.0,0.0,0.0,0.0
3422,FALSE,4.2267746925354,0.0,0.0,0.0,0.0
3423,TRUE,4.1148786544799805,0.0,0.0,0.0,0.0
3424,TRUE,0.0,0.0,0.0,0.0,0.0
3425,TRUE,4.380542755126953,0.0,0.0,0.0,0.0
3426,TRUE,4.4709248542785645,0.0,0.0,0.0,0.0
3427,TRUE,4.248488903045654,0.0,0.0,0.0,0.0
3428,TRUE,0.0,0.0,0.0,0.0,0.0
3429,FALSE,3.990098476409912,0.0,0.0,0.0,0.0
3430,FALSE,5.376453876495361,0.0,0.0,0.0,0.0
3431,TRUE,5.279799938201904,0.0,0.0,0.0,0.0
3432,TRUE,3.572619676589966,0.0,0.0,0.0,0.0
3433,FALSE,3.481153964996338,0.0,0.0,0.0,0.0
3434,TRUE,4.592809200286865,0.0,0.0,0.0,0.0
3435,TRUE,3.8598475456237793,0.0,0.0,0.0,0.0
3436,TRUE,3.638971328735352,0.0,0.0,0.0,0.0
3437,TRUE,4.594602108001709,0.0,0.0,0.0,0.0
3438,TRUE,0.0,0.0,0.0,0.0,0.0
3439,TRUE,5.500671863555908,0.0,0.0,0.0,0.0
3440,FALSE,4.4904303550720215,0.0,0.0,0.0,0.0
3441,FALSE,3.509004592895508,0.0,0.0,0.0,0.0
3442,TRUE,4.246715068817139,0.0,0.0,0.0,0.0
3443,FALSE,0.0,0.0,0.0,0.0,0.0
3444,TRUE,0.0,0.0,0.0,0.0,0.0
3445,TRUE,4.578065395355225,0.0,0.0,0.0,0.0
3446,FALSE,5.3807053565979,0.0,0.0,0.0,0.0
3447,FALSE,4.457577705383301,0.0,0.0,0.0,0.0
3448,TRUE,4.280829906463623,0.0,0.0,0.0,0.0
3449,FALSE,4.079462051391602,0.0,0.0,0.0,0.0
3450,TRUE,4.7840657234191895,0.0,0.0,0.0,0.0
3451,TRUE,4.415243625640869,0.0,0.0,0.0,0.0
3452,FALSE,4.39612340927124,0.0,0.0,0.0,0.0
3453,TRUE,4.406068325042725,0.0,0.0,0.0,0.0
3454,FALSE,4.4051947593688965,0.0,0.0,0.0,0.0
3455,FALSE,4.081524848937988,0.0,0.0,0.0,0.0
3456,FALSE,3.896697044372559,0.0,0.0,0.0,0.0
3457,FALSE,4.441500186920166,0.0,0.0,0.0,0.0
3458,TRUE,3.912756204605103,0.0,0.0,0.0,0.0
3459,FALSE,4.222274303436279,0.0,0.0,0.0,0.0
3460,FALSE,3.998148918151856,0.0,0.0,0.0,0.0
3461,TRUE,4.173346519470215,0.0,0.0,0.0,0.0
3462,TRUE,5.399925708770752,0.0,0.0,0.0,0.0
3463,FALSE,4.360498905181885,0.0,0.0,0.0,0.0
3464,TRUE,4.157402038574219,0.0,0.0,0.0,0.0
3465,TRUE,3.274900436401367,0.0,0.0,0.0,0.0
3466,TRUE,3.5649356842041016,0.0,0.0,0.0,0.0
3467,TRUE,4.092989921569824,0.0,0.0,0.0,0.0
3468,TRUE,3.28666090965271,0.0,0.0,0.0,0.0
3469,TRUE,0.0,0.0,0.0,0.0,0.0
3470,TRUE,0.0,0.0,0.0,0.0,0.0
3471,TRUE,0.0,0.0,0.0,0.0,0.0
3472,TRUE,0.0,0.0,0.0,0.0,0.0
3473,TRUE,0.0,0.0,0.0,0.0,0.0
3474,TRUE,0.0,0.0,0.0,0.0,0.0
3475,TRUE,0.0,0.0,0.0,0.0,0.0
3476,TRUE,0.0,0.0,0.0,0.0,0.0
3477,TRUE,0.0,0.0,0.0,0.0,0.0
3478,TRUE,0.0,0.0,0.0,0.0,0.0
3479,TRUE,0.0,0.0,0.0,0.0,0.0
3480,TRUE,0.0,0.0,0.0,0.0,0.0
3481,TRUE,0.0,0.0,0.0,0.0,0.0
3482,TRUE,0.0,0.0,0.0,0.0,0.0
3483,TRUE,0.0,0.0,0.0,0.0,0.0
3484,TRUE,0.0,0.0,0.0,0.0,0.0
3485,TRUE,0.0,0.0,0.0,0.0,0.0
3486,TRUE,0.0,0.0,0.0,0.0,0.0
3487,TRUE,5.123243808746338,0.0,0.0,0.0,0.0
3488,TRUE,4.660467147827148,0.0,0.0,0.0,0.0
3489,TRUE,4.819968223571777,0.0,0.0,0.0,0.0
3490,TRUE,5.03892993927002,0.0,0.0,0.0,0.0
3491,TRUE,4.961305141448975,0.0,0.0,0.0,0.0
3492,TRUE,4.883584022521973,0.0,0.0,0.0,0.0
3493,TRUE,5.1291184425354,0.0,0.0,0.0,0.0
3494,TRUE,4.873798847198486,0.0,0.0,0.0,0.0
3495,TRUE,4.941064357757568,0.0,0.0,0.0,0.0
3496,TRUE,0.0,0.0,0.0,0.0,0.0
3497,TRUE,4.970991134643555,0.0,0.0,0.0,0.0
3498,TRUE,0.0,0.0,0.0,0.0,0.0
3499,TRUE,2.025550127029419,0.0,0.0,0.0,0.0
3500,TRUE,2.5559027194976807,0.0,0.0,0.0,0.0
3501,TRUE,0.0,0.0,0.0,0.0,0.0
3502,TRUE,2.568345069885254,0.0,0.0,0.0,0.0
3503,FALSE,3.7053937911987305,0.0,0.0,0.0,0.0
3504,FALSE,3.421877861022949,0.0,0.0,0.0,0.0
3505,FALSE,4.055623531341553,0.0,0.0,0.0,0.0
3506,FALSE,0.347790002822876,0.0,0.0,0.0,0.0
3507,FALSE,2.324540615081787,0.0,0.0,0.0,0.0
3508,FALSE,0.0,0.0,0.0,0.0,0.0
3509,FALSE,0.0,0.0,0.0,0.0,0.0
3510,FALSE,4.500429630279541,0.0,0.0,0.0,0.0
3511,FALSE,0.0,0.0,0.0,0.0,0.0
3512,FALSE,0.0,0.0,0.0,0.0,0.0
3513,TRUE,1.0813839435577393,0.0,0.0,0.0,0.0
3514,TRUE,4.0557541847229,0.0,0.0,0.0,0.0
3515,FALSE,3.221755027770996,0.0,0.0,0.0,0.0
3516,FALSE,4.4685893058776855,0.0,0.0,0.0,0.0
3517,FALSE,1.9734054803848269,0.0,0.0,0.0,0.0
3518,FALSE,3.112748622894287,0.0,0.0,0.0,0.0
3519,FALSE,0.0,0.0,0.0,0.0,0.0
3520,TRUE,3.674718379974365,0.0,0.0,0.0,0.0
3521,FALSE,0.0,0.0,0.0,0.0,0.0
3522,FALSE,2.7954118251800537,0.0,0.0,0.0,0.0
3523,FALSE,0.0,0.0,0.0,0.0,0.0
3524,FALSE,4.110045909881592,0.0,0.0,0.0,0.0
3525,FALSE,3.999615430831909,0.0,0.0,0.0,0.0
3526,FALSE,4.326528549194336,0.0,0.0,0.0,0.0
3527,FALSE,0.0,0.0,0.0,0.0,0.0
3528,FALSE,3.782329559326172,0.0,0.0,0.0,0.0
3529,FALSE,0.0,0.0,0.0,0.0,0.0
3530,FALSE,0.0,0.0,0.0,0.0,0.0
3531,FALSE,4.2609944343566895,0.0,0.0,0.0,0.0
3532,FALSE,3.0172181129455566,0.0,0.0,0.0,0.0
3533,TRUE,0.0,0.0,0.0,0.0,0.0
3534,FALSE,0.0,0.0,0.0,0.0,0.0
3535,FALSE,0.0,0.0,0.0,0.0,0.0
3536,TRUE,0.0,0.0,0.0,0.0,0.0
3537,FALSE,0.0,0.0,0.0,0.0,0.0
3538,FALSE,0.0,0.0,0.0,0.0,0.0
3539,FALSE,0.0,0.0,0.0,0.0,0.0
3540,FALSE,4.4364776611328125,0.0,0.0,0.0,0.0
3541,FALSE,0.0,0.0,0.0,0.0,0.0
3542,FALSE,0.0,0.0,0.0,0.0,0.0
3543,TRUE,0.0,0.0,0.0,0.0,0.0
3544,FALSE,3.7107248306274414,0.0,0.0,0.0,0.0
3545,TRUE,0.0,0.0,0.0,0.0,0.0
3546,FALSE,0.835233211517334,0.0,0.0,0.0,0.0
3547,FALSE,0.0,0.0,0.0,0.0,0.0
3548,FALSE,3.868990421295166,0.0,0.0,0.0,0.0
3549,FALSE,3.687067031860352,0.0,0.0,0.0,0.0
3550,TRUE,0.6183048486709595,0.0,0.0,0.0,0.0
3551,TRUE,0.0,0.0,0.0,0.0,0.0
3552,FALSE,0.0,0.0,0.0,0.0,0.0
3553,TRUE,4.052853584289551,0.0,0.0,0.0,0.0
3554,FALSE,4.318001747131348,0.0,0.0,0.0,0.0
3555,FALSE,0.0,0.0,0.0,0.0,0.0
3556,FALSE,4.182976245880127,0.0,0.0,0.0,0.0
3557,FALSE,3.257443189620972,0.0,0.0,0.0,0.0
3558,FALSE,3.849611282348633,0.0,0.0,0.0,0.0
3559,FALSE,4.305667400360107,0.0,0.0,0.0,0.0
3560,FALSE,0.0,0.0,0.0,0.0,0.0
3561,FALSE,0.0,0.0,0.0,0.0,0.0
3562,FALSE,0.0,0.0,0.0,0.0,0.0
3563,TRUE,0.0,0.0,0.0,0.0,0.0
3564,FALSE,2.004253625869751,0.0,0.0,0.0,0.0
3565,FALSE,0.0,0.0,0.0,0.0,0.0
3566,FALSE,0.0,0.0,0.0,0.0,0.0
3567,FALSE,0.0,0.0,0.0,0.0,0.0
3568,FALSE,1.8407957553863523,0.0,0.0,0.0,0.0
3569,FALSE,4.007441997528076,0.0,0.0,0.0,0.0
3570,FALSE,0.0,0.0,0.0,0.0,0.0
3571,FALSE,2.9940946102142334,0.0,0.0,0.0,0.0
3572,FALSE,0.0,0.0,0.0,0.0,0.0
3573,FALSE,3.8559865951538086,0.0,0.0,0.0,0.0
3574,FALSE,0.0,0.0,0.0,0.0,0.0
3575,FALSE,3.455635070800781,0.0,0.0,0.0,0.0
3576,FALSE,0.0,0.0,0.0,0.0,0.0
3577,FALSE,0.0,0.0,0.0,0.0,0.0
3578,FALSE,0.0,0.0,0.0,0.0,0.0
3579,FALSE,2.5349888801574707,0.0,0.0,0.0,0.0
3580,FALSE,0.0,0.0,0.0,0.0,0.0
3581,FALSE,2.988039493560791,0.0,0.0,0.0,0.0
3582,FALSE,0.5092529654502869,0.0,0.0,0.0,0.0
3583,FALSE,3.4117259979248047,0.0,0.0,0.0,0.0
3584,TRUE,0.0,0.0,0.0,0.0,0.0
3585,FALSE,1.58275306224823,0.0,0.0,0.0,0.0
3586,FALSE,0.0,0.0,0.0,0.0,0.0
3587,FALSE,4.345407962799072,0.0,0.0,0.0,0.0
3588,FALSE,2.887218952178955,0.0,0.0,0.0,0.0
3589,FALSE,4.277525424957275,0.0,0.0,0.0,0.0
3590,FALSE,3.682307720184326,0.0,0.0,0.0,0.0
3591,FALSE,4.1375813484191895,0.0,0.0,0.0,0.0
3592,FALSE,3.078035831451416,0.0,0.0,0.0,0.0
3593,FALSE,4.592519283294678,0.0,0.0,0.0,0.0
3594,FALSE,1.5747870206832886,0.0,0.0,0.0,0.0
3595,FALSE,3.730405807495117,0.0,0.0,0.0,0.0
3596,FALSE,4.0387043952941895,0.0,0.0,0.0,0.0
3597,FALSE,3.439625263214112,0.0,0.0,0.0,0.0
3598,TRUE,3.590278387069702,0.0,0.0,0.0,0.0
3599,FALSE,4.208644866943359,0.0,0.0,0.0,0.0
3600,FALSE,4.08359956741333,0.0,0.0,0.0,0.0
3601,FALSE,0.0,0.0,0.0,0.0,0.0
3602,FALSE,0.0,0.0,0.0,0.0,0.0
3603,FALSE,3.5689773559570312,0.0,0.0,0.0,0.0
3604,TRUE,0.0,0.0,0.0,0.0,0.0
3605,FALSE,0.0,0.0,0.0,0.0,0.0
3606,FALSE,4.151165008544922,0.0,0.0,0.0,0.0
3607,FALSE,1.5441070795059204,0.0,0.0,0.0,0.0
3608,FALSE,0.0,0.0,0.0,0.0,0.0
3609,FALSE,3.546494245529175,0.0,0.0,0.0,0.0
3610,FALSE,0.0,0.0,0.0,0.0,0.0
3611,FALSE,2.264735698699951,0.0,0.0,0.0,0.0
3612,FALSE,0.0,0.0,0.0,0.0,0.0
3613,FALSE,1.2050162553787231,0.0,0.0,0.0,0.0
3614,FALSE,4.386214733123779,0.0,0.0,0.0,0.0
3615,TRUE,2.995903253555298,0.0,0.0,0.0,0.0
3616,FALSE,4.059949398040772,0.0,0.0,0.0,0.0
3617,FALSE,2.005925416946411,0.0,0.0,0.0,0.0
3618,TRUE,0.0,0.0,0.0,0.0,0.0
3619,FALSE,3.663105010986328,0.0,0.0,0.0,0.0
3620,FALSE,0.0,0.0,0.0,0.0,0.0
3621,FALSE,4.191378116607666,0.0,0.0,0.0,0.0
3622,FALSE,4.056347370147705,0.0,0.0,0.0,0.0
3623,FALSE,3.361456871032715,0.0,0.0,0.0,0.0
3624,FALSE,3.7409279346466064,0.0,0.0,0.0,0.0
3625,FALSE,0.0,0.0,0.0,0.0,0.0
3626,TRUE,3.75271201133728,0.0,0.0,0.0,0.0
3627,FALSE,4.654488563537598,0.0,0.0,0.0,0.0
3628,FALSE,1.9423788785934448,0.0,0.0,0.0,0.0
3629,FALSE,0.9456924796104432,0.0,0.0,0.0,0.0
3630,FALSE,0.0,0.0,0.0,0.0,0.0
3631,FALSE,2.827540159225464,0.0,0.0,0.0,0.0
3632,FALSE,4.27256965637207,0.0,0.0,0.0,0.0
3633,FALSE,0.0,0.0,0.0,0.0,0.0
3634,FALSE,0.0,0.0,0.0,0.0,0.0
3635,FALSE,0.0,0.0,0.0,0.0,0.0
3636,TRUE,3.2495408058166504,0.0,0.0,0.0,0.0
3637,FALSE,3.999629497528076,0.0,0.0,0.0,0.0
3638,FALSE,3.2397942543029785,0.0,0.0,0.0,0.0
3639,FALSE,1.462761640548706,0.0,0.0,0.0,0.0
3640,FALSE,1.38499653339386,0.0,0.0,0.0,0.0
3641,FALSE,0.0,0.0,0.0,0.0,0.0
3642,FALSE,1.5639879703521729,0.0,0.0,0.0,0.0
3643,FALSE,0.0,0.0,0.0,0.0,0.0
3644,FALSE,1.3940386772155762,0.0,0.0,0.0,0.0
3645,FALSE,0.0,0.0,0.0,0.0,0.0
3646,FALSE,0.0,0.0,0.0,0.0,0.0
3647,FALSE,0.0,0.0,0.0,0.0,0.0
3648,FALSE,0.0,0.0,0.0,0.0,0.0
3649,FALSE,0.4013596177101135,0.0,0.0,0.0,0.0
3650,FALSE,0.0,0.0,0.0,0.0,0.0
3651,FALSE,3.630765199661255,0.0,0.0,0.0,0.0
3652,FALSE,2.070326566696167,0.0,0.0,0.0,0.0
3653,FALSE,2.2501399517059326,0.0,0.0,0.0,0.0
3654,FALSE,0.0,0.0,0.0,0.0,0.0
3655,FALSE,3.460856437683105,0.0,0.0,0.0,0.0
3656,FALSE,3.480391502380371,0.0,0.0,0.0,0.0
3657,FALSE,3.8734347820281982,0.0,0.0,0.0,0.0
3658,FALSE,4.221264362335205,0.0,0.0,0.0,0.0
3659,TRUE,3.255534172058105,0.0,0.0,0.0,0.0
3660,FALSE,4.213006019592285,0.0,0.0,0.0,0.0
3661,FALSE,0.0,0.0,0.0,0.0,0.0
3662,FALSE,0.0,0.0,0.0,0.0,0.0
3663,FALSE,0.0,0.0,0.0,0.0,0.0
3664,FALSE,3.795011281967163,0.0,0.0,0.0,0.0
3665,FALSE,0.0,0.0,0.0,0.0,0.0
3666,FALSE,0.0,0.0,0.0,0.0,0.0
3667,FALSE,2.25950288772583,0.0,0.0,0.0,0.0
3668,FALSE,3.994670629501343,0.0,0.0,0.0,0.0
3669,FALSE,0.0,0.0,0.0,0.0,0.0
3670,FALSE,2.0421929359436035,0.0,0.0,0.0,0.0
3671,FALSE,0.0,0.0,0.0,0.0,0.0
3672,FALSE,0.0,0.0,0.0,0.0,0.0
3673,FALSE,3.0881290435791016,0.0,0.0,0.0,0.0
3674,FALSE,0.0,0.0,0.0,0.0,0.0
3675,FALSE,3.476580142974853,0.0,0.0,0.0,0.0
3676,TRUE,3.640918731689453,0.0,0.0,0.0,0.0
3677,FALSE,0.0,0.0,0.0,0.0,0.0
3678,FALSE,3.2185182571411133,0.0,0.0,0.0,0.0
3679,FALSE,3.888259887695313,0.0,0.0,0.0,0.0
3680,TRUE,0.0,0.0,0.0,0.0,0.0
3681,FALSE,0.6196244955062866,0.0,0.0,0.0,0.0
3682,FALSE,0.0,0.0,0.0,0.0,0.0
3683,FALSE,3.846078395843506,0.0,0.0,0.0,0.0
3684,FALSE,4.199517726898193,0.0,0.0,0.0,0.0
3685,FALSE,1.2112404108047483,0.0,0.0,0.0,0.0
3686,FALSE,4.252691745758057,0.0,0.0,0.0,0.0
3687,FALSE,3.70995044708252,0.0,0.0,0.0,0.0
3688,FALSE,0.0,0.0,0.0,0.0,0.0
3689,FALSE,0.0,0.0,0.0,0.0,0.0
3690,FALSE,0.0,0.0,0.0,0.0,0.0
3691,FALSE,3.567922353744507,0.0,0.0,0.0,0.0
3692,FALSE,0.0,0.0,0.0,0.0,0.0
3693,FALSE,3.480252742767334,0.0,0.0,0.0,0.0
3694,TRUE,3.73803186416626,0.0,0.0,0.0,0.0
3695,FALSE,0.5740372538566589,0.0,0.0,0.0,0.0
3696,TRUE,0.0,0.0,0.0,0.0,0.0
3697,FALSE,3.3816792964935303,0.0,0.0,0.0,0.0
3698,FALSE,3.846019983291626,0.0,0.0,0.0,0.0
3699,FALSE,0.0,0.0,0.0,0.0,0.0
3700,FALSE,0.0,0.0,0.0,0.0,0.0
3701,FALSE,3.703379154205322,0.0,0.0,0.0,0.0
3702,FALSE,0.0,0.0,0.0,0.0,0.0
3703,FALSE,4.470086574554443,0.0,0.0,0.0,0.0
3704,FALSE,0.0,0.0,0.0,0.0,0.0
3705,FALSE,3.219038963317871,0.0,0.0,0.0,0.0
3706,FALSE,4.349296569824219,0.0,0.0,0.0,0.0
3707,FALSE,0.0,0.0,0.0,0.0,0.0
3708,FALSE,1.2647463083267212,0.0,0.0,0.0,0.0
3709,TRUE,3.671197652816773,0.0,0.0,0.0,0.0
3710,FALSE,2.3272736072540283,0.0,0.0,0.0,0.0
3711,FALSE,3.799418210983277,0.0,0.0,0.0,0.0
3712,FALSE,3.096538782119751,0.0,0.0,0.0,0.0
3713,FALSE,0.8799247741699219,0.0,0.0,0.0,0.0
3714,FALSE,4.246259689331055,0.0,0.0,0.0,0.0
3715,TRUE,3.655340671539306,0.0,0.0,0.0,0.0
3716,FALSE,0.0,0.0,0.0,0.0,0.0
3717,FALSE,0.0,0.0,0.0,0.0,0.0
3718,FALSE,0.0,0.0,0.0,0.0,0.0
3719,FALSE,0.0,0.0,0.0,0.0,0.0
3720,FALSE,0.0,0.0,0.0,0.0,0.0
3721,FALSE,0.0,0.0,0.0,0.0,0.0
3722,FALSE,0.0,0.0,0.0,0.0,0.0
3723,TRUE,3.707098960876465,0.0,0.0,0.0,0.0
3724,FALSE,4.297595500946045,0.0,0.0,0.0,0.0
3725,TRUE,3.835803508758545,0.0,0.0,0.0,0.0
3726,TRUE,0.0,0.0,0.0,0.0,0.0
3727,FALSE,0.0,0.0,0.0,0.0,0.0
3728,FALSE,4.1204352378845215,0.0,0.0,0.0,0.0
3729,FALSE,0.0,0.0,0.0,0.0,0.0
3730,FALSE,4.857054233551025,0.0,0.0,0.0,0.0
3731,FALSE,0.0,0.0,0.0,0.0,0.0
3732,FALSE,1.6017212867736816,0.0,0.0,0.0,0.0
3733,FALSE,0.0,0.0,0.0,0.0,0.0
3734,FALSE,0.0,0.0,0.0,0.0,0.0
3735,FALSE,2.958659648895264,0.0,0.0,0.0,0.0
3736,FALSE,0.0,0.0,0.0,0.0,0.0
3737,FALSE,1.4069019556045532,0.0,0.0,0.0,0.0
3738,FALSE,3.7482056617736816,0.0,0.0,0.0,0.0
3739,FALSE,3.9193813800811768,0.0,0.0,0.0,0.0
3740,FALSE,0.0,0.0,0.0,0.0,0.0
3741,FALSE,4.302353858947754,0.0,0.0,0.0,0.0
3742,FALSE,3.151669979095459,0.0,0.0,0.0,0.0
3743,FALSE,3.48172664642334,0.0,0.0,0.0,0.0
3744,FALSE,1.916451930999756,0.0,0.0,0.0,0.0
3745,FALSE,2.914100646972656,0.0,0.0,0.0,0.0
3746,FALSE,0.0,0.0,0.0,0.0,0.0
3747,FALSE,3.875013828277588,0.0,0.0,0.0,0.0
3748,TRUE,3.727984189987183,0.0,0.0,0.0,0.0
3749,FALSE,3.49841046333313,0.0,0.0,0.0,0.0
3750,FALSE,3.707937240600586,0.0,0.0,0.0,0.0
3751,FALSE,1.2027541399002075,0.0,0.0,0.0,0.0
3752,FALSE,0.0,0.0,0.0,0.0,0.0
3753,FALSE,3.68530011177063,0.0,0.0,0.0,0.0
3754,FALSE,3.812808990478516,0.0,0.0,0.0,0.0
3755,TRUE,1.5661287307739258,0.0,0.0,0.0,0.0
3756,FALSE,0.1872948706150055,0.0,0.0,0.0,0.0
3757,FALSE,3.633443832397461,0.0,0.0,0.0,0.0
3758,TRUE,0.0,0.0,0.0,0.0,0.0
3759,FALSE,0.0,0.0,0.0,0.0,0.0
3760,TRUE,3.829681396484375,0.0,0.0,0.0,0.0
3761,FALSE,0.0,0.0,0.0,0.0,0.0
3762,FALSE,0.0,0.0,0.0,0.0,0.0
3763,FALSE,4.130190372467041,0.0,0.0,0.0,0.0
3764,FALSE,4.426362037658691,0.0,0.0,0.0,0.0
3765,FALSE,0.0,0.0,0.0,0.0,0.0
3766,FALSE,4.363488674163818,0.0,0.0,0.0,0.0
3767,FALSE,4.316669464111328,0.0,0.0,0.0,0.0
3768,FALSE,0.0,0.0,0.0,0.0,0.0
3769,TRUE,0.0,0.0,0.0,0.0,0.0
3770,FALSE,0.0,0.0,0.0,0.0,0.0
3771,FALSE,0.0,0.0,0.0,0.0,0.0
3772,FALSE,0.0,0.0,0.0,0.0,0.0
3773,FALSE,0.0,0.0,0.0,0.0,0.0
3774,FALSE,0.0,0.0,0.0,0.0,0.0
3775,TRUE,3.702242374420166,0.0,0.0,0.0,0.0
3776,TRUE,0.0,0.0,0.0,0.0,0.0
3777,FALSE,0.0,0.0,0.0,0.0,0.0
3778,FALSE,0.0,0.0,0.0,0.0,0.0
3779,FALSE,0.8344125747680664,0.0,0.0,0.0,0.0
3780,FALSE,2.1449127197265625,0.0,0.0,0.0,0.0
3781,FALSE,1.2764824628829956,0.0,0.0,0.0,0.0
3782,FALSE,4.2010884284973145,0.0,0.0,0.0,0.0
3783,FALSE,3.7144408226013184,0.0,0.0,0.0,0.0
3784,FALSE,0.9462023377418518,0.0,0.0,0.0,0.0
3785,FALSE,0.0,0.0,0.0,0.0,0.0
3786,FALSE,0.0,0.0,0.0,0.0,0.0
3787,FALSE,2.9000964164733887,0.0,0.0,0.0,0.0
3788,FALSE,0.0,0.0,0.0,0.0,0.0
3789,FALSE,4.211250305175781,0.0,0.0,0.0,0.0
3790,FALSE,2.921442031860352,0.0,0.0,0.0,0.0
3791,FALSE,3.7009482383728014,0.0,0.0,0.0,0.0
3792,FALSE,0.0,0.0,0.0,0.0,0.0
3793,FALSE,4.280460834503174,0.0,0.0,0.0,0.0
3794,FALSE,0.0,0.0,0.0,0.0,0.0
3795,TRUE,0.0,0.0,0.0,0.0,0.0
3796,FALSE,0.0,0.0,0.0,0.0,0.0
3797,FALSE,0.0,0.0,0.0,0.0,0.0
3798,FALSE,4.192546367645264,0.0,0.0,0.0,0.0
3799,FALSE,4.15558385848999,0.0,0.0,0.0,0.0
3800,FALSE,4.171390056610107,0.0,0.0,0.0,0.0
3801,FALSE,0.0,0.0,0.0,0.0,0.0
3802,FALSE,4.261873722076416,0.0,0.0,0.0,0.0
3803,FALSE,3.707504749298096,0.0,0.0,0.0,0.0
3804,TRUE,3.206295728683472,0.0,0.0,0.0,0.0
3805,FALSE,0.6240156292915344,0.0,0.0,0.0,0.0
3806,FALSE,1.4971896409988403,0.0,0.0,0.0,0.0
3807,FALSE,0.0,0.0,0.0,0.0,0.0
3808,FALSE,0.0,0.0,0.0,0.0,0.0
3809,FALSE,2.9224796295166016,0.0,0.0,0.0,0.0
3810,FALSE,4.226696491241455,0.0,0.0,0.0,0.0
3811,FALSE,0.0,0.0,0.0,0.0,0.0
3812,FALSE,3.782205104827881,0.0,0.0,0.0,0.0
3813,FALSE,0.0,0.0,0.0,0.0,0.0
3814,TRUE,3.719613552093506,0.0,0.0,0.0,0.0
3815,FALSE,0.0,0.0,0.0,0.0,0.0
3816,FALSE,3.612385272979736,0.0,0.0,0.0,0.0
3817,FALSE,0.0,0.0,0.0,0.0,0.0
3818,FALSE,4.460573673248291,0.0,0.0,0.0,0.0
3819,FALSE,0.0,0.0,0.0,0.0,0.0
3820,FALSE,0.0,0.0,0.0,0.0,0.0
3821,TRUE,0.0,0.0,0.0,0.0,0.0
3822,TRUE,3.712315082550049,0.0,0.0,0.0,0.0
3823,FALSE,3.6208267211914062,0.0,0.0,0.0,0.0
3824,FALSE,0.0,0.0,0.0,0.0,0.0
3825,TRUE,0.0,0.0,0.0,0.0,0.0
3826,FALSE,0.0,0.0,0.0,0.0,0.0
3827,FALSE,0.0,0.0,0.0,0.0,0.0
3828,FALSE,0.0,0.0,0.0,0.0,0.0
3829,FALSE,4.196906089782715,0.0,0.0,0.0,0.0
3830,FALSE,0.0,0.0,0.0,0.0,0.0
3831,TRUE,5.023484706878662,0.0,0.0,0.0,0.0
3832,FALSE,0.0,0.0,0.0,0.0,0.0
3833,FALSE,0.0,0.0,0.0,0.0,0.0
3834,FALSE,2.5840468406677246,0.0,0.0,0.0,0.0
3835,TRUE,0.0,0.0,0.0,0.0,0.0
3836,FALSE,2.97167444229126,0.0,0.0,0.0,0.0
3837,FALSE,3.617152690887451,0.0,0.0,0.0,0.0
3838,FALSE,1.8924912214279173,0.0,0.0,0.0,0.0
3839,FALSE,0.0,0.0,0.0,0.0,0.0
3840,FALSE,0.0,0.0,0.0,0.0,0.0
3841,FALSE,0.0,0.0,0.0,0.0,0.0
3842,FALSE,0.0,0.0,0.0,0.0,0.0
3843,FALSE,3.670618295669556,0.0,0.0,0.0,0.0
3844,FALSE,0.0,0.0,0.0,0.0,0.0
3845,FALSE,0.0,0.0,0.0,0.0,0.0
3846,FALSE,0.584158182144165,0.0,0.0,0.0,0.0
3847,FALSE,0.0,0.0,0.0,0.0,0.0
3848,FALSE,0.7113742828369141,0.0,0.0,0.0,0.0
3849,FALSE,3.844660043716431,0.0,0.0,0.0,0.0
3850,FALSE,0.9925596714019777,0.0,0.0,0.0,0.0
3851,FALSE,0.0,0.0,0.0,0.0,0.0
3852,FALSE,0.0,0.0,0.0,0.0,0.0
3853,FALSE,3.730408191680908,0.0,0.0,0.0,0.0
3854,FALSE,0.0,0.0,0.0,0.0,0.0
3855,FALSE,0.0,0.0,0.0,0.0,0.0
3856,FALSE,3.153743267059326,0.0,0.0,0.0,0.0
3857,FALSE,4.397552013397217,0.0,0.0,0.0,0.0
3858,FALSE,0.0,0.0,0.0,0.0,0.0
3859,FALSE,4.146101951599121,0.0,0.0,0.0,0.0
3860,FALSE,4.017971038818359,0.0,0.0,0.0,0.0
3861,FALSE,0.0,0.0,0.0,0.0,0.0
3862,FALSE,2.5124573707580566,0.0,0.0,0.0,0.0
3863,FALSE,2.69686222076416,0.0,0.0,0.0,0.0
3864,FALSE,2.259407520294189,0.0,0.0,0.0,0.0
3865,FALSE,0.0,0.0,0.0,0.0,0.0
3866,FALSE,0.0,0.0,0.0,0.0,0.0
3867,FALSE,4.162106990814209,0.0,0.0,0.0,0.0
3868,FALSE,0.0,0.0,0.0,0.0,0.0
3869,FALSE,3.0158016681671143,0.0,0.0,0.0,0.0
3870,FALSE,0.0,0.0,0.0,0.0,0.0
3871,FALSE,0.0,0.0,0.0,0.0,0.0
3872,FALSE,0.0,0.0,0.0,0.0,0.0
3873,FALSE,0.0,0.0,0.0,0.0,0.0
3874,FALSE,1.5570793151855469,0.0,0.0,0.0,0.0
3875,FALSE,0.0,0.0,0.0,0.0,0.0
3876,FALSE,3.4927849769592285,0.0,0.0,0.0,0.0
3877,FALSE,3.660158395767212,0.0,0.0,0.0,0.0
3878,TRUE,3.732012271881104,0.0,0.0,0.0,0.0
3879,FALSE,0.0,0.0,0.0,0.0,0.0
3880,FALSE,2.103339910507202,0.0,0.0,0.0,0.0
3881,FALSE,0.0,0.0,0.0,0.0,0.0
3882,FALSE,3.742331981658936,0.0,0.0,0.0,0.0
3883,FALSE,0.0,0.0,0.0,0.0,0.0
3884,TRUE,3.690676689147949,0.0,0.0,0.0,0.0
3885,FALSE,4.18755578994751,0.0,0.0,0.0,0.0
3886,FALSE,3.3556807041168213,0.0,0.0,0.0,0.0
3887,FALSE,0.0,0.0,0.0,0.0,0.0
3888,FALSE,0.0,0.0,0.0,0.0,0.0
3889,FALSE,0.0,0.0,0.0,0.0,0.0
3890,FALSE,0.0,0.0,0.0,0.0,0.0
3891,FALSE,2.148669481277466,0.0,0.0,0.0,0.0
3892,FALSE,3.059675693511963,0.0,0.0,0.0,0.0
3893,FALSE,0.0,0.0,0.0,0.0,0.0
3894,FALSE,4.082538604736328,0.0,0.0,0.0,0.0
3895,FALSE,3.838052034378052,0.0,0.0,0.0,0.0
3896,TRUE,0.0,0.0,0.0,0.0,0.0
3897,TRUE,0.0,0.0,0.0,0.0,0.0
3898,FALSE,0.0,0.0,0.0,0.0,0.0
3899,FALSE,4.34530782699585,0.0,0.0,0.0,0.0
3900,FALSE,0.3880717158317566,0.0,0.0,0.0,0.0
3901,FALSE,3.80116605758667,0.0,0.0,0.0,0.0
3902,FALSE,4.436039924621582,0.0,0.0,0.0,0.0
3903,FALSE,2.494623899459839,0.0,0.0,0.0,0.0
3904,FALSE,0.0,0.0,0.0,0.0,0.0
3905,FALSE,0.0,0.0,0.0,0.0,0.0
3906,FALSE,0.0,0.0,0.0,0.0,0.0
3907,FALSE,3.736086845397949,0.0,0.0,0.0,0.0
3908,FALSE,0.0,0.0,0.0,0.0,0.0
3909,FALSE,0.0,0.0,0.0,0.0,0.0
3910,FALSE,0.0,0.0,0.0,0.0,0.0
3911,FALSE,4.308217525482178,0.0,0.0,0.0,0.0
3912,FALSE,3.4318089485168457,0.0,0.0,0.0,0.0
3913,TRUE,3.604588508605957,0.0,0.0,0.0,0.0
3914,TRUE,0.0,0.0,0.0,0.0,0.0
3915,FALSE,0.0,0.0,0.0,0.0,0.0
3916,FALSE,0.0,0.0,0.0,0.0,0.0
3917,FALSE,0.0,0.0,0.0,0.0,0.0
3918,FALSE,0.0,0.0,0.0,0.0,0.0
3919,FALSE,0.0,0.0,0.0,0.0,0.0
3920,FALSE,0.0,0.0,0.0,0.0,0.0
3921,FALSE,0.0,0.0,0.0,0.0,0.0
3922,FALSE,0.0,0.0,0.0,0.0,0.0
3923,FALSE,2.911823511123657,0.0,0.0,0.0,0.0
3924,FALSE,0.0,0.0,0.0,0.0,0.0
3925,FALSE,0.0,0.0,0.0,0.0,0.0
3926,TRUE,3.702028274536133,0.0,0.0,0.0,0.0
3927,FALSE,3.9236764907836914,0.0,0.0,0.0,0.0
3928,FALSE,3.081348180770874,0.0,0.0,0.0,0.0
3929,FALSE,0.4981299638748169,0.0,0.0,0.0,0.0
3930,FALSE,0.247248038649559,0.0,0.0,0.0,0.0
3931,FALSE,2.0761730670928955,0.0,0.0,0.0,0.0
3932,FALSE,0.0,0.0,0.0,0.0,0.0
3933,FALSE,0.0,0.0,0.0,0.0,0.0
3934,FALSE,0.9672983288764954,0.0,0.0,0.0,0.0
3935,TRUE,0.0,0.0,0.0,0.0,0.0
3936,TRUE,0.4959017038345337,0.0,0.0,0.0,0.0
3937,TRUE,0.0,0.0,0.0,0.0,0.0
3938,TRUE,0.0,0.0,0.0,0.0,0.0
3939,FALSE,0.0,0.0,0.0,0.0,0.0
3940,FALSE,1.1379282474517822,0.0,0.0,0.0,0.0
3941,FALSE,0.4558511972427368,0.0,0.0,0.0,0.0
3942,FALSE,0.0,0.0,0.0,0.0,0.0
3943,FALSE,0.4522601366043091,0.0,0.0,0.0,0.0
3944,FALSE,0.0,0.0,0.0,0.0,0.0
3945,TRUE,0.0,0.0,0.0,0.0,0.0
3946,TRUE,0.0,0.0,0.0,0.0,0.0
3947,TRUE,0.0,0.0,0.0,0.0,0.0
3948,FALSE,0.9205353856086732,0.0,0.0,0.0,0.0
3949,TRUE,0.0,0.0,0.0,0.0,0.0
3950,TRUE,0.0,0.0,0.0,0.0,0.0
3951,FALSE,1.6044255495071411,0.0,0.0,0.0,0.0
3952,TRUE,0.0,0.0,0.0,0.0,0.0
3953,TRUE,0.155404195189476,0.0,0.0,0.0,0.0
3954,FALSE,0.4156331419944763,0.0,0.0,0.0,0.0
3955,FALSE,0.0,0.0,0.0,0.0,0.0
3956,FALSE,0.1531780809164047,0.0,0.0,0.0,0.0
3957,FALSE,0.0,0.0,0.0,0.0,0.0
3958,FALSE,0.5683234930038452,0.0,0.0,0.0,0.0
3959,FALSE,0.0,0.0,0.0,0.0,0.0
3960,TRUE,0.213474616408348,0.0,0.0,0.0,0.0
3961,TRUE,0.0,0.0,0.0,0.0,0.0
3962,FALSE,0.0,0.0,0.0,0.0,0.0
3963,FALSE,0.7028536796569824,0.0,0.0,0.0,0.0
3964,FALSE,0.3248262405395508,0.0,0.0,0.0,0.0
3965,TRUE,0.1309254020452499,0.0,0.0,0.0,0.0
3966,FALSE,0.6500709652900696,0.0,0.0,0.0,0.0
3967,FALSE,0.6036652326583862,0.0,0.0,0.0,0.0
3968,FALSE,0.0,0.0,0.0,0.0,0.0
3969,TRUE,0.0,0.0,0.0,0.0,0.0
3970,FALSE,0.1611847132444381,0.0,0.0,0.0,0.0
3971,TRUE,1.2659006118774414,0.0,0.0,0.0,0.0
3972,FALSE,0.0,0.0,0.0,0.0,0.0
3973,FALSE,1.307306170463562,0.0,0.0,0.0,0.0
3974,TRUE,0.0,0.0,0.0,0.0,0.0
3975,FALSE,0.6564072370529175,0.0,0.0,0.0,0.0
3976,TRUE,0.0,0.0,0.0,0.0,0.0
3977,FALSE,2.283222913742065,0.0,0.0,0.0,0.0
3978,FALSE,0.0,0.0,0.0,0.0,0.0
3979,FALSE,0.0,0.0,0.0,0.0,0.0
3980,FALSE,0.0,0.0,0.0,0.0,0.0
3981,TRUE,0.2411991208791732,0.0,0.0,0.0,0.0
3982,FALSE,1.4297025203704834,0.0,0.0,0.0,0.0
3983,FALSE,0.9051364064216614,0.0,0.0,0.0,0.0
3984,TRUE,0.0,0.0,0.0,0.0,0.0
3985,FALSE,0.0,0.0,0.0,0.0,0.0
3986,TRUE,0.0,0.0,0.0,0.0,0.0
3987,FALSE,0.7898707985877991,0.0,0.0,0.0,0.0
3988,TRUE,0.0921777337789535,0.0,0.0,0.0,0.0
3989,FALSE,0.0,0.0,0.0,0.0,0.0
3990,TRUE,0.0,0.0,0.0,0.0,0.0
3991,FALSE,0.3382214307785034,0.0,0.0,0.0,0.0
3992,TRUE,0.0,0.0,0.0,0.0,0.0
3993,FALSE,0.5446488857269287,0.0,0.0,0.0,0.0
3994,FALSE,0.4375667572021484,0.0,0.0,0.0,0.0
3995,FALSE,1.0325771570205688,0.0,0.0,0.0,0.0
3996,TRUE,0.0,0.0,0.0,0.0,0.0
3997,FALSE,0.0902889817953109,0.0,0.0,0.0,0.0
3998,TRUE,0.0,0.0,0.0,0.0,0.0
3999,FALSE,0.1345852464437484,0.0,0.0,0.0,0.0
4000,FALSE,0.0,0.0,0.0,0.0,0.0
4001,TRUE,0.012571558356285,0.0,0.0,0.0,0.0
4002,TRUE,0.3147953748703003,0.0,0.0,0.0,0.0
4003,FALSE,0.0,0.0,0.0,0.0,0.0
4004,TRUE,0.0,0.0,0.0,0.0,0.0
4005,FALSE,0.8162887692451477,0.0,0.0,0.0,0.0
4006,FALSE,0.1374913305044174,0.0,0.0,0.0,0.0
4007,TRUE,0.0,0.0,0.0,0.0,0.0
4008,FALSE,0.0,0.0,0.0,0.0,0.0
4009,FALSE,0.0,0.0,0.0,0.0,0.0
4010,FALSE,0.5051816701889038,0.0,0.0,0.0,0.0
4011,TRUE,0.0,0.0,0.0,0.0,0.0
4012,FALSE,3.063951015472412,0.0,0.0,0.0,0.0
4013,FALSE,2.3494672775268555,0.0,0.0,0.0,0.0
4014,FALSE,0.0,0.0,0.0,0.0,0.0
4015,FALSE,2.189924478530884,0.0,0.0,0.0,0.0
4016,FALSE,2.3033387660980225,0.0,0.0,0.0,0.0
4017,TRUE,1.59649395942688,0.0,0.0,0.0,0.0
4018,FALSE,2.128556489944458,0.0,0.0,0.0,0.0
4019,FALSE,2.057270050048828,0.0,0.0,0.0,0.0
4020,FALSE,1.8085075616836548,0.0,0.0,0.0,0.0
4021,FALSE,2.234050273895264,0.0,0.0,0.0,0.0
4022,FALSE,2.0431785583496094,0.0,0.0,0.0,0.0
4023,FALSE,2.5413339138031006,0.0,0.0,0.0,0.0
4024,FALSE,2.471205711364746,0.0,0.0,0.0,0.0
4025,TRUE,0.0,0.0,0.0,0.0,0.0
4026,FALSE,4.562022686004639,0.0,0.0,0.0,0.0
4027,FALSE,2.0761361122131348,0.0,0.0,0.0,0.0
4028,FALSE,2.533886432647705,0.0,0.0,0.0,0.0
4029,FALSE,2.587341785430908,0.0,0.0,0.0,0.0
4030,FALSE,2.1368110179901123,0.0,0.0,0.0,0.0
4031,FALSE,3.1760406494140625,0.0,0.0,0.0,0.0
4032,FALSE,2.2499263286590576,0.0,0.0,0.0,0.0
4033,FALSE,1.5710930824279783,0.0,0.0,0.0,0.0
4034,TRUE,1.9449214935302728,0.0,0.0,0.0,0.0
4035,FALSE,2.447805881500244,0.0,0.0,0.0,0.0
4036,FALSE,1.9846398830413816,0.0,0.0,0.0,0.0
4037,FALSE,2.420391082763672,0.0,0.0,0.0,0.0
4038,FALSE,2.5180234909057617,0.0,0.0,0.0,0.0
4039,FALSE,2.159274101257324,0.0,0.0,0.0,0.0
4040,FALSE,2.3583407402038574,0.0,0.0,0.0,0.0
4041,FALSE,1.6353797912597656,0.0,0.0,0.0,0.0
4042,FALSE,1.9827313423156736,0.0,0.0,0.0,0.0
4043,TRUE,2.306182384490967,0.0,0.0,0.0,0.0
4044,TRUE,2.27347183227539,0.0,0.0,0.0,0.0
4045,FALSE,2.3050191402435303,0.0,0.0,0.0,0.0
4046,FALSE,1.9166457653045648,0.0,0.0,0.0,0.0
4047,FALSE,2.179717779159546,0.0,0.0,0.0,0.0
4048,FALSE,2.1837270259857178,0.0,0.0,0.0,0.0
4049,FALSE,2.241453170776367,0.0,0.0,0.0,0.0
4050,TRUE,1.2111543416976929,0.0,0.0,0.0,0.0
4051,TRUE,0.8042091131210327,0.0,0.0,0.0,0.0
4052,TRUE,1.518855094909668,0.0,0.0,0.0,0.0
4053,FALSE,1.6631255149841309,0.0,0.0,0.0,0.0
4054,TRUE,1.3428694009780884,0.0,0.0,0.0,0.0
4055,FALSE,3.9083895683288574,0.0,0.0,0.0,0.0
4056,FALSE,2.394758701324463,0.0,0.0,0.0,0.0
4057,FALSE,1.686132788658142,0.0,0.0,0.0,0.0
4058,FALSE,1.85979163646698,0.0,0.0,0.0,0.0
4059,TRUE,0.0,0.0,0.0,0.0,0.0
4060,FALSE,2.114485502243042,0.0,0.0,0.0,0.0
4061,TRUE,1.3044252395629885,0.0,0.0,0.0,0.0
4062,FALSE,2.4151437282562256,0.0,0.0,0.0,0.0
4063,FALSE,2.116931676864624,0.0,0.0,0.0,0.0
4064,TRUE,2.047820568084717,0.0,0.0,0.0,0.0
4065,TRUE,2.0730369091033936,0.0,0.0,0.0,0.0
4066,FALSE,1.78809916973114,0.0,0.0,0.0,0.0
4067,FALSE,1.1426708698272705,0.0,0.0,0.0,0.0
4068,FALSE,2.33272671699524,0.0,0.0,0.0,0.0
4069,FALSE,5.0903096199035645,0.0,0.0,0.0,0.0
4070,FALSE,1.2395511865615845,0.0,0.0,0.0,0.0
4071,TRUE,1.783403992652893,0.0,0.0,0.0,0.0
4072,TRUE,2.216787338256836,0.0,0.0,0.0,0.0
4073,FALSE,2.119593381881714,0.0,0.0,0.0,0.0
4074,FALSE,1.392802119255066,0.0,0.0,0.0,0.0
4075,TRUE,2.0679659843444824,0.0,0.0,0.0,0.0
4076,TRUE,2.042044162750244,0.0,0.0,0.0,0.0
4077,FALSE,1.969978094100952,0.0,0.0,0.0,0.0
4078,TRUE,0.0,0.0,0.0,0.0,0.0
4079,FALSE,2.380660057067871,0.0,0.0,0.0,0.0
4080,FALSE,0.8591799736022949,0.0,0.0,0.0,0.0
4081,FALSE,2.1648848056793213,0.0,0.0,0.0,0.0
4082,FALSE,1.9087557792663568,0.0,0.0,0.0,0.0
4083,FALSE,2.189752578735352,0.0,0.0,0.0,0.0
4084,TRUE,1.72266948223114,0.0,0.0,0.0,0.0
4085,FALSE,2.385207176208496,0.0,0.0,0.0,0.0
4086,TRUE,0.0,0.0,0.0,0.0,0.0
4087,TRUE,1.9025508165359497,0.0,0.0,0.0,0.0
4088,FALSE,2.2376708984375,0.0,0.0,0.0,0.0
4089,TRUE,4.408891201019287,0.0,0.0,0.0,0.0
4090,FALSE,1.8426746129989624,0.0,0.0,0.0,0.0
4091,TRUE,2.336453914642334,0.0,0.0,0.0,0.0
4092,FALSE,2.0404646396636963,0.0,0.0,0.0,0.0
4093,TRUE,1.6830207109451294,0.0,0.0,0.0,0.0
4094,FALSE,2.1252601146698,0.0,0.0,0.0,0.0
4095,FALSE,3.4440813064575195,0.0,0.0,0.0,0.0
4096,FALSE,2.421265125274658,0.0,0.0,0.0,0.0
4097,TRUE,2.265089511871338,0.0,0.0,0.0,0.0
4098,FALSE,2.7579455375671387,0.0,0.0,0.0,0.0
4099,FALSE,2.193289279937744,0.0,0.0,0.0,0.0
4100,FALSE,1.2839336395263672,0.0,0.0,0.0,0.0
4101,FALSE,0.0,0.0,0.0,0.0,0.0
4102,FALSE,2.2033567428588867,0.0,0.0,0.0,0.0
4103,TRUE,1.8548394441604608,0.0,0.0,0.0,0.0
4104,TRUE,2.2166364192962646,0.0,0.0,0.0,0.0
4105,FALSE,4.642258167266846,0.0,0.0,0.0,0.0
4106,FALSE,1.8418148756027224,0.0,0.0,0.0,0.0
4107,FALSE,0.0,0.0,0.0,0.0,0.0
4108,FALSE,2.4316225051879883,0.0,0.0,0.0,0.0
4109,TRUE,2.2159347534179688,0.0,0.0,0.0,0.0
4110,FALSE,2.340163230895996,0.0,0.0,0.0,0.0
4111,FALSE,2.2781102657318115,0.0,0.0,0.0,0.0
4112,TRUE,1.8139607906341555,0.0,0.0,0.0,0.0
4113,FALSE,4.0556464195251465,0.0,0.0,0.0,0.0
4114,FALSE,0.0,0.0,0.0,0.0,0.0
4115,TRUE,1.5012366771697998,0.0,0.0,0.0,0.0
4116,FALSE,2.056236743927002,0.0,0.0,0.0,0.0
4117,FALSE,2.0342583656311035,0.0,0.0,0.0,0.0
4118,TRUE,1.4398730993270874,0.0,0.0,0.0,0.0
4119,TRUE,0.0,0.0,0.0,0.0,0.0
4120,FALSE,1.410262942314148,0.0,0.0,0.0,0.0
4121,FALSE,2.316920042037964,0.0,0.0,0.0,0.0
4122,TRUE,2.04799747467041,0.0,0.0,0.0,0.0
4123,TRUE,1.5207825899124146,0.0,0.0,0.0,0.0
4124,FALSE,2.2737526893615723,0.0,0.0,0.0,0.0
4125,FALSE,1.8952760696411133,0.0,0.0,0.0,0.0
4126,TRUE,2.220813751220703,0.0,0.0,0.0,0.0
4127,FALSE,2.227973461151123,0.0,0.0,0.0,0.0
4128,FALSE,1.7837878465652466,0.0,0.0,0.0,0.0
4129,TRUE,2.199009656906128,0.0,0.0,0.0,0.0
4130,FALSE,2.078150510787964,0.0,0.0,0.0,0.0
4131,TRUE,1.1620590686798096,0.0,0.0,0.0,0.0
4132,FALSE,2.3391239643096924,0.0,0.0,0.0,0.0
4133,FALSE,1.946416258811951,0.0,0.0,0.0,0.0
4134,TRUE,1.7225736379623413,0.0,0.0,0.0,0.0
4135,FALSE,2.4581425189971924,0.0,0.0,0.0,0.0
4136,TRUE,2.412128210067749,0.0,0.0,0.0,0.0
4137,TRUE,2.355731964111328,0.0,0.0,0.0,0.0
4138,TRUE,2.114924192428589,0.0,0.0,0.0,0.0
4139,FALSE,2.0667102336883545,0.0,0.0,0.0,0.0
4140,FALSE,2.000328779220581,0.0,0.0,0.0,0.0
4141,FALSE,2.6016807556152344,0.0,0.0,0.0,0.0
4142,FALSE,2.5417633056640625,0.0,0.0,0.0,0.0
4143,FALSE,2.12892746925354,0.0,0.0,0.0,0.0
4144,TRUE,1.5135459899902344,0.0,0.0,0.0,0.0
4145,FALSE,2.290689468383789,0.0,0.0,0.0,0.0
4146,TRUE,2.1819334030151367,0.0,0.0,0.0,0.0
4147,FALSE,2.7081298828125,0.0,0.0,0.0,0.0
4148,TRUE,4.479395389556885,0.0,0.0,0.0,0.0
4149,TRUE,2.1963014602661133,0.0,0.0,0.0,0.0
4150,FALSE,1.7529126405715942,0.0,0.0,0.0,0.0
4151,FALSE,2.346806049346924,0.0,0.0,0.0,0.0
4152,FALSE,1.537451148033142,0.0,0.0,0.0,0.0
4153,FALSE,0.0,0.0,0.0,0.0,0.0
4154,FALSE,2.020453929901123,0.0,0.0,0.0,0.0
4155,FALSE,2.098073720932007,0.0,0.0,0.0,0.0
4156,FALSE,2.363502264022827,0.0,0.0,0.0,0.0
4157,FALSE,2.338930606842041,0.0,0.0,0.0,0.0
4158,FALSE,2.1917214393615723,0.0,0.0,0.0,0.0
4159,FALSE,1.7655088901519775,0.0,0.0,0.0,0.0
4160,TRUE,1.93476676940918,0.0,0.0,0.0,0.0
4161,FALSE,1.5807645320892334,0.0,0.0,0.0,0.0
4162,FALSE,0.0,0.0,0.0,0.0,0.0
4163,FALSE,1.6640357971191406,0.0,0.0,0.0,0.0
4164,FALSE,2.225215435028076,0.0,0.0,0.0,0.0
4165,TRUE,0.0,0.0,0.0,0.0,0.0
4166,FALSE,1.7301477193832395,0.0,0.0,0.0,0.0
4167,FALSE,2.236485719680786,0.0,0.0,0.0,0.0
4168,TRUE,0.0,0.0,0.0,0.0,0.0
4169,FALSE,2.3866772651672363,0.0,0.0,0.0,0.0
4170,FALSE,3.508294582366944,0.0,0.0,0.0,0.0
4171,TRUE,0.0,0.0,0.0,0.0,0.0
4172,FALSE,3.671284675598145,0.0,0.0,0.0,0.0
4173,FALSE,1.820024013519287,0.0,0.0,0.0,0.0
4174,FALSE,2.030758857727051,0.0,0.0,0.0,0.0
4175,FALSE,0.0,0.0,0.0,0.0,0.0
4176,FALSE,3.1995749473571777,0.0,0.0,0.0,0.0
4177,FALSE,0.0,0.0,0.0,0.0,0.0
4178,FALSE,2.906855821609497,0.0,0.0,0.0,0.0
4179,FALSE,2.297654628753662,0.0,0.0,0.0,0.0
4180,FALSE,2.243003845214844,0.0,0.0,0.0,0.0
4181,FALSE,3.4104554653167725,0.0,0.0,0.0,0.0
4182,FALSE,0.9508415460586548,0.0,0.0,0.0,0.0
4183,TRUE,4.373456001281738,0.0,0.0,0.0,0.0
4184,FALSE,3.467276096343994,0.0,0.0,0.0,0.0
4185,FALSE,1.813967227935791,0.0,0.0,0.0,0.0
4186,FALSE,1.1533997058868408,0.0,0.0,0.0,0.0
4187,TRUE,0.0,0.0,0.0,0.0,0.0
4188,FALSE,2.358187198638916,0.0,0.0,0.0,0.0
4189,FALSE,1.895530343055725,0.0,0.0,0.0,0.0
4190,FALSE,2.6954691410064697,0.0,0.0,0.0,0.0
4191,FALSE,2.078559398651123,0.0,0.0,0.0,0.0
4192,FALSE,4.106022834777832,0.0,0.0,0.0,0.0
4193,FALSE,2.194960594177246,0.0,0.0,0.0,0.0
4194,FALSE,2.303767442703247,0.0,0.0,0.0,0.0
4195,FALSE,1.5204613208770752,0.0,0.0,0.0,0.0
4196,FALSE,1.063344120979309,0.0,0.0,0.0,0.0
4197,FALSE,2.516604423522949,0.0,0.0,0.0,0.0
4198,FALSE,2.29128360748291,0.0,0.0,0.0,0.0
4199,FALSE,2.3884599208831787,0.0,0.0,0.0,0.0
4200,FALSE,1.009920358657837,0.0,0.0,0.0,0.0
4201,TRUE,4.367430686950684,0.0,0.0,0.0,0.0
4202,TRUE,1.575107455253601,0.0,0.0,0.0,0.0
4203,TRUE,3.751558303833008,0.0,0.0,0.0,0.0
4204,FALSE,3.004539728164673,0.0,0.0,0.0,0.0
4205,TRUE,3.785573720932007,0.0,0.0,0.0,0.0
4206,FALSE,3.3376171588897705,0.0,0.0,0.0,0.0
4207,FALSE,3.425778865814209,0.0,0.0,0.0,0.0
4208,FALSE,3.3275299072265625,0.0,0.0,0.0,0.0
4209,TRUE,0.0,0.0,0.0,0.0,0.0
4210,FALSE,3.152748107910156,0.0,0.0,0.0,0.0
4211,TRUE,3.3043131828308105,0.0,0.0,0.0,0.0
4212,FALSE,2.384886741638184,0.0,0.0,0.0,0.0
4213,FALSE,3.2453203201293945,0.0,0.0,0.0,0.0
4214,TRUE,3.220885992050171,0.0,0.0,0.0,0.0
4215,FALSE,3.3530468940734863,0.0,0.0,0.0,0.0
4216,FALSE,2.7692556381225586,0.0,0.0,0.0,0.0
4217,TRUE,3.094903945922852,0.0,0.0,0.0,0.0
4218,FALSE,1.2630172967910769,0.0,0.0,0.0,0.0
4219,FALSE,2.903214454650879,0.0,0.0,0.0,0.0
4220,FALSE,2.784104824066162,0.0,0.0,0.0,0.0
4221,TRUE,0.0,0.0,0.0,0.0,0.0
4222,FALSE,1.7535192966461182,0.0,0.0,0.0,0.0
4223,TRUE,3.7210445404052734,0.0,0.0,0.0,0.0
4224,FALSE,2.7704503536224365,0.0,0.0,0.0,0.0
4225,TRUE,3.747135877609253,0.0,0.0,0.0,0.0
4226,FALSE,3.1551661491394043,0.0,0.0,0.0,0.0
4227,FALSE,2.429880380630493,0.0,0.0,0.0,0.0
4228,FALSE,3.020822763442993,0.0,0.0,0.0,0.0
4229,FALSE,2.761735916137696,0.0,0.0,0.0,0.0
4230,FALSE,1.273372769355774,0.0,0.0,0.0,0.0
4231,FALSE,2.8755552768707275,0.0,0.0,0.0,0.0
4232,TRUE,2.2485156059265137,0.0,0.0,0.0,0.0
4233,FALSE,2.355589866638184,0.0,0.0,0.0,0.0
4234,FALSE,2.8671836853027344,0.0,0.0,0.0,0.0
4235,FALSE,2.8732149600982666,0.0,0.0,0.0,0.0
4236,FALSE,2.7916717529296875,0.0,0.0,0.0,0.0
4237,TRUE,0.0,0.0,0.0,0.0,0.0
4238,FALSE,3.3173673152923584,0.0,0.0,0.0,0.0
4239,FALSE,3.330902576446533,0.0,0.0,0.0,0.0
4240,FALSE,2.35206151008606,0.0,0.0,0.0,0.0
4241,FALSE,3.392284393310547,0.0,0.0,0.0,0.0
4242,TRUE,2.936208248138428,0.0,0.0,0.0,0.0
4243,FALSE,3.313431739807129,0.0,0.0,0.0,0.0
4244,FALSE,2.979903221130371,0.0,0.0,0.0,0.0
4245,FALSE,2.766719579696656,0.0,0.0,0.0,0.0
4246,FALSE,2.8383634090423584,0.0,0.0,0.0,0.0
4247,FALSE,3.081439971923828,0.0,0.0,0.0,0.0
4248,FALSE,1.1935949325561523,0.0,0.0,0.0,0.0
4249,FALSE,1.2529326677322388,0.0,0.0,0.0,0.0
4250,FALSE,3.064794540405273,0.0,0.0,0.0,0.0
4251,FALSE,3.2152700424194336,0.0,0.0,0.0,0.0
4252,TRUE,3.7500500679016113,0.0,0.0,0.0,0.0
4253,FALSE,2.956959724426269,0.0,0.0,0.0,0.0
4254,FALSE,2.9804553985595703,0.0,0.0,0.0,0.0
4255,FALSE,2.978756904602051,0.0,0.0,0.0,0.0
4256,FALSE,2.915951728820801,0.0,0.0,0.0,0.0
4257,FALSE,2.679133415222168,0.0,0.0,0.0,0.0
4258,TRUE,0.0,0.0,0.0,0.0,0.0
4259,TRUE,3.794706344604492,0.0,0.0,0.0,0.0
4260,TRUE,3.101532220840454,0.0,0.0,0.0,0.0
4261,FALSE,1.314482569694519,0.0,0.0,0.0,0.0
4262,TRUE,3.4278459548950195,0.0,0.0,0.0,0.0
4263,FALSE,1.3395159244537354,0.0,0.0,0.0,0.0
4264,FALSE,1.3836878538131714,0.0,0.0,0.0,0.0
4265,TRUE,3.76036524772644,0.0,0.0,0.0,0.0
4266,FALSE,3.428588390350342,0.0,0.0,0.0,0.0
4267,FALSE,3.1753594875335693,0.0,0.0,0.0,0.0
4268,TRUE,3.7447566986083984,0.0,0.0,0.0,0.0
4269,FALSE,2.828941822052002,0.0,0.0,0.0,0.0
4270,TRUE,3.064943552017212,0.0,0.0,0.0,0.0
4271,TRUE,3.055361747741699,0.0,0.0,0.0,0.0
4272,FALSE,2.597543478012085,0.0,0.0,0.0,0.0
4273,TRUE,3.7800815105438232,0.0,0.0,0.0,0.0
4274,FALSE,2.5758752822875977,0.0,0.0,0.0,0.0
4275,FALSE,2.541724920272827,0.0,0.0,0.0,0.0
4276,TRUE,3.037737369537353,0.0,0.0,0.0,0.0
4277,FALSE,0.7672001123428345,0.0,0.0,0.0,0.0
4278,FALSE,3.2104852199554443,0.0,0.0,0.0,0.0
4279,TRUE,1.1913982629776,0.0,0.0,0.0,0.0
4280,FALSE,3.369158744812012,0.0,0.0,0.0,0.0
4281,FALSE,3.136436462402344,0.0,0.0,0.0,0.0
4282,FALSE,2.913148641586304,0.0,0.0,0.0,0.0
4283,FALSE,2.716794490814209,0.0,0.0,0.0,0.0
4284,TRUE,1.288001298904419,0.0,0.0,0.0,0.0
4285,TRUE,1.243259310722351,0.0,0.0,0.0,0.0
4286,FALSE,1.3284770250320437,0.0,0.0,0.0,0.0
4287,FALSE,2.3744330406188965,0.0,0.0,0.0,0.0
4288,TRUE,3.882089138031006,0.0,0.0,0.0,0.0
4289,TRUE,3.8809022903442383,0.0,0.0,0.0,0.0
4290,FALSE,1.2328616380691528,0.0,0.0,0.0,0.0
4291,FALSE,2.3412532806396484,0.0,0.0,0.0,0.0
4292,FALSE,1.3703752756118774,0.0,0.0,0.0,0.0
4293,FALSE,2.9672794342041016,0.0,0.0,0.0,0.0
4294,FALSE,2.5076208114624023,0.0,0.0,0.0,0.0
4295,TRUE,3.864075183868408,0.0,0.0,0.0,0.0
4296,FALSE,1.352427959442139,0.0,0.0,0.0,0.0
4297,FALSE,2.9320602416992188,0.0,0.0,0.0,0.0
4298,FALSE,0.0606262534856796,0.0,0.0,0.0,0.0
4299,FALSE,1.3026663064956665,0.0,0.0,0.0,0.0
4300,FALSE,0.0,0.0,0.0,0.0,0.0
4301,TRUE,2.944077968597412,0.0,0.0,0.0,0.0
4302,FALSE,3.146616220474243,0.0,0.0,0.0,0.0
4303,TRUE,3.348561286926269,0.0,0.0,0.0,0.0
4304,FALSE,2.8363490104675293,0.0,0.0,0.0,0.0
4305,FALSE,2.9140353202819824,0.0,0.0,0.0,0.0
4306,TRUE,2.101377010345459,0.0,0.0,0.0,0.0
4307,TRUE,3.837901592254639,0.0,0.0,0.0,0.0
4308,FALSE,2.922539710998535,0.0,0.0,0.0,0.0
4309,TRUE,3.798248767852783,0.0,0.0,0.0,0.0
4310,TRUE,1.309123992919922,0.0,0.0,0.0,0.0
4311,TRUE,2.946624517440796,0.0,0.0,0.0,0.0
4312,TRUE,3.819063186645508,0.0,0.0,0.0,0.0
4313,FALSE,3.157634019851685,0.0,0.0,0.0,0.0
4314,FALSE,3.065464496612549,0.0,0.0,0.0,0.0
4315,TRUE,3.181809902191162,0.0,0.0,0.0,0.0
4316,FALSE,2.932785749435425,0.0,0.0,0.0,0.0
4317,FALSE,2.868561267852783,0.0,0.0,0.0,0.0
4318,TRUE,3.305332660675049,0.0,0.0,0.0,0.0
4319,TRUE,2.177947521209717,0.0,0.0,0.0,0.0
4320,FALSE,2.34958553314209,0.0,0.0,0.0,0.0
4321,FALSE,2.537964344024658,0.0,0.0,0.0,0.0
4322,FALSE,3.3902013301849365,0.0,0.0,0.0,0.0
4323,FALSE,3.274056911468506,0.0,0.0,0.0,0.0
4324,FALSE,3.13804292678833,0.0,0.0,0.0,0.0
4325,FALSE,1.2012672424316406,0.0,0.0,0.0,0.0
4326,FALSE,1.307361721992493,0.0,0.0,0.0,0.0
4327,FALSE,3.105399370193481,0.0,0.0,0.0,0.0
4328,FALSE,2.275024652481079,0.0,0.0,0.0,0.0
4329,FALSE,3.0654125213623047,0.0,0.0,0.0,0.0
4330,FALSE,3.039036750793457,0.0,0.0,0.0,0.0
4331,TRUE,3.823032855987549,0.0,0.0,0.0,0.0
4332,FALSE,0.0,0.0,0.0,0.0,0.0
4333,FALSE,2.336874485015869,0.0,0.0,0.0,0.0
4334,FALSE,2.3358311653137207,0.0,0.0,0.0,0.0
4335,FALSE,3.206810474395752,0.0,0.0,0.0,0.0
4336,FALSE,0.0,0.0,0.0,0.0,0.0
4337,FALSE,0.0,0.0,0.0,0.0,0.0
4338,FALSE,0.0,0.0,0.0,0.0,0.0
4339,FALSE,2.489341735839844,0.0,0.0,0.0,0.0
4340,FALSE,3.0450339317321777,0.0,0.0,0.0,0.0
4341,FALSE,2.4115407466888428,0.0,0.0,0.0,0.0
4342,TRUE,4.277319431304932,0.0,0.0,0.0,0.0
4343,FALSE,2.013007879257202,0.0,0.0,0.0,0.0
4344,FALSE,1.8243563175201416,0.0,0.0,0.0,0.0
4345,FALSE,0.0,0.0,0.0,0.0,0.0
4346,FALSE,0.0,0.0,0.0,0.0,0.0
4347,FALSE,2.509100914001465,0.0,0.0,0.0,0.0
4348,FALSE,4.580288887023926,0.0,0.0,0.0,0.0
4349,FALSE,2.151337146759033,0.0,0.0,0.0,0.0
4350,TRUE,0.0,0.0,0.0,0.0,0.0
4351,TRUE,2.6516313552856445,0.0,0.0,0.0,0.0
4352,FALSE,0.0,0.0,0.0,0.0,0.0
4353,FALSE,2.259138822555542,0.0,0.0,0.0,0.0
4354,FALSE,1.840135931968689,0.0,0.0,0.0,0.0
4355,FALSE,0.0,0.0,0.0,0.0,0.0
4356,FALSE,4.225780963897705,0.0,0.0,0.0,0.0
4357,FALSE,0.0,0.0,0.0,0.0,0.0
4358,FALSE,0.0,0.0,0.0,0.0,0.0
4359,FALSE,1.8854302167892456,0.0,0.0,0.0,0.0
4360,FALSE,0.0,0.0,0.0,0.0,0.0
4361,FALSE,2.236974000930786,0.0,0.0,0.0,0.0
4362,FALSE,0.0,0.0,0.0,0.0,0.0
4363,FALSE,0.0,0.0,0.0,0.0,0.0
4364,FALSE,3.396322727203369,0.0,0.0,0.0,0.0
4365,FALSE,1.6657233238220217,0.0,0.0,0.0,0.0
4366,FALSE,4.436331272125244,0.0,0.0,0.0,0.0
4367,FALSE,2.121400594711304,0.0,0.0,0.0,0.0
4368,FALSE,2.332556962966919,0.0,0.0,0.0,0.0
4369,FALSE,3.9124152660369873,0.0,0.0,0.0,0.0
4370,FALSE,0.0,0.0,0.0,0.0,0.0
4371,FALSE,0.0,0.0,0.0,0.0,0.0
4372,FALSE,2.227741003036499,0.0,0.0,0.0,0.0
4373,FALSE,2.256507635116577,0.0,0.0,0.0,0.0
4374,FALSE,0.0,0.0,0.0,0.0,0.0
4375,FALSE,0.0,0.0,0.0,0.0,0.0
4376,FALSE,1.781024932861328,0.0,0.0,0.0,0.0
4377,FALSE,2.0079143047332764,0.0,0.0,0.0,0.0
4378,FALSE,0.0,0.0,0.0,0.0,0.0
4379,TRUE,0.0,0.0,0.0,0.0,0.0
4380,FALSE,2.0554039478302,0.0,0.0,0.0,0.0
4381,FALSE,1.9047224521636963,0.0,0.0,0.0,0.0
4382,FALSE,2.181342124938965,0.0,0.0,0.0,0.0
4383,FALSE,0.0,0.0,0.0,0.0,0.0
4384,FALSE,0.0,0.0,0.0,0.0,0.0
4385,FALSE,0.0,0.0,0.0,0.0,0.0
4386,FALSE,0.0,0.0,0.0,0.0,0.0
4387,FALSE,2.517369270324707,0.0,0.0,0.0,0.0
4388,FALSE,2.639978647232056,0.0,0.0,0.0,0.0
4389,FALSE,1.8944923877716064,0.0,0.0,0.0,0.0
4390,FALSE,2.775852918624878,0.0,0.0,0.0,0.0
4391,FALSE,0.0,0.0,0.0,0.0,0.0
4392,FALSE,2.743637561798096,0.0,0.0,0.0,0.0
4393,FALSE,1.838348388671875,0.0,0.0,0.0,0.0
4394,TRUE,2.275925636291504,0.0,0.0,0.0,0.0
4395,FALSE,2.1860594749450684,0.0,0.0,0.0,0.0
4396,FALSE,2.442205905914306,0.0,0.0,0.0,0.0
4397,FALSE,0.0,0.0,0.0,0.0,0.0
4398,FALSE,0.0,0.0,0.0,0.0,0.0
4399,FALSE,3.269793033599853,0.0,0.0,0.0,0.0
4400,FALSE,2.992493152618408,0.0,0.0,0.0,0.0
4401,FALSE,0.0,0.0,0.0,0.0,0.0
4402,FALSE,0.0,0.0,0.0,0.0,0.0
4403,FALSE,2.2444422245025635,0.0,0.0,0.0,0.0
4404,FALSE,2.562931060791016,0.0,0.0,0.0,0.0
4405,TRUE,2.594571590423584,0.0,0.0,0.0,0.0
4406,FALSE,0.0,0.0,0.0,0.0,0.0
4407,FALSE,0.0,0.0,0.0,0.0,0.0
4408,FALSE,2.2197654247283936,0.0,0.0,0.0,0.0
4409,FALSE,2.041303396224976,0.0,0.0,0.0,0.0
4410,FALSE,0.0,0.0,0.0,0.0,0.0
4411,FALSE,0.0,0.0,0.0,0.0,0.0
4412,FALSE,2.36892032623291,0.0,0.0,0.0,0.0
4413,FALSE,2.831663131713867,0.0,0.0,0.0,0.0
4414,FALSE,2.344409465789795,0.0,0.0,0.0,0.0
4415,TRUE,2.530424118041992,0.0,0.0,0.0,0.0
4416,FALSE,0.0,0.0,0.0,0.0,0.0
4417,FALSE,2.306761741638184,0.0,0.0,0.0,0.0
4418,FALSE,4.713878154754639,0.0,0.0,0.0,0.0
4419,FALSE,2.117690086364746,0.0,0.0,0.0,0.0
4420,FALSE,2.607927799224853,0.0,0.0,0.0,0.0
4421,FALSE,3.4346249103546143,0.0,0.0,0.0,0.0
4422,FALSE,2.1054062843322754,0.0,0.0,0.0,0.0
4423,FALSE,0.4318719506263733,0.0,0.0,0.0,0.0
4424,FALSE,2.7334275245666504,0.0,0.0,0.0,0.0
4425,FALSE,0.0,0.0,0.0,0.0,0.0
4426,FALSE,0.0,0.0,0.0,0.0,0.0
4427,FALSE,0.0,0.0,0.0,0.0,0.0
4428,FALSE,2.5210094451904297,0.0,0.0,0.0,0.0
4429,TRUE,2.900254726409912,0.0,0.0,0.0,0.0
4430,FALSE,0.0,0.0,0.0,0.0,0.0
4431,FALSE,0.0,0.0,0.0,0.0,0.0
4432,FALSE,0.0,0.0,0.0,0.0,0.0
4433,FALSE,2.338124513626098,0.0,0.0,0.0,0.0
4434,FALSE,2.0703563690185547,0.0,0.0,0.0,0.0
4435,FALSE,0.0,0.0,0.0,0.0,0.0
4436,FALSE,0.0,0.0,0.0,0.0,0.0
4437,FALSE,0.0,0.0,0.0,0.0,0.0
4438,FALSE,2.307246208190918,0.0,0.0,0.0,0.0
4439,FALSE,0.0,0.0,0.0,0.0,0.0
4440,FALSE,2.1561696529388428,0.0,0.0,0.0,0.0
4441,FALSE,3.2123336791992188,0.0,0.0,0.0,0.0
4442,FALSE,2.360124111175537,0.0,0.0,0.0,0.0
4443,FALSE,4.342385292053223,0.0,0.0,0.0,0.0
4444,FALSE,2.3350729942321777,0.0,0.0,0.0,0.0
4445,TRUE,2.650996685028076,0.0,0.0,0.0,0.0
4446,FALSE,0.0,0.0,0.0,0.0,0.0
4447,FALSE,0.0,0.0,0.0,0.0,0.0
4448,FALSE,2.4131007194519043,0.0,0.0,0.0,0.0
4449,FALSE,2.2727341651916504,0.0,0.0,0.0,0.0
4450,FALSE,4.245544910430908,0.0,0.0,0.0,0.0
4451,FALSE,0.0,0.0,0.0,0.0,0.0
4452,FALSE,1.7792057991027832,0.0,0.0,0.0,0.0
4453,FALSE,1.8783608675003047,0.0,0.0,0.0,0.0
4454,FALSE,0.0,0.0,0.0,0.0,0.0
4455,TRUE,0.0,0.0,0.0,0.0,0.0
4456,FALSE,2.3387553691864014,0.0,0.0,0.0,0.0
4457,FALSE,0.0,0.0,0.0,0.0,0.0
4458,FALSE,2.042316675186157,0.0,0.0,0.0,0.0
4459,FALSE,2.694212913513184,0.0,0.0,0.0,0.0
4460,TRUE,0.0,0.0,0.0,0.0,0.0
4461,FALSE,2.311091423034668,0.0,0.0,0.0,0.0
4462,TRUE,2.320640087127685,0.0,0.0,0.0,0.0
4463,FALSE,2.6225426197052,0.0,0.0,0.0,0.0
4464,FALSE,2.312112331390381,0.0,0.0,0.0,0.0
4465,FALSE,4.467655181884766,0.0,0.0,0.0,0.0
4466,FALSE,2.431544303894043,0.0,0.0,0.0,0.0
4467,FALSE,2.59633207321167,0.0,0.0,0.0,0.0
4468,FALSE,3.065269947052002,0.0,0.0,0.0,0.0
4469,FALSE,0.0,0.0,0.0,0.0,0.0
4470,FALSE,0.0,0.0,0.0,0.0,0.0
4471,FALSE,0.0,0.0,0.0,0.0,0.0
4472,FALSE,2.4059760570526123,0.0,0.0,0.0,0.0
4473,TRUE,4.1907830238342285,0.0,0.0,0.0,0.0
4474,FALSE,3.36991810798645,0.0,0.0,0.0,0.0
4475,FALSE,2.2154030799865723,0.0,0.0,0.0,0.0
4476,FALSE,3.930396556854248,0.0,0.0,0.0,0.0
4477,FALSE,0.0,0.0,0.0,0.0,0.0
4478,FALSE,1.8591021299362185,0.0,0.0,0.0,0.0
4479,FALSE,0.0,0.0,0.0,0.0,0.0
4480,FALSE,0.0,0.0,0.0,0.0,0.0
4481,FALSE,0.0,0.0,0.0,0.0,0.0
4482,FALSE,3.188617706298828,0.0,0.0,0.0,0.0
4483,FALSE,2.4015684127807617,0.0,0.0,0.0,0.0
4484,FALSE,0.0,0.0,0.0,0.0,0.0
4485,FALSE,2.1693339347839355,0.0,0.0,0.0,0.0
4486,FALSE,1.9024864435195925,0.0,0.0,0.0,0.0
4487,FALSE,2.0765392780303955,0.0,0.0,0.0,0.0
4488,FALSE,2.68017315864563,0.0,0.0,0.0,0.0
4489,FALSE,0.0,0.0,0.0,0.0,0.0
4490,FALSE,2.5438833236694336,0.0,0.0,0.0,0.0
4491,FALSE,4.738517284393311,0.0,0.0,0.0,0.0
4492,FALSE,2.299086332321167,0.0,0.0,0.0,0.0
4493,FALSE,2.5885040760040283,0.0,0.0,0.0,0.0
4494,FALSE,0.0,0.0,0.0,0.0,0.0
4495,TRUE,0.0,0.0,0.0,0.0,0.0
4496,FALSE,2.2112810611724854,0.0,0.0,0.0,0.0
4497,FALSE,0.6935206651687622,0.0,0.0,0.0,0.0
4498,FALSE,0.0,0.0,0.0,0.0,0.0
4499,FALSE,1.0590498447418213,0.0,0.0,0.0,0.0
4500,TRUE,4.6778244972229,0.0,0.0,0.0,0.0
4501,FALSE,0.6087414622306824,0.0,0.0,0.0,0.0
4502,FALSE,0.0,0.0,0.0,0.0,0.0
4503,FALSE,1.1652379035949707,0.0,0.0,0.0,0.0
4504,FALSE,3.504962682723999,0.0,0.0,0.0,0.0
4505,FALSE,3.933835983276367,0.0,0.0,0.0,0.0
4506,FALSE,2.86686372756958,0.0,0.0,0.0,0.0
4507,FALSE,0.9176621437072754,0.0,0.0,0.0,0.0
4508,FALSE,0.9020678997039796,0.0,0.0,0.0,0.0
4509,FALSE,0.8362083435058594,0.0,0.0,0.0,0.0
4510,TRUE,0.0,0.0,0.0,0.0,0.0
4511,FALSE,0.0,0.0,0.0,0.0,0.0
4512,FALSE,1.5733174085617063,0.0,0.0,0.0,0.0
4513,FALSE,4.863368511199951,0.0,0.0,0.0,0.0
4514,FALSE,3.866105318069458,0.0,0.0,0.0,0.0
4515,FALSE,4.538576602935791,0.0,0.0,0.0,0.0
4516,FALSE,0.491273283958435,0.0,0.0,0.0,0.0
4517,FALSE,0.5987535715103149,0.0,0.0,0.0,0.0
4518,TRUE,0.0,0.0,0.0,0.0,0.0
4519,TRUE,5.019602298736572,0.0,0.0,0.0,0.0
4520,FALSE,1.3638736009597778,0.0,0.0,0.0,0.0
4521,FALSE,0.7597161531448364,0.0,0.0,0.0,0.0
4522,FALSE,1.9874244928359983,0.0,0.0,0.0,0.0
4523,TRUE,5.086255073547363,0.0,0.0,0.0,0.0
4524,FALSE,0.8596181869506836,0.0,0.0,0.0,0.0
4525,TRUE,0.0,0.0,0.0,0.0,0.0
4526,FALSE,0.4634067416191101,0.0,0.0,0.0,0.0
4527,FALSE,4.581728458404541,0.0,0.0,0.0,0.0
4528,FALSE,0.0,0.0,0.0,0.0,0.0
4529,TRUE,0.0,0.0,0.0,0.0,0.0
4530,FALSE,0.0,0.0,0.0,0.0,0.0
4531,FALSE,1.1668118238449097,0.0,0.0,0.0,0.0
4532,FALSE,0.7591354846954346,0.0,0.0,0.0,0.0
4533,TRUE,5.056680202484131,0.0,0.0,0.0,0.0
4534,FALSE,0.0,0.0,0.0,0.0,0.0
4535,FALSE,1.4469397068023682,0.0,0.0,0.0,0.0
4536,FALSE,3.9265694618225098,0.0,0.0,0.0,0.0
4537,FALSE,0.0,0.0,0.0,0.0,0.0
4538,TRUE,0.0,0.0,0.0,0.0,0.0
4539,FALSE,0.0,0.0,0.0,0.0,0.0
4540,TRUE,0.6162031888961792,0.0,0.0,0.0,0.0
4541,FALSE,0.0,0.0,0.0,0.0,0.0
4542,FALSE,0.0,0.0,0.0,0.0,0.0
4543,FALSE,0.0,0.0,0.0,0.0,0.0
4544,FALSE,0.928220272064209,0.0,0.0,0.0,0.0
=======
0,True,1.876627206802368,0.0224253758788108,0.0097844004631042,0.0100414007902145,0.0363687574863433
1,True,3.000044345855713,0.2080379128456115,0.3087612390518188,0.0988104194402694,0.0268093347549438
2,False,0.0,0.0,0.0,0.0,0.0
3,False,0.0,0.0,0.0,0.0,0.0
4,False,0.0,0.0,0.0,0.0,0.0
5,True,2.488067150115967,0.0404319986701011,0.0038951635360717,0.0076405256986618,0.0319077968597412
6,False,0.0,0.0,0.0,0.0,0.0
7,False,0.0,0.0,0.0,0.0,0.0
8,False,0.0,0.0,0.0,0.0,0.0
9,False,0.0,0.0,0.0,0.0,0.0
10,True,2.701754570007324,0.109667383134365,0.1921080350875854,0.0354062765836715,0.0237600803375244
11,False,0.0,0.0,0.0,0.0,0.0
12,False,0.0,0.0,0.0,0.0,0.0
13,False,0.0,0.0,0.0,0.0,0.0
14,True,2.870511293411255,0.0896874293684959,0.0994295477867126,0.0460407584905624,0.0420004427433013
15,False,0.0,0.0,0.0,0.0,0.0
16,False,0.0,0.0,0.0,0.0,0.0
17,False,0.0,0.0,0.0,0.0,0.0
18,False,0.0,0.0,0.0,0.0,0.0
19,False,0.0,0.0,0.0,0.0,0.0
20,False,0.0,0.0,0.0,0.0,0.0
21,False,0.0,0.0,0.0,0.0,0.0
22,False,0.0,0.0,0.0,0.0,0.0
23,False,0.0,0.0,0.0,0.0,0.0
24,True,2.106250047683716,0.0162192806601524,0.0019505023956298,0.0051302164793014,0.0464912950992584
25,False,0.0,0.0,0.0,0.0,0.0
26,False,0.0,0.0,0.0,0.0,0.0
27,False,0.0,0.0,0.0,0.0,0.0
28,False,0.0,0.0,0.0,0.0,0.0
29,False,0.0,0.0,0.0,0.0,0.0
30,False,0.0,0.0,0.0,0.0,0.0
31,False,0.0,0.0,0.0,0.0,0.0
32,False,0.0,0.0,0.0,0.0,0.0
33,False,0.0,0.0,0.0,0.0,0.0
34,False,0.0,0.0,0.0,0.0,0.0
35,False,0.0,0.0,0.0,0.0,0.0
36,True,2.090914726257324,0.0161447152495384,0.0057729482650756,0.0056929439306259,0.0454688668251037
37,True,2.8846402168273926,0.36405810713768,0.6542501449584961,0.1979821473360061,0.0257695913314819
38,False,0.0,0.0,0.0,0.0,0.0
39,False,0.0,0.0,0.0,0.0,0.0
40,False,0.0,0.0,0.0,0.0,0.0
41,True,2.983267307281494,0.1944604218006134,0.2976740598678589,0.1077493876218795,0.0313662886619567
42,False,0.0,0.0,0.0,0.0,0.0
43,False,0.0,0.0,0.0,0.0,0.0
44,False,0.0,0.0,0.0,0.0,0.0
45,False,0.0,0.0,0.0,0.0,0.0
46,True,2.9186954498291016,0.127217561006546,0.1333724856376648,0.0406403988599777,0.0265933275222778
47,False,0.0,0.0,0.0,0.0,0.0
48,False,0.0,0.0,0.0,0.0,0.0
49,False,0.0,0.0,0.0,0.0,0.0
50,False,0.0,0.0,0.0,0.0,0.0
51,False,0.0,0.0,0.0,0.0,0.0
52,True,3.001749038696289,0.3558457493782043,0.6018227338790894,0.2259049266576767,0.0279299616813659
53,False,0.0,0.0,0.0,0.0,0.0
54,False,0.0,0.0,0.0,0.0,0.0
55,False,0.0,0.0,0.0,0.0,0.0
56,False,0.0,0.0,0.0,0.0,0.0
57,False,0.0,0.0,0.0,0.0,0.0
58,True,2.393764019012451,0.0466669425368309,0.0115947723388671,0.0101634711027145,0.0366973578929901
59,False,0.0,0.0,0.0,0.0,0.0
60,True,1.6362197399139404,0.0195228084921836,0.0058746337890625,0.0092927068471908,0.0311340689659118
61,False,0.0,0.0,0.0,0.0,0.0
62,False,0.0,0.0,0.0,0.0,0.0
63,True,1.7657268047332764,0.037626527249813,0.0094153881072998,0.0044328421354293,0.0301963686943054
64,False,0.0,0.0,0.0,0.0,0.0
65,False,0.0,0.0,0.0,0.0,0.0
66,False,0.0,0.0,0.0,0.0,0.0
67,False,0.0,0.0,0.0,0.0,0.0
68,False,0.0,0.0,0.0,0.0,0.0
69,False,0.0,0.0,0.0,0.0,0.0
70,False,0.0,0.0,0.0,0.0,0.0
71,True,2.92470121383667,0.0712191686034202,0.0942865014076232,0.0344849675893783,0.0418892502784729
72,False,0.0,0.0,0.0,0.0,0.0
73,False,0.0,0.0,0.0,0.0,0.0
74,True,2.273998975753784,0.0393172726035118,0.0054796934127807,0.0095915645360946,0.0371878147125244
75,False,0.0,0.0,0.0,0.0,0.0
76,False,0.0,0.0,0.0,0.0,0.0
77,False,0.0,0.0,0.0,0.0,0.0
78,False,0.0,0.0,0.0,0.0,0.0
79,False,0.0,0.0,0.0,0.0,0.0
80,True,2.673982620239258,0.1025346741080284,0.1002903580665588,0.0464087575674057,0.0300078094005584
81,False,0.0,0.0,0.0,0.0,0.0
82,False,0.0,0.0,0.0,0.0,0.0
83,False,0.0,0.0,0.0,0.0,0.0
84,False,0.0,0.0,0.0,0.0,0.0
85,False,0.0,0.0,0.0,0.0,0.0
86,False,0.0,0.0,0.0,0.0,0.0
87,False,0.0,0.0,0.0,0.0,0.0
88,False,0.0,0.0,0.0,0.0,0.0
89,False,0.0,0.0,0.0,0.0,0.0
90,True,2.8520302772521973,0.2012146115303039,0.3305971622467041,0.106274589896202,0.0276729464530944
91,False,0.0,0.0,0.0,0.0,0.0
92,False,0.0,0.0,0.0,0.0,0.0
93,False,0.0,0.0,0.0,0.0,0.0
94,False,0.0,0.0,0.0,0.0,0.0
95,False,0.0,0.0,0.0,0.0,0.0
96,False,0.0,0.0,0.0,0.0,0.0
97,False,0.0,0.0,0.0,0.0,0.0
98,False,0.0,0.0,0.0,0.0,0.0
99,False,0.0,0.0,0.0,0.0,0.0
100,False,0.0,0.0,0.0,0.0,0.0
101,False,0.0,0.0,0.0,0.0,0.0
102,False,0.0,0.0,0.0,0.0,0.0
103,False,0.0,0.0,0.0,0.0,0.0
104,False,0.0,0.0,0.0,0.0,0.0
105,True,2.2308459281921387,0.0778641328215599,0.1558715105056762,0.0320401042699813,0.0224325060844421
106,False,0.0,0.0,0.0,0.0,0.0
107,False,0.0,0.0,0.0,0.0,0.0
108,False,0.0,0.0,0.0,0.0,0.0
109,False,0.0,0.0,0.0,0.0,0.0
110,False,0.0,0.0,0.0,0.0,0.0
111,False,0.0,0.0,0.0,0.0,0.0
112,False,0.0,0.0,0.0,0.0,0.0
113,False,0.0,0.0,0.0,0.0,0.0
114,False,0.0,0.0,0.0,0.0,0.0
115,False,0.0,0.0,0.0,0.0,0.0
116,False,0.0,0.0,0.0,0.0,0.0
117,False,0.0,0.0,0.0,0.0,0.0
118,False,0.0,0.0,0.0,0.0,0.0
119,False,0.0,0.0,0.0,0.0,0.0
120,False,0.0,0.0,0.0,0.0,0.0
121,False,0.0,0.0,0.0,0.0,0.0
122,False,0.0,0.0,0.0,0.0,0.0
123,False,0.0,0.0,0.0,0.0,0.0
124,True,5.411448001861572,0.3621268570423126,0.6290909051895142,0.2116812020540237,0.0182486176490783
125,False,0.0,0.0,0.0,0.0,0.0
126,False,0.0,0.0,0.0,0.0,0.0
127,True,2.8992843627929688,0.1197064146399498,0.1175811290740966,0.0669171065092086,0.0318097472190856
128,True,2.924800395965576,0.2390333116054535,0.371579110622406,0.1334399729967117,0.0276321768760681
129,False,0.0,0.0,0.0,0.0,0.0
130,False,0.0,0.0,0.0,0.0,0.0
131,False,0.0,0.0,0.0,0.0,0.0
132,False,0.0,0.0,0.0,0.0,0.0
133,True,2.870375156402588,0.3682951033115387,0.6484851241111755,0.1935403794050216,0.0217764675617218
134,False,0.0,0.0,0.0,0.0,0.0
135,False,0.0,0.0,0.0,0.0,0.0
136,True,1.4743847846984863,0.014715276658535,0.0023334026336669,0.0096428841352462,0.0309404134750366
137,False,0.0,0.0,0.0,0.0,0.0
138,False,0.0,0.0,0.0,0.0,0.0
139,False,0.0,0.0,0.0,0.0,0.0
140,False,0.0,0.0,0.0,0.0,0.0
141,True,1.447115421295166,0.012306772172451,0.0091661810874938,0.0093406289815902,0.0302819311618804
142,True,1.8284190893173216,0.1201325878500938,0.1024812459945678,0.0435718148946762,0.0305998921394348
143,False,0.0,0.0,0.0,0.0,0.0
144,False,0.0,0.0,0.0,0.0,0.0
145,False,0.0,0.0,0.0,0.0,0.0
146,False,0.0,0.0,0.0,0.0,0.0
147,False,0.0,0.0,0.0,0.0,0.0
148,True,2.911310911178589,0.126735657453537,0.1310216188430786,0.0515878647565841,0.0330094993114471
149,False,0.0,0.0,0.0,0.0,0.0
150,False,0.0,0.0,0.0,0.0,0.0
151,False,0.0,0.0,0.0,0.0,0.0
152,False,0.0,0.0,0.0,0.0,0.0
153,False,0.0,0.0,0.0,0.0,0.0
154,True,1.767806887626648,0.1078501567244529,0.1159124374389648,0.0421095937490463,0.0277865231037139
155,True,1.799709677696228,0.0285891517996788,0.0099827051162719,0.01149682700634,0.0589198768138885
156,False,0.0,0.0,0.0,0.0,0.0
157,True,1.753191590309143,0.1005562767386436,0.1139222383499145,0.0461281388998031,0.0219625234603881
158,False,0.0,0.0,0.0,0.0,0.0
159,False,0.0,0.0,0.0,0.0,0.0
160,True,2.816158533096313,0.1172518953680992,0.1176658272743225,0.0527228564023971,0.0347523093223571
161,False,0.0,0.0,0.0,0.0,0.0
162,False,0.0,0.0,0.0,0.0,0.0
163,False,0.0,0.0,0.0,0.0,0.0
164,True,1.7684178352355957,0.1104111894965171,0.0899744033813476,0.0414435714483261,0.0213430821895599
165,False,0.0,0.0,0.0,0.0,0.0
166,False,0.0,0.0,0.0,0.0,0.0
167,True,1.0553205013275146,0.0598405227065086,0.0688610076904296,0.0070806592702865,0.0263232588768005
168,False,0.0,0.0,0.0,0.0,0.0
169,False,0.0,0.0,0.0,0.0,0.0
170,False,0.0,0.0,0.0,0.0,0.0
171,False,0.0,0.0,0.0,0.0,0.0
172,True,1.414592146873474,0.071246288716793,0.0484353899955749,0.0130455940961837,0.0279135704040527
173,False,0.0,0.0,0.0,0.0,0.0
174,False,0.0,0.0,0.0,0.0,0.0
175,True,1.707329034805298,0.1015498265624046,0.1280763149261474,0.0359746068716049,0.0274965763092041
176,False,0.0,0.0,0.0,0.0,0.0
177,True,1.0774638652801514,0.0429940447211265,0.0168538689613342,0.0061287134885787,0.0336853265762329
178,False,0.0,0.0,0.0,0.0,0.0
179,False,0.0,0.0,0.0,0.0,0.0
180,True,3.1330273151397705,0.109731338918209,0.0767397880554199,0.0470239967107772,0.0207650661468505
181,False,0.0,0.0,0.0,0.0,0.0
182,False,0.0,0.0,0.0,0.0,0.0
183,True,1.5946192741394043,0.0376301631331443,0.0144534111022949,0.0106292217969894,0.0405056476593017
184,False,0.0,0.0,0.0,0.0,0.0
185,False,0.0,0.0,0.0,0.0,0.0
186,False,0.0,0.0,0.0,0.0,0.0
187,False,0.0,0.0,0.0,0.0,0.0
188,False,0.0,0.0,0.0,0.0,0.0
189,True,2.922457695007324,0.1212163195014,0.1314386129379272,0.0517608970403671,0.0324445366859436
190,False,0.0,0.0,0.0,0.0,0.0
191,False,0.0,0.0,0.0,0.0,0.0
192,False,0.0,0.0,0.0,0.0,0.0
193,True,2.823218822479248,0.1125393137335777,0.1106876134872436,0.0605948418378829,0.0275478959083557
194,False,0.0,0.0,0.0,0.0,0.0
195,True,1.529165744781494,0.0193026289343833,0.0111277103424072,0.009742721915245,0.0328851342201232
196,False,0.0,0.0,0.0,0.0,0.0
197,False,0.0,0.0,0.0,0.0,0.0
198,False,0.0,0.0,0.0,0.0,0.0
199,False,0.0,0.0,0.0,0.0,0.0
200,True,1.7081451416015625,0.0637309178709983,0.0679863691329956,0.0140019506216049,0.0283955037593841
201,False,0.0,0.0,0.0,0.0,0.0
202,False,0.0,0.0,0.0,0.0,0.0
203,False,0.0,0.0,0.0,0.0,0.0
204,False,0.0,0.0,0.0,0.0,0.0
205,True,2.882088661193848,0.1194994077086448,0.1319503784179687,0.0522423237562179,0.0336446166038513
206,False,0.0,0.0,0.0,0.0,0.0
207,False,0.0,0.0,0.0,0.0,0.0
208,False,0.0,0.0,0.0,0.0,0.0
209,True,3.2770471572875977,0.1426362097263336,0.1099656820297241,0.0743541568517685,0.02204030752182
210,False,0.0,0.0,0.0,0.0,0.0
211,True,1.5586795806884766,0.0221746191382408,0.0047646760940551,0.0099865049123764,0.0322915315628051
212,False,0.0,0.0,0.0,0.0,0.0
213,False,0.0,0.0,0.0,0.0,0.0
214,True,2.9220452308654785,0.1237841472029686,0.141772985458374,0.0619550198316574,0.0285785794258117
215,False,0.0,0.0,0.0,0.0,0.0
216,True,1.4876242876052856,0.0343181118369102,0.0204308032989501,0.0103856176137924,0.0452120304107666
217,False,0.0,0.0,0.0,0.0,0.0
218,True,2.787102222442627,0.1173256859183311,0.1129004955291748,0.0515410155057907,0.0298018157482147
219,False,0.0,0.0,0.0,0.0,0.0
220,True,1.4167836904525757,0.0496760234236717,0.0253205895423889,0.0128199905157089,0.0361300110816955
221,False,0.0,0.0,0.0,0.0,0.0
222,False,0.0,0.0,0.0,0.0,0.0
223,False,0.0,0.0,0.0,0.0,0.0
224,False,0.0,0.0,0.0,0.0,0.0
225,False,0.0,0.0,0.0,0.0,0.0
226,False,0.0,0.0,0.0,0.0,0.0
227,False,0.0,0.0,0.0,0.0,0.0
228,False,0.0,0.0,0.0,0.0,0.0
229,False,0.0,0.0,0.0,0.0,0.0
230,True,2.0341970920562744,0.0839478597044944,0.1173585653305053,0.0353181213140487,0.0230157673358917
231,True,2.5994343757629395,0.1159619316458702,0.1045368313789367,0.050164446234703,0.0258729755878448
232,False,0.0,0.0,0.0,0.0,0.0
233,True,1.6052862405776978,0.0239750370383262,0.0159658193588256,0.0102293342351913,0.0445467829704284
234,False,0.0,0.0,0.0,0.0,0.0
235,True,2.880329132080078,0.1285280883312225,0.1277010440826416,0.0604978054761886,0.0333223640918731
236,False,0.0,0.0,0.0,0.0,0.0
237,False,0.0,0.0,0.0,0.0,0.0
238,False,0.0,0.0,0.0,0.0,0.0
239,True,2.833094596862793,0.1746875941753387,0.2504955530166626,0.097759410738945,0.0357156991958618
240,False,0.0,0.0,0.0,0.0,0.0
241,False,0.0,0.0,0.0,0.0,0.0
242,False,0.0,0.0,0.0,0.0,0.0
243,True,1.681024432182312,0.0251750573515892,0.0181574821472167,0.0111245959997177,0.0486257970333099
244,False,0.0,0.0,0.0,0.0,0.0
245,False,0.0,0.0,0.0,0.0,0.0
246,True,2.936752319335937,0.1204026564955711,0.1390174627304077,0.0608336180448532,0.0255264341831207
247,False,0.0,0.0,0.0,0.0,0.0
248,True,1.5971674919128418,0.017694316804409,0.0129859447479248,0.0109035223722457,0.0342035889625549
249,False,0.0,0.0,0.0,0.0,0.0
250,False,0.0,0.0,0.0,0.0,0.0
251,False,0.0,0.0,0.0,0.0,0.0
252,False,0.0,0.0,0.0,0.0,0.0
253,False,0.0,0.0,0.0,0.0,0.0
254,False,0.0,0.0,0.0,0.0,0.0
255,True,1.679103970527649,0.0701573714613914,0.0850663781166076,0.0121006816625595,0.0288369953632354
256,False,0.0,0.0,0.0,0.0,0.0
257,False,0.0,0.0,0.0,0.0,0.0
258,True,1.644313931465149,0.0186648592352867,0.0119513869285583,0.0106371492147445,0.0424772500991821
259,True,2.977309226989746,0.1257354915142059,0.1174498796463012,0.0582146495580673,0.0267742872238159
260,True,1.96435296535492,0.084434650838375,0.1324985027313232,0.0392274111509323,0.0309153795242309
261,False,0.0,0.0,0.0,0.0,0.0
262,True,1.3264330625534058,0.0389241203665733,0.0192593932151794,0.0085570067167282,0.0377474129199981
263,True,1.4780281782150269,0.0422151908278465,0.0139294862747192,0.0106798857450485,0.0345936715602874
264,False,0.0,0.0,0.0,0.0,0.0
265,False,0.0,0.0,0.0,0.0,0.0
266,False,0.0,0.0,0.0,0.0,0.0
267,False,0.0,0.0,0.0,0.0,0.0
268,False,0.0,0.0,0.0,0.0,0.0
269,False,0.0,0.0,0.0,0.0,0.0
270,False,0.0,0.0,0.0,0.0,0.0
271,False,0.0,0.0,0.0,0.0,0.0
272,False,0.0,0.0,0.0,0.0,0.0
273,False,0.0,0.0,0.0,0.0,0.0
274,False,0.0,0.0,0.0,0.0,0.0
275,False,0.0,0.0,0.0,0.0,0.0
276,False,0.0,0.0,0.0,0.0,0.0
277,False,0.0,0.0,0.0,0.0,0.0
278,False,0.0,0.0,0.0,0.0,0.0
279,False,0.0,0.0,0.0,0.0,0.0
280,False,0.0,0.0,0.0,0.0,0.0
281,False,0.0,0.0,0.0,0.0,0.0
282,False,0.0,0.0,0.0,0.0,0.0
283,False,0.0,0.0,0.0,0.0,0.0
284,True,1.624184012413025,0.0214303955435752,0.0071367025375366,0.0116210430860519,0.0345379710197448
285,False,0.0,0.0,0.0,0.0,0.0
286,True,3.009673595428467,0.1171711906790733,0.1217862367630004,0.0601082891225814,0.0263822972774505
287,False,0.0,0.0,0.0,0.0,0.0
288,False,0.0,0.0,0.0,0.0,0.0
289,False,0.0,0.0,0.0,0.0,0.0
290,False,0.0,0.0,0.0,0.0,0.0
291,True,2.013366937637329,0.125699907541275,0.1196061372756958,0.0543013662099838,0.0248679816722869
292,False,0.0,0.0,0.0,0.0,0.0
293,False,0.0,0.0,0.0,0.0,0.0
294,True,2.892803430557251,0.1240126714110374,0.139430284500122,0.0597895234823226,0.0326227843761444
295,False,0.0,0.0,0.0,0.0,0.0
296,False,0.0,0.0,0.0,0.0,0.0
297,False,0.0,0.0,0.0,0.0,0.0
298,False,0.0,0.0,0.0,0.0,0.0
299,False,0.0,0.0,0.0,0.0,0.0
300,False,0.0,0.0,0.0,0.0,0.0
301,False,0.0,0.0,0.0,0.0,0.0
302,True,2.454047679901123,0.1091924533247947,0.1386170387268066,0.0588252991437912,0.0358696579933166
303,True,1.5359302759170532,0.0204840525984764,0.0116515159606933,0.0102574676275253,0.043248176574707
304,False,0.0,0.0,0.0,0.0,0.0
305,False,0.0,0.0,0.0,0.0,0.0
306,False,0.0,0.0,0.0,0.0,0.0
307,True,2.736768245697021,0.1219596490263938,0.1122514605522155,0.0575782507658004,0.0270856022834777
308,False,0.0,0.0,0.0,0.0,0.0
309,False,0.0,0.0,0.0,0.0,0.0
310,False,0.0,0.0,0.0,0.0,0.0
311,False,0.0,0.0,0.0,0.0,0.0
312,False,0.0,0.0,0.0,0.0,0.0
313,False,0.0,0.0,0.0,0.0,0.0
314,False,0.0,0.0,0.0,0.0,0.0
315,False,0.0,0.0,0.0,0.0,0.0
316,False,0.0,0.0,0.0,0.0,0.0
317,False,0.0,0.0,0.0,0.0,0.0
318,False,0.0,0.0,0.0,0.0,0.0
319,False,0.0,0.0,0.0,0.0,0.0
320,True,0.0556750148534774,0.434646338224411,0.5529302358627319,0.2302939295768737,0.0198110938072204
321,False,0.0,0.0,0.0,0.0,0.0
322,False,0.0,0.0,0.0,0.0,0.0
323,False,0.0,0.0,0.0,0.0,0.0
324,True,0.1817459017038345,0.3374268412590027,0.436558723449707,0.1655000299215316,0.0156857371330261
325,False,0.0,0.0,0.0,0.0,0.0
326,False,0.0,0.0,0.0,0.0,0.0
327,False,0.0,0.0,0.0,0.0,0.0
328,False,0.0,0.0,0.0,0.0,0.0
329,False,0.0,0.0,0.0,0.0,0.0
330,False,0.0,0.0,0.0,0.0,0.0
331,False,0.0,0.0,0.0,0.0,0.0
332,False,0.0,0.0,0.0,0.0,0.0
333,False,0.0,0.0,0.0,0.0,0.0
334,False,0.0,0.0,0.0,0.0,0.0
335,False,0.0,0.0,0.0,0.0,0.0
336,False,0.0,0.0,0.0,0.0,0.0
337,True,0.1204978674650192,0.389735460281372,0.5357254147529602,0.2037969529628753,0.0206201672554016
338,False,0.0,0.0,0.0,0.0,0.0
339,False,0.0,0.0,0.0,0.0,0.0
340,False,0.0,0.0,0.0,0.0,0.0
341,False,0.0,0.0,0.0,0.0,0.0
342,False,0.0,0.0,0.0,0.0,0.0
343,False,0.0,0.0,0.0,0.0,0.0
344,False,0.0,0.0,0.0,0.0,0.0
345,False,0.0,0.0,0.0,0.0,0.0
346,False,0.0,0.0,0.0,0.0,0.0
347,True,0.193320021033287,0.3545657694339752,0.4830211102962494,0.195533350110054,0.0124956369400024
348,False,0.0,0.0,0.0,0.0,0.0
349,True,0.0873119682073593,0.5962048768997192,0.627449631690979,0.3295044898986816,0.0323296785354614
350,True,0.12592314183712,0.4057560861110687,0.5390021800994873,0.1979619562625885,0.0215934514999389
351,False,0.0,0.0,0.0,0.0,0.0
352,False,0.0,0.0,0.0,0.0,0.0
353,False,0.0,0.0,0.0,0.0,0.0
354,False,0.0,0.0,0.0,0.0,0.0
355,False,0.0,0.0,0.0,0.0,0.0
356,False,0.0,0.0,0.0,0.0,0.0
357,False,0.0,0.0,0.0,0.0,0.0
358,False,0.0,0.0,0.0,0.0,0.0
359,False,0.0,0.0,0.0,0.0,0.0
360,False,0.0,0.0,0.0,0.0,0.0
361,False,0.0,0.0,0.0,0.0,0.0
362,False,0.0,0.0,0.0,0.0,0.0
363,False,0.0,0.0,0.0,0.0,0.0
364,False,0.0,0.0,0.0,0.0,0.0
365,False,0.0,0.0,0.0,0.0,0.0
366,False,0.0,0.0,0.0,0.0,0.0
367,False,0.0,0.0,0.0,0.0,0.0
368,False,0.0,0.0,0.0,0.0,0.0
369,False,0.0,0.0,0.0,0.0,0.0
370,False,0.0,0.0,0.0,0.0,0.0
371,False,0.0,0.0,0.0,0.0,0.0
372,False,0.0,0.0,0.0,0.0,0.0
373,False,0.0,0.0,0.0,0.0,0.0
374,False,0.0,0.0,0.0,0.0,0.0
375,False,0.0,0.0,0.0,0.0,0.0
376,True,0.1839156001806259,0.3154371082782745,0.4650529026985168,0.1671778410673141,0.0143832266330719
377,False,0.0,0.0,0.0,0.0,0.0
378,False,0.0,0.0,0.0,0.0,0.0
379,False,0.0,0.0,0.0,0.0,0.0
380,False,0.0,0.0,0.0,0.0,0.0
381,False,0.0,0.0,0.0,0.0,0.0
382,False,0.0,0.0,0.0,0.0,0.0
383,False,0.0,0.0,0.0,0.0,0.0
384,False,0.0,0.0,0.0,0.0,0.0
385,False,0.0,0.0,0.0,0.0,0.0
386,False,0.0,0.0,0.0,0.0,0.0
387,False,0.0,0.0,0.0,0.0,0.0
388,False,0.0,0.0,0.0,0.0,0.0
389,False,0.0,0.0,0.0,0.0,0.0
390,False,0.0,0.0,0.0,0.0,0.0
391,False,0.0,0.0,0.0,0.0,0.0
392,False,0.0,0.0,0.0,0.0,0.0
393,False,0.0,0.0,0.0,0.0,0.0
394,False,0.0,0.0,0.0,0.0,0.0
395,False,0.0,0.0,0.0,0.0,0.0
396,False,0.0,0.0,0.0,0.0,0.0
397,False,0.0,0.0,0.0,0.0,0.0
398,False,0.0,0.0,0.0,0.0,0.0
399,True,0.1770865768194198,0.2540731430053711,0.399398922920227,0.132799431681633,0.0174258053302764
400,False,0.0,0.0,0.0,0.0,0.0
401,False,0.0,0.0,0.0,0.0,0.0
402,False,0.0,0.0,0.0,0.0,0.0
403,False,0.0,0.0,0.0,0.0,0.0
404,True,100.0,0.0,0.0,0.0,0.0
405,True,100.0,0.0,0.0,0.0,0.0
406,True,100.0,0.0,0.0,0.0,0.0
407,False,0.0,0.0,0.0,0.0,0.0
408,False,0.0,0.0,0.0,0.0,0.0
409,False,0.0,0.0,0.0,0.0,0.0
410,False,0.0,0.0,0.0,0.0,0.0
411,False,0.0,0.0,0.0,0.0,0.0
412,False,0.0,0.0,0.0,0.0,0.0
413,False,0.0,0.0,0.0,0.0,0.0
414,False,0.0,0.0,0.0,0.0,0.0
415,False,0.0,0.0,0.0,0.0,0.0
416,False,0.0,0.0,0.0,0.0,0.0
417,False,0.0,0.0,0.0,0.0,0.0
418,False,0.0,0.0,0.0,0.0,0.0
419,False,0.0,0.0,0.0,0.0,0.0
420,False,0.0,0.0,0.0,0.0,0.0
421,False,0.0,0.0,0.0,0.0,0.0
422,True,2.2902603149414062,0.0314018353819847,0.0104411244392395,0.0136626809835433,0.0855332911014556
423,False,0.0,0.0,0.0,0.0,0.0
424,False,0.0,0.0,0.0,0.0,0.0
425,False,0.0,0.0,0.0,0.0,0.0
426,False,0.0,0.0,0.0,0.0,0.0
427,False,0.0,0.0,0.0,0.0,0.0
428,True,2.5244059562683105,0.0374816283583641,0.01152765750885,0.0146263092756271,0.1133486032485961
429,False,0.0,0.0,0.0,0.0,0.0
430,False,0.0,0.0,0.0,0.0,0.0
431,False,0.0,0.0,0.0,0.0,0.0
432,True,1.6797274351119995,0.0221233591437339,0.0049471259117126,0.0094414204359054,0.0770531296730041
433,False,0.0,0.0,0.0,0.0,0.0
434,False,0.0,0.0,0.0,0.0,0.0
435,False,0.0,0.0,0.0,0.0,0.0
436,False,0.0,0.0,0.0,0.0,0.0
437,False,0.0,0.0,0.0,0.0,0.0
438,False,0.0,0.0,0.0,0.0,0.0
439,False,0.0,0.0,0.0,0.0,0.0
440,False,0.0,0.0,0.0,0.0,0.0
441,False,0.0,0.0,0.0,0.0,0.0
442,False,0.0,0.0,0.0,0.0,0.0
443,False,0.0,0.0,0.0,0.0,0.0
444,False,0.0,0.0,0.0,0.0,0.0
445,False,0.0,0.0,0.0,0.0,0.0
446,False,0.0,0.0,0.0,0.0,0.0
447,False,0.0,0.0,0.0,0.0,0.0
448,False,0.0,0.0,0.0,0.0,0.0
449,False,0.0,0.0,0.0,0.0,0.0
450,False,0.0,0.0,0.0,0.0,0.0
451,False,0.0,0.0,0.0,0.0,0.0
452,False,0.0,0.0,0.0,0.0,0.0
453,False,0.0,0.0,0.0,0.0,0.0
454,False,0.0,0.0,0.0,0.0,0.0
455,False,0.0,0.0,0.0,0.0,0.0
456,False,0.0,0.0,0.0,0.0,0.0
457,False,0.0,0.0,0.0,0.0,0.0
458,False,0.0,0.0,0.0,0.0,0.0
459,False,0.0,0.0,0.0,0.0,0.0
460,False,0.0,0.0,0.0,0.0,0.0
461,False,0.0,0.0,0.0,0.0,0.0
462,False,0.0,0.0,0.0,0.0,0.0
463,False,0.0,0.0,0.0,0.0,0.0
464,True,2.230266094207764,0.0282621011137962,0.017545998096466,0.0125070065259933,0.0760403871536254
465,False,0.0,0.0,0.0,0.0,0.0
466,False,0.0,0.0,0.0,0.0,0.0
467,False,0.0,0.0,0.0,0.0,0.0
468,True,2.4872403144836426,0.049192689359188,0.0161323547363281,0.0126136988401412,0.0943516492843627
469,False,0.0,0.0,0.0,0.0,0.0
470,False,0.0,0.0,0.0,0.0,0.0
471,False,0.0,0.0,0.0,0.0,0.0
472,False,0.0,0.0,0.0,0.0,0.0
473,False,0.0,0.0,0.0,0.0,0.0
474,False,0.0,0.0,0.0,0.0,0.0
475,True,1.5932523012161257,0.013813279569149,0.0046148896217346,0.00905542075634,0.0650867819786071
476,False,0.0,0.0,0.0,0.0,0.0
477,False,0.0,0.0,0.0,0.0,0.0
478,False,0.0,0.0,0.0,0.0,0.0
479,False,0.0,0.0,0.0,0.0,0.0
480,False,0.0,0.0,0.0,0.0,0.0
481,False,0.0,0.0,0.0,0.0,0.0
482,False,0.0,0.0,0.0,0.0,0.0
483,False,0.0,0.0,0.0,0.0,0.0
484,False,0.0,0.0,0.0,0.0,0.0
485,False,0.0,0.0,0.0,0.0,0.0
486,False,0.0,0.0,0.0,0.0,0.0
487,False,0.0,0.0,0.0,0.0,0.0
488,True,2.352716445922852,0.0275237783789634,0.0170528888702392,0.0120884031057357,0.0825057029724121
489,False,0.0,0.0,0.0,0.0,0.0
490,True,2.179780960083008,0.0232297405600547,0.0047276020050048,0.0065242499113082,0.0956838726997375
491,False,0.0,0.0,0.0,0.0,0.0
492,False,0.0,0.0,0.0,0.0,0.0
493,False,0.0,0.0,0.0,0.0,0.0
494,False,0.0,0.0,0.0,0.0,0.0
495,False,0.0,0.0,0.0,0.0,0.0
496,False,0.0,0.0,0.0,0.0,0.0
497,False,0.0,0.0,0.0,0.0,0.0
498,False,0.0,0.0,0.0,0.0,0.0
499,False,0.0,0.0,0.0,0.0,0.0
500,False,0.0,0.0,0.0,0.0,0.0
501,False,0.0,0.0,0.0,0.0,0.0
502,False,0.0,0.0,0.0,0.0,0.0
503,False,0.0,0.0,0.0,0.0,0.0
504,False,0.0,0.0,0.0,0.0,0.0
505,False,0.0,0.0,0.0,0.0,0.0
506,False,0.0,0.0,0.0,0.0,0.0
507,False,0.0,0.0,0.0,0.0,0.0
508,False,0.0,0.0,0.0,0.0,0.0
509,False,0.0,0.0,0.0,0.0,0.0
510,False,0.0,0.0,0.0,0.0,0.0
511,False,0.0,0.0,0.0,0.0,0.0
512,False,0.0,0.0,0.0,0.0,0.0
513,False,0.0,0.0,0.0,0.0,0.0
514,False,0.0,0.0,0.0,0.0,0.0
515,False,0.0,0.0,0.0,0.0,0.0
516,False,0.0,0.0,0.0,0.0,0.0
517,False,0.0,0.0,0.0,0.0,0.0
518,True,2.5872507095336914,0.0417660698294639,0.0131751894950866,0.0162170976400375,0.1558142900466919
519,False,0.0,0.0,0.0,0.0,0.0
520,False,0.0,0.0,0.0,0.0,0.0
521,False,0.0,0.0,0.0,0.0,0.0
522,False,0.0,0.0,0.0,0.0,0.0
523,False,0.0,0.0,0.0,0.0,0.0
524,False,0.0,0.0,0.0,0.0,0.0
525,False,0.0,0.0,0.0,0.0,0.0
526,False,0.0,0.0,0.0,0.0,0.0
527,False,0.0,0.0,0.0,0.0,0.0
528,False,0.0,0.0,0.0,0.0,0.0
529,False,0.0,0.0,0.0,0.0,0.0
530,False,0.0,0.0,0.0,0.0,0.0
531,False,0.0,0.0,0.0,0.0,0.0
532,True,2.06459641456604,0.0147230848670005,0.0058353543281555,0.0069178193807601,0.0656481385231018
533,False,0.0,0.0,0.0,0.0,0.0
534,False,0.0,0.0,0.0,0.0,0.0
535,False,0.0,0.0,0.0,0.0,0.0
536,False,0.0,0.0,0.0,0.0,0.0
537,False,0.0,0.0,0.0,0.0,0.0
538,False,0.0,0.0,0.0,0.0,0.0
539,False,0.0,0.0,0.0,0.0,0.0
540,False,0.0,0.0,0.0,0.0,0.0
541,False,0.0,0.0,0.0,0.0,0.0
542,False,0.0,0.0,0.0,0.0,0.0
543,False,0.0,0.0,0.0,0.0,0.0
544,False,0.0,0.0,0.0,0.0,0.0
545,False,0.0,0.0,0.0,0.0,0.0
546,False,0.0,0.0,0.0,0.0,0.0
547,False,0.0,0.0,0.0,0.0,0.0
548,False,0.0,0.0,0.0,0.0,0.0
549,False,0.0,0.0,0.0,0.0,0.0
550,False,0.0,0.0,0.0,0.0,0.0
551,False,0.0,0.0,0.0,0.0,0.0
552,False,0.0,0.0,0.0,0.0,0.0
553,False,0.0,0.0,0.0,0.0,0.0
554,False,0.0,0.0,0.0,0.0,0.0
555,False,0.0,0.0,0.0,0.0,0.0
556,True,2.203377723693848,0.0181446298956871,0.0116683840751647,0.0128795951604843,0.0734765231609344
557,False,0.0,0.0,0.0,0.0,0.0
558,False,0.0,0.0,0.0,0.0,0.0
559,False,0.0,0.0,0.0,0.0,0.0
560,False,0.0,0.0,0.0,0.0,0.0
561,False,0.0,0.0,0.0,0.0,0.0
562,False,0.0,0.0,0.0,0.0,0.0
563,False,0.0,0.0,0.0,0.0,0.0
564,False,0.0,0.0,0.0,0.0,0.0
565,False,0.0,0.0,0.0,0.0,0.0
566,False,0.0,0.0,0.0,0.0,0.0
567,False,0.0,0.0,0.0,0.0,0.0
568,False,0.0,0.0,0.0,0.0,0.0
569,False,0.0,0.0,0.0,0.0,0.0
570,False,0.0,0.0,0.0,0.0,0.0
571,False,0.0,0.0,0.0,0.0,0.0
572,False,0.0,0.0,0.0,0.0,0.0
573,False,0.0,0.0,0.0,0.0,0.0
574,False,0.0,0.0,0.0,0.0,0.0
575,False,0.0,0.0,0.0,0.0,0.0
576,False,0.0,0.0,0.0,0.0,0.0
577,True,3.949897766113281,0.0441842302680015,0.0271544456481933,0.0141514986753463,0.0509012341499328
578,False,0.0,0.0,0.0,0.0,0.0
579,False,0.0,0.0,0.0,0.0,0.0
580,False,0.0,0.0,0.0,0.0,0.0
581,False,0.0,0.0,0.0,0.0,0.0
582,False,0.0,0.0,0.0,0.0,0.0
583,False,0.0,0.0,0.0,0.0,0.0
584,False,0.0,0.0,0.0,0.0,0.0
585,False,0.0,0.0,0.0,0.0,0.0
586,False,0.0,0.0,0.0,0.0,0.0
587,False,0.0,0.0,0.0,0.0,0.0
588,False,0.0,0.0,0.0,0.0,0.0
589,False,0.0,0.0,0.0,0.0,0.0
590,False,0.0,0.0,0.0,0.0,0.0
591,True,5.4322381019592285,0.5104418396949768,0.1298444867134094,0.0883682817220687,0.0901887118816375
592,False,0.0,0.0,0.0,0.0,0.0
593,False,0.0,0.0,0.0,0.0,0.0
594,False,0.0,0.0,0.0,0.0,0.0
595,False,0.0,0.0,0.0,0.0,0.0
596,False,0.0,0.0,0.0,0.0,0.0
597,False,0.0,0.0,0.0,0.0,0.0
598,False,0.0,0.0,0.0,0.0,0.0
599,False,0.0,0.0,0.0,0.0,0.0
600,False,0.0,0.0,0.0,0.0,0.0
601,False,0.0,0.0,0.0,0.0,0.0
602,False,0.0,0.0,0.0,0.0,0.0
603,False,0.0,0.0,0.0,0.0,0.0
604,False,0.0,0.0,0.0,0.0,0.0
605,False,0.0,0.0,0.0,0.0,0.0
606,False,0.0,0.0,0.0,0.0,0.0
607,False,0.0,0.0,0.0,0.0,0.0
608,False,0.0,0.0,0.0,0.0,0.0
609,False,0.0,0.0,0.0,0.0,0.0
610,False,0.0,0.0,0.0,0.0,0.0
611,False,0.0,0.0,0.0,0.0,0.0
612,False,0.0,0.0,0.0,0.0,0.0
613,False,0.0,0.0,0.0,0.0,0.0
614,False,0.0,0.0,0.0,0.0,0.0
615,False,0.0,0.0,0.0,0.0,0.0
616,False,0.0,0.0,0.0,0.0,0.0
617,False,0.0,0.0,0.0,0.0,0.0
618,False,0.0,0.0,0.0,0.0,0.0
619,False,0.0,0.0,0.0,0.0,0.0
620,False,0.0,0.0,0.0,0.0,0.0
621,False,0.0,0.0,0.0,0.0,0.0
622,False,0.0,0.0,0.0,0.0,0.0
623,False,0.0,0.0,0.0,0.0,0.0
624,False,0.0,0.0,0.0,0.0,0.0
625,False,0.0,0.0,0.0,0.0,0.0
626,False,0.0,0.0,0.0,0.0,0.0
627,False,0.0,0.0,0.0,0.0,0.0
628,True,3.451521396636963,0.5133668780326843,0.1779400110244751,0.0741299241781234,0.0487604737281799
629,False,0.0,0.0,0.0,0.0,0.0
630,False,0.0,0.0,0.0,0.0,0.0
631,False,0.0,0.0,0.0,0.0,0.0
632,False,0.0,0.0,0.0,0.0,0.0
633,False,0.0,0.0,0.0,0.0,0.0
634,False,0.0,0.0,0.0,0.0,0.0
635,False,0.0,0.0,0.0,0.0,0.0
636,False,0.0,0.0,0.0,0.0,0.0
637,False,0.0,0.0,0.0,0.0,0.0
638,False,0.0,0.0,0.0,0.0,0.0
639,False,0.0,0.0,0.0,0.0,0.0
640,False,0.0,0.0,0.0,0.0,0.0
641,False,0.0,0.0,0.0,0.0,0.0
642,False,0.0,0.0,0.0,0.0,0.0
643,True,3.931638717651367,0.0454843863844871,0.0280334949493408,0.0153367966413497,0.0513477325439453
644,False,0.0,0.0,0.0,0.0,0.0
645,False,0.0,0.0,0.0,0.0,0.0
646,False,0.0,0.0,0.0,0.0,0.0
647,False,0.0,0.0,0.0,0.0,0.0
648,False,0.0,0.0,0.0,0.0,0.0
649,False,0.0,0.0,0.0,0.0,0.0
650,False,0.0,0.0,0.0,0.0,0.0
651,False,0.0,0.0,0.0,0.0,0.0
652,True,3.984261274337769,0.0313971266150474,0.0153661370277404,0.0158569663763046,0.0187550485134124
653,False,0.0,0.0,0.0,0.0,0.0
654,False,0.0,0.0,0.0,0.0,0.0
655,False,0.0,0.0,0.0,0.0,0.0
656,False,0.0,0.0,0.0,0.0,0.0
657,False,0.0,0.0,0.0,0.0,0.0
658,False,0.0,0.0,0.0,0.0,0.0
659,False,0.0,0.0,0.0,0.0,0.0
660,False,0.0,0.0,0.0,0.0,0.0
661,False,0.0,0.0,0.0,0.0,0.0
662,True,4.254260540008545,0.3394069671630859,0.2126449346542358,0.0935211032629013,0.1238501667976379
663,False,0.0,0.0,0.0,0.0,0.0
664,False,0.0,0.0,0.0,0.0,0.0
665,False,0.0,0.0,0.0,0.0,0.0
666,False,0.0,0.0,0.0,0.0,0.0
667,False,0.0,0.0,0.0,0.0,0.0
668,False,0.0,0.0,0.0,0.0,0.0
669,False,0.0,0.0,0.0,0.0,0.0
670,False,0.0,0.0,0.0,0.0,0.0
671,False,0.0,0.0,0.0,0.0,0.0
672,False,0.0,0.0,0.0,0.0,0.0
673,True,5.420875072479248,0.5455299615859985,0.1357922554016113,0.1109683662652969,0.0748786032199859
674,False,0.0,0.0,0.0,0.0,0.0
675,True,3.6136276721954346,0.0233603939414024,0.0108163356781005,0.0084683150053024,0.0281103253364563
676,False,0.0,0.0,0.0,0.0,0.0
677,False,0.0,0.0,0.0,0.0,0.0
678,False,0.0,0.0,0.0,0.0,0.0
679,False,0.0,0.0,0.0,0.0,0.0
680,False,0.0,0.0,0.0,0.0,0.0
681,False,0.0,0.0,0.0,0.0,0.0
682,False,0.0,0.0,0.0,0.0,0.0
683,False,0.0,0.0,0.0,0.0,0.0
684,False,0.0,0.0,0.0,0.0,0.0
685,False,0.0,0.0,0.0,0.0,0.0
686,False,0.0,0.0,0.0,0.0,0.0
687,False,0.0,0.0,0.0,0.0,0.0
688,False,0.0,0.0,0.0,0.0,0.0
689,True,3.9960970878601074,0.032301090657711,0.0158056020736694,0.0132402032613754,0.0206092596054077
690,False,0.0,0.0,0.0,0.0,0.0
691,False,0.0,0.0,0.0,0.0,0.0
692,False,0.0,0.0,0.0,0.0,0.0
693,False,0.0,0.0,0.0,0.0,0.0
694,False,0.0,0.0,0.0,0.0,0.0
695,True,4.217250347137451,0.3427660465240478,0.207958698272705,0.093798741698265,0.1161523461341857
696,False,0.0,0.0,0.0,0.0,0.0
697,False,0.0,0.0,0.0,0.0,0.0
698,False,0.0,0.0,0.0,0.0,0.0
699,False,0.0,0.0,0.0,0.0,0.0
700,False,0.0,0.0,0.0,0.0,0.0
701,False,0.0,0.0,0.0,0.0,0.0
702,False,0.0,0.0,0.0,0.0,0.0
703,False,0.0,0.0,0.0,0.0,0.0
704,False,0.0,0.0,0.0,0.0,0.0
705,False,0.0,0.0,0.0,0.0,0.0
706,False,0.0,0.0,0.0,0.0,0.0
707,False,0.0,0.0,0.0,0.0,0.0
708,False,0.0,0.0,0.0,0.0,0.0
709,False,0.0,0.0,0.0,0.0,0.0
710,False,0.0,0.0,0.0,0.0,0.0
711,True,4.275959014892578,0.3416138589382171,0.2087429761886596,0.0920452922582626,0.1214478611946106
712,False,0.0,0.0,0.0,0.0,0.0
713,False,0.0,0.0,0.0,0.0,0.0
714,False,0.0,0.0,0.0,0.0,0.0
715,False,0.0,0.0,0.0,0.0,0.0
716,False,0.0,0.0,0.0,0.0,0.0
717,False,0.0,0.0,0.0,0.0,0.0
718,False,0.0,0.0,0.0,0.0,0.0
719,False,0.0,0.0,0.0,0.0,0.0
720,False,0.0,0.0,0.0,0.0,0.0
721,False,0.0,0.0,0.0,0.0,0.0
722,True,4.217841148376465,0.037144623696804,0.1432258486747741,0.0543713122606277,0.078976571559906
723,False,0.0,0.0,0.0,0.0,0.0
724,False,0.0,0.0,0.0,0.0,0.0
725,False,0.0,0.0,0.0,0.0,0.0
726,False,0.0,0.0,0.0,0.0,0.0
727,False,0.0,0.0,0.0,0.0,0.0
728,False,0.0,0.0,0.0,0.0,0.0
729,False,0.0,0.0,0.0,0.0,0.0
730,False,0.0,0.0,0.0,0.0,0.0
731,False,0.0,0.0,0.0,0.0,0.0
732,False,0.0,0.0,0.0,0.0,0.0
733,False,0.0,0.0,0.0,0.0,0.0
734,False,0.0,0.0,0.0,0.0,0.0
735,False,0.0,0.0,0.0,0.0,0.0
736,False,0.0,0.0,0.0,0.0,0.0
737,False,0.0,0.0,0.0,0.0,0.0
738,False,0.0,0.0,0.0,0.0,0.0
739,False,0.0,0.0,0.0,0.0,0.0
740,False,0.0,0.0,0.0,0.0,0.0
741,False,0.0,0.0,0.0,0.0,0.0
742,False,0.0,0.0,0.0,0.0,0.0
743,False,0.0,0.0,0.0,0.0,0.0
744,False,0.0,0.0,0.0,0.0,0.0
745,False,0.0,0.0,0.0,0.0,0.0
746,False,0.0,0.0,0.0,0.0,0.0
747,False,0.0,0.0,0.0,0.0,0.0
748,True,1.7708059549331665,0.0119844302535057,0.0127838850021362,0.0089801400899887,0.0550371706485748
749,False,0.0,0.0,0.0,0.0,0.0
750,False,0.0,0.0,0.0,0.0,0.0
751,False,0.0,0.0,0.0,0.0,0.0
752,False,0.0,0.0,0.0,0.0,0.0
753,False,0.0,0.0,0.0,0.0,0.0
754,False,0.0,0.0,0.0,0.0,0.0
755,False,0.0,0.0,0.0,0.0,0.0
756,False,0.0,0.0,0.0,0.0,0.0
757,False,0.0,0.0,0.0,0.0,0.0
758,False,0.0,0.0,0.0,0.0,0.0
759,True,2.3359639644622803,0.0120008811354637,0.013760507106781,0.0168645232915878,0.0765376687049865
760,False,0.0,0.0,0.0,0.0,0.0
761,False,0.0,0.0,0.0,0.0,0.0
762,False,0.0,0.0,0.0,0.0,0.0
763,False,0.0,0.0,0.0,0.0,0.0
764,False,0.0,0.0,0.0,0.0,0.0
765,False,0.0,0.0,0.0,0.0,0.0
766,False,0.0,0.0,0.0,0.0,0.0
767,False,0.0,0.0,0.0,0.0,0.0
768,False,0.0,0.0,0.0,0.0,0.0
769,True,2.6640682220458984,0.0358912572264671,0.0259729623794555,0.0255065411329269,0.2476273030042648
770,False,0.0,0.0,0.0,0.0,0.0
771,False,0.0,0.0,0.0,0.0,0.0
772,False,0.0,0.0,0.0,0.0,0.0
773,False,0.0,0.0,0.0,0.0,0.0
774,False,0.0,0.0,0.0,0.0,0.0
775,False,0.0,0.0,0.0,0.0,0.0
776,False,0.0,0.0,0.0,0.0,0.0
777,False,0.0,0.0,0.0,0.0,0.0
778,False,0.0,0.0,0.0,0.0,0.0
779,False,0.0,0.0,0.0,0.0,0.0
780,False,0.0,0.0,0.0,0.0,0.0
781,False,0.0,0.0,0.0,0.0,0.0
782,False,0.0,0.0,0.0,0.0,0.0
783,False,0.0,0.0,0.0,0.0,0.0
784,False,0.0,0.0,0.0,0.0,0.0
785,False,0.0,0.0,0.0,0.0,0.0
786,False,0.0,0.0,0.0,0.0,0.0
787,False,0.0,0.0,0.0,0.0,0.0
788,True,2.494440078735352,0.0272948369383811,0.010152518749237,0.0139134973287582,0.0815621018409729
789,False,0.0,0.0,0.0,0.0,0.0
790,False,0.0,0.0,0.0,0.0,0.0
791,False,0.0,0.0,0.0,0.0,0.0
792,False,0.0,0.0,0.0,0.0,0.0
793,False,0.0,0.0,0.0,0.0,0.0
794,False,0.0,0.0,0.0,0.0,0.0
795,False,0.0,0.0,0.0,0.0,0.0
796,False,0.0,0.0,0.0,0.0,0.0
797,False,0.0,0.0,0.0,0.0,0.0
798,False,0.0,0.0,0.0,0.0,0.0
799,False,0.0,0.0,0.0,0.0,0.0
800,False,0.0,0.0,0.0,0.0,0.0
801,False,0.0,0.0,0.0,0.0,0.0
802,False,0.0,0.0,0.0,0.0,0.0
803,False,0.0,0.0,0.0,0.0,0.0
804,False,0.0,0.0,0.0,0.0,0.0
805,False,0.0,0.0,0.0,0.0,0.0
806,False,0.0,0.0,0.0,0.0,0.0
807,False,0.0,0.0,0.0,0.0,0.0
808,True,2.486898422241211,0.0189257487654685,0.0150159001350402,0.0132760852575302,0.0785799324512481
809,False,0.0,0.0,0.0,0.0,0.0
810,False,0.0,0.0,0.0,0.0,0.0
811,False,0.0,0.0,0.0,0.0,0.0
812,False,0.0,0.0,0.0,0.0,0.0
813,False,0.0,0.0,0.0,0.0,0.0
814,False,0.0,0.0,0.0,0.0,0.0
815,False,0.0,0.0,0.0,0.0,0.0
816,False,0.0,0.0,0.0,0.0,0.0
817,False,0.0,0.0,0.0,0.0,0.0
818,False,0.0,0.0,0.0,0.0,0.0
819,False,0.0,0.0,0.0,0.0,0.0
820,False,0.0,0.0,0.0,0.0,0.0
821,False,0.0,0.0,0.0,0.0,0.0
822,False,0.0,0.0,0.0,0.0,0.0
823,False,0.0,0.0,0.0,0.0,0.0
824,True,2.492710828781128,0.0308750495314598,0.0078773498535156,0.0130261033773422,0.1504155695438385
825,False,0.0,0.0,0.0,0.0,0.0
826,False,0.0,0.0,0.0,0.0,0.0
827,False,0.0,0.0,0.0,0.0,0.0
828,False,0.0,0.0,0.0,0.0,0.0
829,False,0.0,0.0,0.0,0.0,0.0
830,False,0.0,0.0,0.0,0.0,0.0
831,False,0.0,0.0,0.0,0.0,0.0
832,False,0.0,0.0,0.0,0.0,0.0
833,False,0.0,0.0,0.0,0.0,0.0
834,False,0.0,0.0,0.0,0.0,0.0
835,False,0.0,0.0,0.0,0.0,0.0
836,False,0.0,0.0,0.0,0.0,0.0
837,False,0.0,0.0,0.0,0.0,0.0
838,True,2.3205370903015137,0.0262425169348716,0.0143184065818786,0.0097666233777999,0.046724647283554
839,False,0.0,0.0,0.0,0.0,0.0
840,True,2.580927610397339,0.0298091992735862,0.0106359720230102,0.0150066465139389,0.1493372619152069
841,False,0.0,0.0,0.0,0.0,0.0
842,False,0.0,0.0,0.0,0.0,0.0
843,True,2.6525750160217285,0.0539114102721214,0.0152819156646728,0.0167567580938339,0.2490428388118744
844,False,0.0,0.0,0.0,0.0,0.0
845,False,0.0,0.0,0.0,0.0,0.0
846,False,0.0,0.0,0.0,0.0,0.0
847,False,0.0,0.0,0.0,0.0,0.0
848,False,0.0,0.0,0.0,0.0,0.0
849,False,0.0,0.0,0.0,0.0,0.0
850,False,0.0,0.0,0.0,0.0,0.0
851,False,0.0,0.0,0.0,0.0,0.0
852,False,0.0,0.0,0.0,0.0,0.0
853,False,0.0,0.0,0.0,0.0,0.0
854,False,0.0,0.0,0.0,0.0,0.0
855,False,0.0,0.0,0.0,0.0,0.0
856,False,0.0,0.0,0.0,0.0,0.0
857,False,0.0,0.0,0.0,0.0,0.0
858,False,0.0,0.0,0.0,0.0,0.0
859,False,0.0,0.0,0.0,0.0,0.0
860,False,0.0,0.0,0.0,0.0,0.0
861,False,0.0,0.0,0.0,0.0,0.0
862,False,0.0,0.0,0.0,0.0,0.0
863,False,0.0,0.0,0.0,0.0,0.0
864,False,0.0,0.0,0.0,0.0,0.0
865,True,2.3494718074798584,0.0276762470602989,0.0078533291816711,0.0122704952955245,0.081151008605957
866,False,0.0,0.0,0.0,0.0,0.0
867,False,0.0,0.0,0.0,0.0,0.0
868,False,0.0,0.0,0.0,0.0,0.0
869,False,0.0,0.0,0.0,0.0,0.0
870,False,0.0,0.0,0.0,0.0,0.0
871,False,0.0,0.0,0.0,0.0,0.0
872,False,0.0,0.0,0.0,0.0,0.0
873,False,0.0,0.0,0.0,0.0,0.0
874,True,2.661560297012329,0.0570196136832237,0.0164531469345092,0.018293485045433,0.2514779567718506
875,False,0.0,0.0,0.0,0.0,0.0
876,False,0.0,0.0,0.0,0.0,0.0
877,False,0.0,0.0,0.0,0.0,0.0
878,False,0.0,0.0,0.0,0.0,0.0
879,True,2.653212070465088,0.043592594563961,0.0179516673088073,0.018080934882164,0.2445306628942489
880,False,0.0,0.0,0.0,0.0,0.0
881,False,0.0,0.0,0.0,0.0,0.0
882,False,0.0,0.0,0.0,0.0,0.0
883,False,0.0,0.0,0.0,0.0,0.0
884,False,0.0,0.0,0.0,0.0,0.0
885,False,0.0,0.0,0.0,0.0,0.0
886,False,0.0,0.0,0.0,0.0,0.0
887,True,2.2906956672668457,0.0369680151343345,0.0088128447532653,0.0099170058965682,0.0455805361270904
888,False,0.0,0.0,0.0,0.0,0.0
889,False,0.0,0.0,0.0,0.0,0.0
890,False,0.0,0.0,0.0,0.0,0.0
891,False,0.0,0.0,0.0,0.0,0.0
892,False,0.0,0.0,0.0,0.0,0.0
893,False,0.0,0.0,0.0,0.0,0.0
894,False,0.0,0.0,0.0,0.0,0.0
895,False,0.0,0.0,0.0,0.0,0.0
896,False,0.0,0.0,0.0,0.0,0.0
897,False,0.0,0.0,0.0,0.0,0.0
898,False,0.0,0.0,0.0,0.0,0.0
899,True,2.7090892791748047,0.0220947489142417,0.0158920288085937,0.0252672284841537,0.3648777604103088
900,False,0.0,0.0,0.0,0.0,0.0
901,False,0.0,0.0,0.0,0.0,0.0
902,False,0.0,0.0,0.0,0.0,0.0
903,False,0.0,0.0,0.0,0.0,0.0
904,False,0.0,0.0,0.0,0.0,0.0
905,False,0.0,0.0,0.0,0.0,0.0
906,False,0.0,0.0,0.0,0.0,0.0
907,True,2.676408290863037,0.0332679376006126,0.0239798426628112,0.0292186588048934,0.2868168950080871
908,False,0.0,0.0,0.0,0.0,0.0
909,False,0.0,0.0,0.0,0.0,0.0
910,False,0.0,0.0,0.0,0.0,0.0
911,False,0.0,0.0,0.0,0.0,0.0
912,True,2.664562702178955,0.0527112707495689,0.0180762410163879,0.020498439669609,0.2508074641227722
913,False,0.0,0.0,0.0,0.0,0.0
914,False,0.0,0.0,0.0,0.0,0.0
915,False,0.0,0.0,0.0,0.0,0.0
916,True,4.1475043296813965,0.0145516619086265,0.0048972368240356,0.0088254064321517,0.0223169922828674
917,False,0.0,0.0,0.0,0.0,0.0
918,False,0.0,0.0,0.0,0.0,0.0
919,False,0.0,0.0,0.0,0.0,0.0
920,False,0.0,0.0,0.0,0.0,0.0
921,False,0.0,0.0,0.0,0.0,0.0
922,False,0.0,0.0,0.0,0.0,0.0
923,False,0.0,0.0,0.0,0.0,0.0
924,True,5.108692169189453,0.478245198726654,0.5781238675117493,0.3848998546600342,0.0250060558319091
925,False,0.0,0.0,0.0,0.0,0.0
926,False,0.0,0.0,0.0,0.0,0.0
927,False,0.0,0.0,0.0,0.0,0.0
928,False,0.0,0.0,0.0,0.0,0.0
929,False,0.0,0.0,0.0,0.0,0.0
930,False,0.0,0.0,0.0,0.0,0.0
931,False,0.0,0.0,0.0,0.0,0.0
932,False,0.0,0.0,0.0,0.0,0.0
933,False,0.0,0.0,0.0,0.0,0.0
934,False,0.0,0.0,0.0,0.0,0.0
935,True,5.13328218460083,0.1446781456470489,0.0884226560592651,0.067213162779808,0.0999855697154998
936,False,0.0,0.0,0.0,0.0,0.0
937,False,0.0,0.0,0.0,0.0,0.0
938,False,0.0,0.0,0.0,0.0,0.0
939,False,0.0,0.0,0.0,0.0,0.0
940,False,0.0,0.0,0.0,0.0,0.0
941,True,4.201273918151856,0.0257378444075584,0.0083475112915039,0.0163035243749618,0.0346877574920654
942,True,4.68236255645752,0.1050675734877586,0.0606696605682373,0.1046530157327652,0.1199964582920074
943,False,0.0,0.0,0.0,0.0,0.0
944,False,0.0,0.0,0.0,0.0,0.0
945,False,0.0,0.0,0.0,0.0,0.0
946,True,5.144556999206543,0.1679383814334869,0.0919831991195678,0.0546941012144088,0.0915246605873107
947,False,0.0,0.0,0.0,0.0,0.0
948,False,0.0,0.0,0.0,0.0,0.0
949,False,0.0,0.0,0.0,0.0,0.0
950,False,0.0,0.0,0.0,0.0,0.0
951,False,0.0,0.0,0.0,0.0,0.0
952,False,0.0,0.0,0.0,0.0,0.0
953,False,0.0,0.0,0.0,0.0,0.0
954,False,0.0,0.0,0.0,0.0,0.0
955,False,0.0,0.0,0.0,0.0,0.0
956,False,0.0,0.0,0.0,0.0,0.0
957,False,0.0,0.0,0.0,0.0,0.0
958,False,0.0,0.0,0.0,0.0,0.0
959,False,0.0,0.0,0.0,0.0,0.0
960,True,5.128416538238525,0.6270130276679993,0.1424508094787597,0.1902850121259689,0.02488774061203
961,False,0.0,0.0,0.0,0.0,0.0
962,False,0.0,0.0,0.0,0.0,0.0
963,False,0.0,0.0,0.0,0.0,0.0
964,False,0.0,0.0,0.0,0.0,0.0
965,False,0.0,0.0,0.0,0.0,0.0
966,False,0.0,0.0,0.0,0.0,0.0
967,False,0.0,0.0,0.0,0.0,0.0
968,False,0.0,0.0,0.0,0.0,0.0
969,False,0.0,0.0,0.0,0.0,0.0
970,False,0.0,0.0,0.0,0.0,0.0
971,False,0.0,0.0,0.0,0.0,0.0
972,False,0.0,0.0,0.0,0.0,0.0
973,False,0.0,0.0,0.0,0.0,0.0
974,False,0.0,0.0,0.0,0.0,0.0
975,False,0.0,0.0,0.0,0.0,0.0
976,True,5.113885402679443,0.558517575263977,0.0710766911506652,0.0837551206350326,0.0627259910106659
977,True,5.043879985809326,0.2640377283096313,0.1625692248344421,0.1881347745656967,0.0237682163715362
978,False,0.0,0.0,0.0,0.0,0.0
979,False,0.0,0.0,0.0,0.0,0.0
980,True,4.9491868019104,0.5563401579856873,0.5824517011642456,0.3933877944946289,0.0247799754142761
981,False,0.0,0.0,0.0,0.0,0.0
982,False,0.0,0.0,0.0,0.0,0.0
983,False,0.0,0.0,0.0,0.0,0.0
984,False,0.0,0.0,0.0,0.0,0.0
985,False,0.0,0.0,0.0,0.0,0.0
986,False,0.0,0.0,0.0,0.0,0.0
987,True,1.9158052206039429,0.3449359238147735,0.1086846590042114,0.1326684206724167,0.0442120134830474
988,False,0.0,0.0,0.0,0.0,0.0
989,False,0.0,0.0,0.0,0.0,0.0
990,False,0.0,0.0,0.0,0.0,0.0
991,False,0.0,0.0,0.0,0.0,0.0
992,False,0.0,0.0,0.0,0.0,0.0
993,False,0.0,0.0,0.0,0.0,0.0
994,False,0.0,0.0,0.0,0.0,0.0
995,False,0.0,0.0,0.0,0.0,0.0
996,False,0.0,0.0,0.0,0.0,0.0
997,False,0.0,0.0,0.0,0.0,0.0
998,False,0.0,0.0,0.0,0.0,0.0
999,False,0.0,0.0,0.0,0.0,0.0
1000,False,0.0,0.0,0.0,0.0,0.0
1001,False,0.0,0.0,0.0,0.0,0.0
1002,False,0.0,0.0,0.0,0.0,0.0
1003,False,0.0,0.0,0.0,0.0,0.0
1004,False,0.0,0.0,0.0,0.0,0.0
1005,False,0.0,0.0,0.0,0.0,0.0
1006,False,0.0,0.0,0.0,0.0,0.0
1007,False,0.0,0.0,0.0,0.0,0.0
1008,False,0.0,0.0,0.0,0.0,0.0
1009,False,0.0,0.0,0.0,0.0,0.0
1010,True,3.4144515991210938,0.2591764628887176,0.0938383936882019,0.1113616079092025,0.0440378785133361
1011,False,0.0,0.0,0.0,0.0,0.0
1012,False,0.0,0.0,0.0,0.0,0.0
1013,False,0.0,0.0,0.0,0.0,0.0
1014,True,3.3759751319885254,0.270287424325943,0.0961272120475769,0.1071941703557968,0.0454431474208831
1015,False,0.0,0.0,0.0,0.0,0.0
1016,False,0.0,0.0,0.0,0.0,0.0
1017,True,1.9909576177597048,0.2538914382457733,0.0505101680755615,0.1274755448102951,0.0472286939620971
1018,False,0.0,0.0,0.0,0.0,0.0
1019,False,0.0,0.0,0.0,0.0,0.0
1020,False,0.0,0.0,0.0,0.0,0.0
1021,False,0.0,0.0,0.0,0.0,0.0
1022,False,0.0,0.0,0.0,0.0,0.0
1023,False,0.0,0.0,0.0,0.0,0.0
1024,False,0.0,0.0,0.0,0.0,0.0
1025,False,0.0,0.0,0.0,0.0,0.0
1026,False,0.0,0.0,0.0,0.0,0.0
1027,True,1.1924865245819092,0.066489540040493,0.0159409642219543,0.0209953635931015,0.0499902963638305
1028,True,1.900012731552124,0.2549355626106262,0.0600151419639587,0.1246163100004196,0.044094443321228
1029,False,0.0,0.0,0.0,0.0,0.0
1030,False,0.0,0.0,0.0,0.0,0.0
1031,False,0.0,0.0,0.0,0.0,0.0
1032,False,0.0,0.0,0.0,0.0,0.0
1033,False,0.0,0.0,0.0,0.0,0.0
1034,True,1.946800112724304,0.3385279476642608,0.1462702751159668,0.1352574080228805,0.0574533939361572
1035,False,0.0,0.0,0.0,0.0,0.0
1036,False,0.0,0.0,0.0,0.0,0.0
1037,False,0.0,0.0,0.0,0.0,0.0
1038,True,1.6068793535232544,0.1499057710170745,0.0917388200759887,0.1260127872228622,0.0400161743164062
1039,False,0.0,0.0,0.0,0.0,0.0
1040,False,0.0,0.0,0.0,0.0,0.0
1041,False,0.0,0.0,0.0,0.0,0.0
1042,False,0.0,0.0,0.0,0.0,0.0
1043,False,0.0,0.0,0.0,0.0,0.0
1044,True,1.8956438302993768,0.2562233805656433,0.0611094832420349,0.1259167343378067,0.0443183779716491
1045,False,0.0,0.0,0.0,0.0,0.0
1046,False,0.0,0.0,0.0,0.0,0.0
1047,False,0.0,0.0,0.0,0.0,0.0
1048,False,0.0,0.0,0.0,0.0,0.0
1049,False,0.0,0.0,0.0,0.0,0.0
1050,False,0.0,0.0,0.0,0.0,0.0
1051,False,0.0,0.0,0.0,0.0,0.0
1052,True,2.440706729888916,0.2590449452400207,0.1526062488555908,0.1170035451650619,0.0437158048152923
1053,False,0.0,0.0,0.0,0.0,0.0
1054,True,3.144925355911255,0.3589227497577667,0.0991238355636596,0.1356151551008224,0.0530110001564025
1055,False,0.0,0.0,0.0,0.0,0.0
1056,False,0.0,0.0,0.0,0.0,0.0
1057,True,2.462297439575196,0.2730909287929535,0.1936151981353759,0.1563267856836319,0.0414845943450927
1058,False,0.0,0.0,0.0,0.0,0.0
1059,False,0.0,0.0,0.0,0.0,0.0
1060,False,0.0,0.0,0.0,0.0,0.0
1061,False,0.0,0.0,0.0,0.0,0.0
1062,False,0.0,0.0,0.0,0.0,0.0
1063,False,0.0,0.0,0.0,0.0,0.0
1064,False,0.0,0.0,0.0,0.0,0.0
1065,False,0.0,0.0,0.0,0.0,0.0
1066,False,0.0,0.0,0.0,0.0,0.0
1067,True,1.555564045906067,0.0621136054396629,0.0114632844924926,0.0268502682447433,0.0630867779254913
1068,False,0.0,0.0,0.0,0.0,0.0
1069,False,0.0,0.0,0.0,0.0,0.0
1070,False,0.0,0.0,0.0,0.0,0.0
1071,False,0.0,0.0,0.0,0.0,0.0
1072,False,0.0,0.0,0.0,0.0,0.0
1073,True,1.85522735118866,0.0971144065260887,0.0167052149772644,0.0536169856786727,0.0455092191696167
1074,False,0.0,0.0,0.0,0.0,0.0
1075,False,0.0,0.0,0.0,0.0,0.0
1076,False,0.0,0.0,0.0,0.0,0.0
1077,False,0.0,0.0,0.0,0.0,0.0
1078,False,0.0,0.0,0.0,0.0,0.0
1079,False,0.0,0.0,0.0,0.0,0.0
1080,False,0.0,0.0,0.0,0.0,0.0
1081,False,0.0,0.0,0.0,0.0,0.0
1082,False,0.0,0.0,0.0,0.0,0.0
1083,False,0.0,0.0,0.0,0.0,0.0
1084,True,2.591571569442749,0.539903461933136,0.1939090490341186,0.2374521642923355,0.0378139615058898
1085,False,0.0,0.0,0.0,0.0,0.0
1086,False,0.0,0.0,0.0,0.0,0.0
1087,False,0.0,0.0,0.0,0.0,0.0
1088,False,0.0,0.0,0.0,0.0,0.0
1089,False,0.0,0.0,0.0,0.0,0.0
1090,False,0.0,0.0,0.0,0.0,0.0
1091,False,0.0,0.0,0.0,0.0,0.0
1092,False,0.0,0.0,0.0,0.0,0.0
1093,False,0.0,0.0,0.0,0.0,0.0
1094,False,0.0,0.0,0.0,0.0,0.0
1095,False,0.0,0.0,0.0,0.0,0.0
1096,False,0.0,0.0,0.0,0.0,0.0
1097,False,0.0,0.0,0.0,0.0,0.0
1098,False,0.0,0.0,0.0,0.0,0.0
1099,True,3.2380905151367188,0.2152663171291351,0.0867476463317871,0.107440635561943,0.0466967523097991
1100,False,0.0,0.0,0.0,0.0,0.0
1101,False,0.0,0.0,0.0,0.0,0.0
1102,True,2.4763741493225098,0.2732181847095489,0.1632986068725586,0.1472472101449966,0.0465677976608276
1103,False,0.0,0.0,0.0,0.0,0.0
1104,False,0.0,0.0,0.0,0.0,0.0
1105,False,0.0,0.0,0.0,0.0,0.0
1106,False,0.0,0.0,0.0,0.0,0.0
1107,False,0.0,0.0,0.0,0.0,0.0
1108,False,0.0,0.0,0.0,0.0,0.0
1109,False,0.0,0.0,0.0,0.0,0.0
1110,True,1.9957045316696167,0.1743738353252411,0.0218062996864318,0.0526351779699325,0.0476452708244323
1111,False,0.0,0.0,0.0,0.0,0.0
1112,False,0.0,0.0,0.0,0.0,0.0
1113,False,0.0,0.0,0.0,0.0,0.0
1114,False,0.0,0.0,0.0,0.0,0.0
1115,False,0.0,0.0,0.0,0.0,0.0
1116,False,0.0,0.0,0.0,0.0,0.0
1117,False,0.0,0.0,0.0,0.0,0.0
1118,False,0.0,0.0,0.0,0.0,0.0
1119,False,0.0,0.0,0.0,0.0,0.0
1120,False,0.0,0.0,0.0,0.0,0.0
1121,False,0.0,0.0,0.0,0.0,0.0
1122,True,2.074350595474243,0.4557698667049408,0.1314594745635986,0.1734568625688552,0.0437606275081634
1123,False,0.0,0.0,0.0,0.0,0.0
1124,False,0.0,0.0,0.0,0.0,0.0
1125,False,0.0,0.0,0.0,0.0,0.0
1126,False,0.0,0.0,0.0,0.0,0.0
1127,False,0.0,0.0,0.0,0.0,0.0
1128,True,3.508246421813965,0.2645632922649383,0.1047999262809753,0.1613811701536178,0.0478346645832061
1129,False,0.0,0.0,0.0,0.0,0.0
1130,False,0.0,0.0,0.0,0.0,0.0
1131,False,0.0,0.0,0.0,0.0,0.0
1132,False,0.0,0.0,0.0,0.0,0.0
1133,False,0.0,0.0,0.0,0.0,0.0
1134,False,0.0,0.0,0.0,0.0,0.0
1135,False,0.0,0.0,0.0,0.0,0.0
1136,False,0.0,0.0,0.0,0.0,0.0
1137,False,0.0,0.0,0.0,0.0,0.0
1138,False,0.0,0.0,0.0,0.0,0.0
1139,False,0.0,0.0,0.0,0.0,0.0
1140,False,0.0,0.0,0.0,0.0,0.0
1141,False,0.0,0.0,0.0,0.0,0.0
1142,False,0.0,0.0,0.0,0.0,0.0
1143,False,0.0,0.0,0.0,0.0,0.0
1144,False,0.0,0.0,0.0,0.0,0.0
1145,False,0.0,0.0,0.0,0.0,0.0
1146,False,0.0,0.0,0.0,0.0,0.0
1147,False,0.0,0.0,0.0,0.0,0.0
1148,False,0.0,0.0,0.0,0.0,0.0
1149,True,4.277297496795654,0.2484779357910156,0.0923299193382263,0.1042135208845138,0.0244077444076538
1150,False,0.0,0.0,0.0,0.0,0.0
1151,False,0.0,0.0,0.0,0.0,0.0
1152,True,1.1588351726531982,0.0142028555274009,0.0094198584556579,0.0029542297124862,0.0318551063537597
1153,False,0.0,0.0,0.0,0.0,0.0
1154,False,0.0,0.0,0.0,0.0,0.0
1155,False,0.0,0.0,0.0,0.0,0.0
1156,True,1.7698055505752563,0.2263378202915191,0.0196520090103149,0.0794517248868942,0.0372162163257598
1157,False,0.0,0.0,0.0,0.0,0.0
1158,False,0.0,0.0,0.0,0.0,0.0
1159,False,0.0,0.0,0.0,0.0,0.0
1160,False,0.0,0.0,0.0,0.0,0.0
1161,False,0.0,0.0,0.0,0.0,0.0
1162,False,0.0,0.0,0.0,0.0,0.0
1163,False,0.0,0.0,0.0,0.0,0.0
1164,False,0.0,0.0,0.0,0.0,0.0
1165,False,0.0,0.0,0.0,0.0,0.0
1166,False,0.0,0.0,0.0,0.0,0.0
1167,True,1.7674005031585691,0.0622688755393028,0.0105060935020446,0.0162463635206222,0.0386475622653961
1168,True,2.577565670013428,0.2832567989826202,0.091318130493164,0.1437433809041977,0.0877530574798584
1169,True,3.60783052444458,0.2020409405231475,0.0657239556312561,0.0963808745145797,0.0256711244583129
1170,True,1.512367844581604,0.0169861540198326,0.0083509683609008,0.0049374550580978,0.0338914096355438
1171,False,0.0,0.0,0.0,0.0,0.0
1172,False,0.0,0.0,0.0,0.0,0.0
1173,True,2.1160383224487305,0.2383373379707336,0.1299043893814087,0.0984417647123336,0.0238618850708007
1174,True,1.7715295553207395,0.4151768684387207,0.126858651638031,0.1783486455678939,0.0363818109035491
1175,False,0.0,0.0,0.0,0.0,0.0
1176,False,0.0,0.0,0.0,0.0,0.0
1177,False,0.0,0.0,0.0,0.0,0.0
1178,True,2.2736756801605225,0.4912039637565613,0.166077971458435,0.2113995403051376,0.0197860896587371
1179,False,0.0,0.0,0.0,0.0,0.0
1180,False,0.0,0.0,0.0,0.0,0.0
1181,False,0.0,0.0,0.0,0.0,0.0
1182,False,0.0,0.0,0.0,0.0,0.0
1183,False,0.0,0.0,0.0,0.0,0.0
1184,False,0.0,0.0,0.0,0.0,0.0
1185,True,4.126681327819824,0.2282990515232086,0.0783523321151733,0.0973506122827529,0.0211799442768096
1186,False,0.0,0.0,0.0,0.0,0.0
1187,False,0.0,0.0,0.0,0.0,0.0
1188,False,0.0,0.0,0.0,0.0,0.0
1189,False,0.0,0.0,0.0,0.0,0.0
1190,False,0.0,0.0,0.0,0.0,0.0
1191,False,0.0,0.0,0.0,0.0,0.0
1192,False,0.0,0.0,0.0,0.0,0.0
1193,False,0.0,0.0,0.0,0.0,0.0
1194,False,0.0,0.0,0.0,0.0,0.0
1195,False,0.0,0.0,0.0,0.0,0.0
1196,False,0.0,0.0,0.0,0.0,0.0
1197,False,0.0,0.0,0.0,0.0,0.0
1198,False,0.0,0.0,0.0,0.0,0.0
1199,False,0.0,0.0,0.0,0.0,0.0
1200,False,0.0,0.0,0.0,0.0,0.0
1201,False,0.0,0.0,0.0,0.0,0.0
1202,True,0.7040985822677612,0.2650073170661926,0.0669341683387756,0.1849233955144882,0.0310091078281402
1203,False,0.0,0.0,0.0,0.0,0.0
1204,False,0.0,0.0,0.0,0.0,0.0
1205,True,2.142655849456787,0.3212462663650512,0.1386447548866272,0.1620971411466598,0.0211303830146789
1206,False,0.0,0.0,0.0,0.0,0.0
1207,False,0.0,0.0,0.0,0.0,0.0
1208,False,0.0,0.0,0.0,0.0,0.0
1209,False,0.0,0.0,0.0,0.0,0.0
1210,False,0.0,0.0,0.0,0.0,0.0
1211,False,0.0,0.0,0.0,0.0,0.0
1212,False,0.0,0.0,0.0,0.0,0.0
1213,True,3.639435291290283,0.2100074589252472,0.0581570863723754,0.1017439216375351,0.0253320038318634
1214,True,2.2511277198791504,0.4670791923999786,0.1477159857749939,0.2186865657567978,0.0199934840202331
1215,False,0.0,0.0,0.0,0.0,0.0
1216,False,0.0,0.0,0.0,0.0,0.0
1217,True,1.4545867443084717,0.2662831544876098,0.0776833295822143,0.1849281042814254,0.0399599969387054
1218,False,0.0,0.0,0.0,0.0,0.0
1219,False,0.0,0.0,0.0,0.0,0.0
1220,False,0.0,0.0,0.0,0.0,0.0
1221,True,2.131825685501098,0.356552392244339,0.1437934041023254,0.1563518792390823,0.0292538702487945
1222,False,0.0,0.0,0.0,0.0,0.0
1223,False,0.0,0.0,0.0,0.0,0.0
1224,False,0.0,0.0,0.0,0.0,0.0
1225,False,0.0,0.0,0.0,0.0,0.0
1226,False,0.0,0.0,0.0,0.0,0.0
1227,True,1.681549906730652,0.0333606228232383,0.0087479352951049,0.0090025514364242,0.0451433956623077
1228,False,0.0,0.0,0.0,0.0,0.0
1229,False,0.0,0.0,0.0,0.0,0.0
1230,False,0.0,0.0,0.0,0.0,0.0
1231,False,0.0,0.0,0.0,0.0,0.0
1232,False,0.0,0.0,0.0,0.0,0.0
1233,False,0.0,0.0,0.0,0.0,0.0
1234,False,0.0,0.0,0.0,0.0,0.0
1235,False,0.0,0.0,0.0,0.0,0.0
1236,True,2.1066250801086426,0.2204395830631256,0.1303256750106811,0.0968887656927108,0.0235683917999267
1237,False,0.0,0.0,0.0,0.0,0.0
1238,False,0.0,0.0,0.0,0.0,0.0
1239,False,0.0,0.0,0.0,0.0,0.0
1240,False,0.0,0.0,0.0,0.0,0.0
1241,False,0.0,0.0,0.0,0.0,0.0
1242,False,0.0,0.0,0.0,0.0,0.0
1243,False,0.0,0.0,0.0,0.0,0.0
1244,False,0.0,0.0,0.0,0.0,0.0
1245,False,0.0,0.0,0.0,0.0,0.0
1246,True,1.837223649024964,0.2276593744754791,0.0564645528793334,0.1068830341100692,0.0253495573997497
1247,False,0.0,0.0,0.0,0.0,0.0
1248,False,0.0,0.0,0.0,0.0,0.0
1249,False,0.0,0.0,0.0,0.0,0.0
1250,False,0.0,0.0,0.0,0.0,0.0
1251,False,0.0,0.0,0.0,0.0,0.0
1252,False,0.0,0.0,0.0,0.0,0.0
1253,False,0.0,0.0,0.0,0.0,0.0
1254,False,0.0,0.0,0.0,0.0,0.0
1255,False,0.0,0.0,0.0,0.0,0.0
1256,False,0.0,0.0,0.0,0.0,0.0
1257,False,0.0,0.0,0.0,0.0,0.0
1258,False,0.0,0.0,0.0,0.0,0.0
1259,False,0.0,0.0,0.0,0.0,0.0
1260,True,1.963708758354187,0.4760580956935882,0.0361244678497314,0.5059775710105896,0.0297507643699646
1261,False,0.0,0.0,0.0,0.0,0.0
1262,True,1.214827060699463,0.1507891118526458,0.0277450084686279,0.0792637914419174,0.0279232263565063
1263,False,0.0,0.0,0.0,0.0,0.0
1264,False,0.0,0.0,0.0,0.0,0.0
1265,True,1.1588228940963743,0.0116245970129966,0.0095957517623901,0.0015259236097335,0.0322065651416778
1266,True,1.670873761177063,0.199704498052597,0.0235048532485961,0.0718528479337692,0.0334567129611969
1267,False,0.0,0.0,0.0,0.0,0.0
1268,False,0.0,0.0,0.0,0.0,0.0
1269,False,0.0,0.0,0.0,0.0,0.0
1270,False,0.0,0.0,0.0,0.0,0.0
1271,True,2.1366517543792725,0.3897943496704101,0.1973165273666381,0.1705026477575302,0.0199480056762695
1272,False,0.0,0.0,0.0,0.0,0.0
1273,True,1.881752252578736,0.4968858659267425,0.1205530762672424,0.1848404854536056,0.0376604497432708
1274,False,0.0,0.0,0.0,0.0,0.0
1275,False,0.0,0.0,0.0,0.0,0.0
1276,False,0.0,0.0,0.0,0.0,0.0
1277,True,2.288991451263428,0.4942096471786499,0.1574096083641052,0.2120551317930221,0.0200343132019042
1278,False,0.0,0.0,0.0,0.0,0.0
1279,True,1.585007667541504,0.2350209951400756,0.0458772182464599,0.1007748693227768,0.0316413342952728
1280,False,0.0,0.0,0.0,0.0,0.0
1281,False,0.0,0.0,0.0,0.0,0.0
1282,True,1.5418070554733276,0.180971473455429,0.0286850929260253,0.0680647939443588,0.0268325805664062
1283,False,0.0,0.0,0.0,0.0,0.0
1284,False,0.0,0.0,0.0,0.0,0.0
1285,True,1.828110694885254,0.2322823405265808,0.0534512996673584,0.1088853329420089,0.0253946781158447
1286,False,0.0,0.0,0.0,0.0,0.0
1287,False,0.0,0.0,0.0,0.0,0.0
1288,False,0.0,0.0,0.0,0.0,0.0
1289,False,0.0,0.0,0.0,0.0,0.0
1290,False,0.0,0.0,0.0,0.0,0.0
1291,False,0.0,0.0,0.0,0.0,0.0
1292,False,0.0,0.0,0.0,0.0,0.0
1293,False,0.0,0.0,0.0,0.0,0.0
1294,False,0.0,0.0,0.0,0.0,0.0
1295,False,0.0,0.0,0.0,0.0,0.0
1296,False,0.0,0.0,0.0,0.0,0.0
1297,False,0.0,0.0,0.0,0.0,0.0
1298,False,0.0,0.0,0.0,0.0,0.0
1299,False,0.0,0.0,0.0,0.0,0.0
1300,False,0.0,0.0,0.0,0.0,0.0
1301,False,0.0,0.0,0.0,0.0,0.0
1302,True,1.590767741203308,0.0069056972861289,0.006314218044281,0.0128208845853805,0.0169416069984436
1303,False,0.0,0.0,0.0,0.0,0.0
1304,False,0.0,0.0,0.0,0.0,0.0
1305,False,0.0,0.0,0.0,0.0,0.0
1306,False,0.0,0.0,0.0,0.0,0.0
1307,False,0.0,0.0,0.0,0.0,0.0
1308,False,0.0,0.0,0.0,0.0,0.0
1309,False,0.0,0.0,0.0,0.0,0.0
1310,False,0.0,0.0,0.0,0.0,0.0
1311,False,0.0,0.0,0.0,0.0,0.0
1312,False,0.0,0.0,0.0,0.0,0.0
1313,False,0.0,0.0,0.0,0.0,0.0
1314,False,0.0,0.0,0.0,0.0,0.0
1315,False,0.0,0.0,0.0,0.0,0.0
1316,False,0.0,0.0,0.0,0.0,0.0
1317,False,0.0,0.0,0.0,0.0,0.0
1318,False,0.0,0.0,0.0,0.0,0.0
1319,True,1.9729461669921875,0.0187917575240135,0.0088592767715454,0.0067109912633895,0.0304723978042602
1320,False,0.0,0.0,0.0,0.0,0.0
1321,False,0.0,0.0,0.0,0.0,0.0
1322,False,0.0,0.0,0.0,0.0,0.0
1323,False,0.0,0.0,0.0,0.0,0.0
1324,False,0.0,0.0,0.0,0.0,0.0
1325,False,0.0,0.0,0.0,0.0,0.0
1326,False,0.0,0.0,0.0,0.0,0.0
1327,False,0.0,0.0,0.0,0.0,0.0
1328,True,3.4073421955108643,0.0586011633276939,0.0104674696922302,0.0135146230459213,0.021292507648468
1329,False,0.0,0.0,0.0,0.0,0.0
1330,False,0.0,0.0,0.0,0.0,0.0
1331,False,0.0,0.0,0.0,0.0,0.0
1332,False,0.0,0.0,0.0,0.0,0.0
1333,False,0.0,0.0,0.0,0.0,0.0
1334,False,0.0,0.0,0.0,0.0,0.0
1335,False,0.0,0.0,0.0,0.0,0.0
1336,False,0.0,0.0,0.0,0.0,0.0
1337,False,0.0,0.0,0.0,0.0,0.0
1338,False,0.0,0.0,0.0,0.0,0.0
1339,False,0.0,0.0,0.0,0.0,0.0
1340,False,0.0,0.0,0.0,0.0,0.0
1341,False,0.0,0.0,0.0,0.0,0.0
1342,False,0.0,0.0,0.0,0.0,0.0
1343,False,0.0,0.0,0.0,0.0,0.0
1344,False,0.0,0.0,0.0,0.0,0.0
1345,True,1.2921241521835327,0.0165600404143333,0.0080624222755432,0.0106092542409896,0.0163224637508392
1346,False,0.0,0.0,0.0,0.0,0.0
1347,False,0.0,0.0,0.0,0.0,0.0
1348,False,0.0,0.0,0.0,0.0,0.0
1349,False,0.0,0.0,0.0,0.0,0.0
1350,False,0.0,0.0,0.0,0.0,0.0
1351,True,3.444657564163208,0.0512140616774559,0.0110478997230529,0.0156123489141464,0.0180150866508483
1352,False,0.0,0.0,0.0,0.0,0.0
1353,False,0.0,0.0,0.0,0.0,0.0
1354,False,0.0,0.0,0.0,0.0,0.0
1355,False,0.0,0.0,0.0,0.0,0.0
1356,False,0.0,0.0,0.0,0.0,0.0
1357,False,0.0,0.0,0.0,0.0,0.0
1358,False,0.0,0.0,0.0,0.0,0.0
1359,False,0.0,0.0,0.0,0.0,0.0
1360,False,0.0,0.0,0.0,0.0,0.0
1361,False,0.0,0.0,0.0,0.0,0.0
1362,True,3.468256950378418,0.0530321821570396,0.0116529464721679,0.0172616094350814,0.0096977949142456
1363,False,0.0,0.0,0.0,0.0,0.0
1364,False,0.0,0.0,0.0,0.0,0.0
1365,False,0.0,0.0,0.0,0.0,0.0
1366,False,0.0,0.0,0.0,0.0,0.0
1367,False,0.0,0.0,0.0,0.0,0.0
1368,False,0.0,0.0,0.0,0.0,0.0
1369,False,0.0,0.0,0.0,0.0,0.0
1370,False,0.0,0.0,0.0,0.0,0.0
1371,False,0.0,0.0,0.0,0.0,0.0
1372,False,0.0,0.0,0.0,0.0,0.0
1373,True,0.7008841037750244,0.6015515327453613,0.5029750466346741,0.3304550051689148,0.3742355704307556
1374,True,0.5957975387573242,0.0940164551138877,0.0275464057922363,0.0379817932844162,0.0684685707092285
1375,False,0.0,0.0,0.0,0.0,0.0
1376,False,0.0,0.0,0.0,0.0,0.0
1377,False,0.0,0.0,0.0,0.0,0.0
1378,True,0.4291273951530456,0.5583499670028687,0.4935452044010162,0.3418234586715698,0.4189907610416412
1379,True,0.085588589310646,0.0425614938139915,0.0342180728912353,0.0288747996091842,0.0926846265792846
1380,False,0.0,0.0,0.0,0.0,0.0
1381,False,0.0,0.0,0.0,0.0,0.0
1382,False,0.0,0.0,0.0,0.0,0.0
1383,False,0.0,0.0,0.0,0.0,0.0
1384,False,0.0,0.0,0.0,0.0,0.0
1385,True,0.1992888301610946,0.1163744553923606,0.036250352859497,0.040536031126976,0.1118158996105194
1386,True,0.0866036266088485,0.0555270537734031,0.0309743881225585,0.0217051953077316,0.0759032070636749
1387,True,0.6664512157440186,0.5765460729598999,0.5084751844406128,0.3187921047210693,0.4049454927444458
1388,False,0.0,0.0,0.0,0.0,0.0
1389,False,0.0,0.0,0.0,0.0,0.0
1390,True,0.2572764754295349,0.5392107963562012,0.5122087001800537,0.2593958377838135,0.365666925907135
1391,False,0.0,0.0,0.0,0.0,0.0
1392,True,0.2554299235343933,0.5228752493858337,0.502223014831543,0.2672930359840393,0.5351396799087524
1393,False,0.0,0.0,0.0,0.0,0.0
1394,False,0.0,0.0,0.0,0.0,0.0
1395,False,0.0,0.0,0.0,0.0,0.0
1396,False,0.0,0.0,0.0,0.0,0.0
1397,False,0.0,0.0,0.0,0.0,0.0
1398,False,0.0,0.0,0.0,0.0,0.0
1399,True,0.7712627649307251,0.5221033096313477,0.4938939809799194,0.2900429666042328,0.4716576933860779
1400,False,0.0,0.0,0.0,0.0,0.0
1401,False,0.0,0.0,0.0,0.0,0.0
1402,False,0.0,0.0,0.0,0.0,0.0
1403,False,0.0,0.0,0.0,0.0,0.0
1404,False,0.0,0.0,0.0,0.0,0.0
1405,False,0.0,0.0,0.0,0.0,0.0
1406,True,0.4500540494918823,0.1013866886496543,0.0398988723754882,0.0441573709249496,0.1068640649318695
1407,False,0.0,0.0,0.0,0.0,0.0
1408,False,0.0,0.0,0.0,0.0,0.0
1409,False,0.0,0.0,0.0,0.0,0.0
1410,False,0.0,0.0,0.0,0.0,0.0
1411,False,0.0,0.0,0.0,0.0,0.0
1412,False,0.0,0.0,0.0,0.0,0.0
1413,False,0.0,0.0,0.0,0.0,0.0
1414,False,0.0,0.0,0.0,0.0,0.0
1415,False,0.0,0.0,0.0,0.0,0.0
1416,True,0.6973421573638916,0.0989229902625083,0.0259720683097839,0.0418923944234848,0.059969812631607
1417,False,0.0,0.0,0.0,0.0,0.0
1418,False,0.0,0.0,0.0,0.0,0.0
1419,False,0.0,0.0,0.0,0.0,0.0
1420,False,0.0,0.0,0.0,0.0,0.0
1421,False,0.0,0.0,0.0,0.0,0.0
1422,True,0.1914402693510055,0.532738983631134,0.5040551424026489,0.2721414566040039,0.5066500306129456
1423,False,0.0,0.0,0.0,0.0,0.0
1424,False,0.0,0.0,0.0,0.0,0.0
1425,False,0.0,0.0,0.0,0.0,0.0
1426,False,0.0,0.0,0.0,0.0,0.0
1427,False,0.0,0.0,0.0,0.0,0.0
1428,False,0.0,0.0,0.0,0.0,0.0
1429,False,0.0,0.0,0.0,0.0,0.0
1430,True,0.3575330972671509,0.5601015090942383,0.4752908647060394,0.3015939593315124,0.3744140267372131
1431,False,0.0,0.0,0.0,0.0,0.0
1432,False,0.0,0.0,0.0,0.0,0.0
1433,False,0.0,0.0,0.0,0.0,0.0
1434,False,0.0,0.0,0.0,0.0,0.0
1435,False,0.0,0.0,0.0,0.0,0.0
1436,False,0.0,0.0,0.0,0.0,0.0
1437,False,0.0,0.0,0.0,0.0,0.0
1438,False,0.0,0.0,0.0,0.0,0.0
1439,False,0.0,0.0,0.0,0.0,0.0
1440,False,0.0,0.0,0.0,0.0,0.0
1441,False,0.0,0.0,0.0,0.0,0.0
1442,True,0.8041110038757324,0.521032989025116,0.472476452589035,0.2840481996536255,0.4945794641971588
1443,False,0.0,0.0,0.0,0.0,0.0
1444,False,0.0,0.0,0.0,0.0,0.0
1445,False,0.0,0.0,0.0,0.0,0.0
1446,False,0.0,0.0,0.0,0.0,0.0
1447,True,0.3439415097236633,0.0762167796492576,0.0331062078475952,0.0357080549001693,0.0627529621124267
1448,False,0.0,0.0,0.0,0.0,0.0
1449,False,0.0,0.0,0.0,0.0,0.0
1450,False,0.0,0.0,0.0,0.0,0.0
1451,False,0.0,0.0,0.0,0.0,0.0
1452,False,0.0,0.0,0.0,0.0,0.0
1453,True,0.2699719071388244,0.0594214424490928,0.0317085981369018,0.0358819812536239,0.057909220457077
1454,True,0.3702324628829956,0.5561007857322693,0.494964063167572,0.3271329998970032,0.3413048088550567
1455,False,0.0,0.0,0.0,0.0,0.0
1456,False,0.0,0.0,0.0,0.0,0.0
1457,False,0.0,0.0,0.0,0.0,0.0
1458,True,0.6908440589904785,0.5288494229316711,0.4946507215499878,0.2844918966293335,0.4934691190719604
1459,False,0.0,0.0,0.0,0.0,0.0
1460,False,0.0,0.0,0.0,0.0,0.0
1461,False,0.0,0.0,0.0,0.0,0.0
1462,True,0.0911311358213424,0.5529834032058716,0.4815862774848938,0.3223968148231506,0.4204497039318084
1463,False,0.0,0.0,0.0,0.0,0.0
1464,False,0.0,0.0,0.0,0.0,0.0
1465,True,0.3149319887161255,0.508843183517456,0.4809411168098449,0.3105901479721069,0.3079861402511596
1466,False,0.0,0.0,0.0,0.0,0.0
1467,False,0.0,0.0,0.0,0.0,0.0
1468,True,0.3121153712272644,0.569096028804779,0.4935638606548309,0.3372971713542938,0.4150413274765014
1469,True,0.4356196522712707,0.5925488471984863,0.4991584122180938,0.3253117799758911,0.392112672328949
1470,True,0.4532700777053833,0.6059513688087463,0.5024359226226807,0.3334157764911651,0.3892805278301239
1471,False,0.0,0.0,0.0,0.0,0.0
1472,False,0.0,0.0,0.0,0.0,0.0
1473,False,0.0,0.0,0.0,0.0,0.0
1474,False,0.0,0.0,0.0,0.0,0.0
1475,False,0.0,0.0,0.0,0.0,0.0
1476,True,0.2008932679891586,0.5180938243865967,0.4970006644725799,0.2430404275655746,0.5095566511154175
1477,False,0.0,0.0,0.0,0.0,0.0
1478,False,0.0,0.0,0.0,0.0,0.0
1479,False,0.0,0.0,0.0,0.0,0.0
1480,False,0.0,0.0,0.0,0.0,0.0
1481,False,0.0,0.0,0.0,0.0,0.0
1482,False,0.0,0.0,0.0,0.0,0.0
1483,False,0.0,0.0,0.0,0.0,0.0
1484,False,0.0,0.0,0.0,0.0,0.0
1485,False,0.0,0.0,0.0,0.0,0.0
1486,True,0.7029094696044922,0.1524073183536529,0.1430553197860717,0.0767823010683059,0.0512318611145019
1487,False,0.0,0.0,0.0,0.0,0.0
1488,True,2.412869691848755,0.2193270027637481,0.204030156135559,0.1690690368413925,0.041145920753479
1489,False,0.0,0.0,0.0,0.0,0.0
1490,False,0.0,0.0,0.0,0.0,0.0
1491,False,0.0,0.0,0.0,0.0,0.0
1492,False,0.0,0.0,0.0,0.0,0.0
1493,False,0.0,0.0,0.0,0.0,0.0
1494,True,3.26877760887146,0.6348767876625061,0.4517117142677307,0.3424548506736755,0.0324050486087799
1495,False,0.0,0.0,0.0,0.0,0.0
1496,False,0.0,0.0,0.0,0.0,0.0
1497,False,0.0,0.0,0.0,0.0,0.0
1498,False,0.0,0.0,0.0,0.0,0.0
1499,False,0.0,0.0,0.0,0.0,0.0
1500,False,0.0,0.0,0.0,0.0,0.0
1501,False,0.0,0.0,0.0,0.0,0.0
1502,False,0.0,0.0,0.0,0.0,0.0
1503,False,0.0,0.0,0.0,0.0,0.0
1504,False,0.0,0.0,0.0,0.0,0.0
1505,False,0.0,0.0,0.0,0.0,0.0
1506,False,0.0,0.0,0.0,0.0,0.0
1507,False,0.0,0.0,0.0,0.0,0.0
1508,False,0.0,0.0,0.0,0.0,0.0
1509,True,3.34455680847168,0.3202643692493438,0.2676373720169067,0.1451229304075241,0.0107694566249847
1510,True,1.8848358392715447,0.3333620727062225,0.2301428318023681,0.2187353670597076,0.0345051288604736
1511,True,2.508183479309082,0.1880964934825897,0.1654494404792785,0.0981360524892807,0.0306882262229919
1512,False,0.0,0.0,0.0,0.0,0.0
1513,False,0.0,0.0,0.0,0.0,0.0
1514,False,0.0,0.0,0.0,0.0,0.0
1515,False,0.0,0.0,0.0,0.0,0.0
1516,False,0.0,0.0,0.0,0.0,0.0
1517,False,0.0,0.0,0.0,0.0,0.0
1518,True,2.290362596511841,0.6705583333969116,0.4488829374313354,0.3988727331161499,0.0249325335025787
1519,False,0.0,0.0,0.0,0.0,0.0
1520,False,0.0,0.0,0.0,0.0,0.0
1521,False,0.0,0.0,0.0,0.0,0.0
1522,False,0.0,0.0,0.0,0.0,0.0
1523,False,0.0,0.0,0.0,0.0,0.0
1524,False,0.0,0.0,0.0,0.0,0.0
1525,False,0.0,0.0,0.0,0.0,0.0
1526,False,0.0,0.0,0.0,0.0,0.0
1527,True,0.7489804029464722,0.6776400804519653,0.6347782611846924,0.3978095650672912,0.0397819280624389
1528,False,0.0,0.0,0.0,0.0,0.0
1529,False,0.0,0.0,0.0,0.0,0.0
1530,False,0.0,0.0,0.0,0.0,0.0
1531,False,0.0,0.0,0.0,0.0,0.0
1532,False,0.0,0.0,0.0,0.0,0.0
1533,False,0.0,0.0,0.0,0.0,0.0
1534,False,0.0,0.0,0.0,0.0,0.0
1535,False,0.0,0.0,0.0,0.0,0.0
1536,False,0.0,0.0,0.0,0.0,0.0
1537,False,0.0,0.0,0.0,0.0,0.0
1538,False,0.0,0.0,0.0,0.0,0.0
1539,False,0.0,0.0,0.0,0.0,0.0
1540,False,0.0,0.0,0.0,0.0,0.0
1541,False,0.0,0.0,0.0,0.0,0.0
1542,False,0.0,0.0,0.0,0.0,0.0
1543,False,0.0,0.0,0.0,0.0,0.0
1544,False,0.0,0.0,0.0,0.0,0.0
1545,False,0.0,0.0,0.0,0.0,0.0
1546,False,0.0,0.0,0.0,0.0,0.0
1547,False,0.0,0.0,0.0,0.0,0.0
1548,True,1.349225640296936,0.4019173085689544,0.3411163091659546,0.184121772646904,0.0398099422454834
1549,True,1.7618168592453003,0.6433286070823669,0.4920146763324737,0.3257221579551697,0.0167100429534912
1550,False,0.0,0.0,0.0,0.0,0.0
1551,False,0.0,0.0,0.0,0.0,0.0
1552,False,0.0,0.0,0.0,0.0,0.0
1553,False,0.0,0.0,0.0,0.0,0.0
1554,True,0.8141239881515503,0.6099385619163513,0.6086581945419312,0.3060107231140136,0.028734415769577
1555,False,0.0,0.0,0.0,0.0,0.0
1556,True,2.357285499572754,0.2082339227199554,0.1356708407402038,0.072342500090599,0.0182368457317352
1557,False,0.0,0.0,0.0,0.0,0.0
1558,False,0.0,0.0,0.0,0.0,0.0
1559,False,0.0,0.0,0.0,0.0,0.0
1560,False,0.0,0.0,0.0,0.0,0.0
1561,False,0.0,0.0,0.0,0.0,0.0
1562,True,0.7204300165176392,0.1878024041652679,0.1589019298553466,0.0926256328821182,0.0517128109931945
1563,False,0.0,0.0,0.0,0.0,0.0
1564,True,2.2807021141052246,0.6824208498001099,0.4935284256935119,0.3626554012298584,0.0208624899387359
1565,False,0.0,0.0,0.0,0.0,0.0
1566,True,2.0827012062072754,0.0481458529829978,0.0091534852981567,0.0106420367956161,0.042850911617279
1567,False,0.0,0.0,0.0,0.0,0.0
1568,False,0.0,0.0,0.0,0.0,0.0
1569,True,0.7580384016036987,0.3555925190448761,0.1995455622673034,0.1775067597627639,0.0415189862251281
1570,False,0.0,0.0,0.0,0.0,0.0
1571,False,0.0,0.0,0.0,0.0,0.0
1572,False,0.0,0.0,0.0,0.0,0.0
1573,False,0.0,0.0,0.0,0.0,0.0
1574,True,1.4015542268753052,0.5176736116409302,0.4371061325073242,0.1712931841611862,0.0516989231109619
1575,False,0.0,0.0,0.0,0.0,0.0
1576,False,0.0,0.0,0.0,0.0,0.0
1577,False,0.0,0.0,0.0,0.0,0.0
1578,False,0.0,0.0,0.0,0.0,0.0
1579,False,0.0,0.0,0.0,0.0,0.0
1580,False,0.0,0.0,0.0,0.0,0.0
1581,False,0.0,0.0,0.0,0.0,0.0
1582,True,2.83555555343628,0.2831420302391052,0.1625781655311584,0.1124770492315292,0.0300642848014831
1583,False,0.0,0.0,0.0,0.0,0.0
1584,False,0.0,0.0,0.0,0.0,0.0
1585,False,0.0,0.0,0.0,0.0,0.0
1586,False,0.0,0.0,0.0,0.0,0.0
1587,True,2.378409147262573,0.6624735593795776,0.4472487866878509,0.387758731842041,0.0267824530601501
1588,False,0.0,0.0,0.0,0.0,0.0
1589,True,0.685665488243103,0.0186231359839439,0.0389446020126342,0.0330712646245956,0.0579156577587127
1590,False,0.0,0.0,0.0,0.0,0.0
1591,False,0.0,0.0,0.0,0.0,0.0
1592,False,0.0,0.0,0.0,0.0,0.0
1593,False,0.0,0.0,0.0,0.0,0.0
1594,False,0.0,0.0,0.0,0.0,0.0
1595,False,0.0,0.0,0.0,0.0,0.0
1596,False,0.0,0.0,0.0,0.0,0.0
1597,False,0.0,0.0,0.0,0.0,0.0
1598,True,2.018714427947998,0.0306511148810386,0.0036961436271667,0.0140362232923507,0.0417036712169647
1599,True,3.369035243988037,0.6402697563171387,0.6528165340423584,0.2724423408508301,0.0427872538566589
1600,False,0.0,0.0,0.0,0.0,0.0
1601,False,0.0,0.0,0.0,0.0,0.0
1602,False,0.0,0.0,0.0,0.0,0.0
1603,False,0.0,0.0,0.0,0.0,0.0
1604,False,0.0,0.0,0.0,0.0,0.0
1605,False,0.0,0.0,0.0,0.0,0.0
1606,False,0.0,0.0,0.0,0.0,0.0
1607,False,0.0,0.0,0.0,0.0,0.0
1608,False,0.0,0.0,0.0,0.0,0.0
1609,False,0.0,0.0,0.0,0.0,0.0
1610,False,0.0,0.0,0.0,0.0,0.0
1611,False,0.0,0.0,0.0,0.0,0.0
1612,False,0.0,0.0,0.0,0.0,0.0
1613,False,0.0,0.0,0.0,0.0,0.0
1614,False,0.0,0.0,0.0,0.0,0.0
1615,False,0.0,0.0,0.0,0.0,0.0
1616,False,0.0,0.0,0.0,0.0,0.0
1617,False,0.0,0.0,0.0,0.0,0.0
1618,False,0.0,0.0,0.0,0.0,0.0
1619,False,0.0,0.0,0.0,0.0,0.0
1620,False,0.0,0.0,0.0,0.0,0.0
1621,False,0.0,0.0,0.0,0.0,0.0
1622,False,0.0,0.0,0.0,0.0,0.0
1623,False,0.0,0.0,0.0,0.0,0.0
1624,True,2.576166868209839,0.0204367861151695,0.0041866302490234,0.0115240663290023,0.0196837782859802
1625,False,0.0,0.0,0.0,0.0,0.0
1626,False,0.0,0.0,0.0,0.0,0.0
1627,False,0.0,0.0,0.0,0.0,0.0
1628,False,0.0,0.0,0.0,0.0,0.0
1629,False,0.0,0.0,0.0,0.0,0.0
1630,False,0.0,0.0,0.0,0.0,0.0
1631,False,0.0,0.0,0.0,0.0,0.0
1632,False,0.0,0.0,0.0,0.0,0.0
1633,False,0.0,0.0,0.0,0.0,0.0
1634,False,0.0,0.0,0.0,0.0,0.0
1635,False,0.0,0.0,0.0,0.0,0.0
1636,False,0.0,0.0,0.0,0.0,0.0
1637,False,0.0,0.0,0.0,0.0,0.0
1638,False,0.0,0.0,0.0,0.0,0.0
1639,False,0.0,0.0,0.0,0.0,0.0
1640,False,0.0,0.0,0.0,0.0,0.0
1641,False,0.0,0.0,0.0,0.0,0.0
1642,False,0.0,0.0,0.0,0.0,0.0
1643,False,0.0,0.0,0.0,0.0,0.0
1644,False,0.0,0.0,0.0,0.0,0.0
1645,False,0.0,0.0,0.0,0.0,0.0
1646,False,0.0,0.0,0.0,0.0,0.0
1647,False,0.0,0.0,0.0,0.0,0.0
1648,False,0.0,0.0,0.0,0.0,0.0
1649,False,0.0,0.0,0.0,0.0,0.0
1650,False,0.0,0.0,0.0,0.0,0.0
1651,False,0.0,0.0,0.0,0.0,0.0
1652,False,0.0,0.0,0.0,0.0,0.0
1653,False,0.0,0.0,0.0,0.0,0.0
1654,False,0.0,0.0,0.0,0.0,0.0
1655,False,0.0,0.0,0.0,0.0,0.0
1656,False,0.0,0.0,0.0,0.0,0.0
1657,False,0.0,0.0,0.0,0.0,0.0
1658,False,0.0,0.0,0.0,0.0,0.0
1659,False,0.0,0.0,0.0,0.0,0.0
1660,False,0.0,0.0,0.0,0.0,0.0
1661,False,0.0,0.0,0.0,0.0,0.0
1662,True,4.422411918640137,0.168771356344223,0.4302025735378265,0.123330220580101,0.0218498110771179
1663,False,0.0,0.0,0.0,0.0,0.0
1664,True,2.576103687286377,0.0204793438315391,0.0043448805809021,0.0113459676504135,0.0199167728424072
1665,False,0.0,0.0,0.0,0.0,0.0
1666,False,0.0,0.0,0.0,0.0,0.0
1667,False,0.0,0.0,0.0,0.0,0.0
1668,False,0.0,0.0,0.0,0.0,0.0
1669,False,0.0,0.0,0.0,0.0,0.0
1670,False,0.0,0.0,0.0,0.0,0.0
1671,False,0.0,0.0,0.0,0.0,0.0
1672,False,0.0,0.0,0.0,0.0,0.0
1673,False,0.0,0.0,0.0,0.0,0.0
1674,True,3.948711633682251,0.0574477538466453,0.0868780612945556,0.044687196612358,0.0209676921367645
1675,False,0.0,0.0,0.0,0.0,0.0
1676,False,0.0,0.0,0.0,0.0,0.0
1677,False,0.0,0.0,0.0,0.0,0.0
1678,False,0.0,0.0,0.0,0.0,0.0
1679,False,0.0,0.0,0.0,0.0,0.0
1680,False,0.0,0.0,0.0,0.0,0.0
1681,False,0.0,0.0,0.0,0.0,0.0
1682,False,0.0,0.0,0.0,0.0,0.0
1683,False,0.0,0.0,0.0,0.0,0.0
1684,False,0.0,0.0,0.0,0.0,0.0
1685,False,0.0,0.0,0.0,0.0,0.0
1686,False,0.0,0.0,0.0,0.0,0.0
1687,False,0.0,0.0,0.0,0.0,0.0
1688,False,0.0,0.0,0.0,0.0,0.0
1689,False,0.0,0.0,0.0,0.0,0.0
1690,False,0.0,0.0,0.0,0.0,0.0
1691,False,0.0,0.0,0.0,0.0,0.0
1692,False,0.0,0.0,0.0,0.0,0.0
1693,False,0.0,0.0,0.0,0.0,0.0
1694,False,0.0,0.0,0.0,0.0,0.0
1695,False,0.0,0.0,0.0,0.0,0.0
1696,False,0.0,0.0,0.0,0.0,0.0
1697,False,0.0,0.0,0.0,0.0,0.0
1698,False,0.0,0.0,0.0,0.0,0.0
1699,False,0.0,0.0,0.0,0.0,0.0
1700,False,0.0,0.0,0.0,0.0,0.0
1701,False,0.0,0.0,0.0,0.0,0.0
1702,False,0.0,0.0,0.0,0.0,0.0
1703,False,0.0,0.0,0.0,0.0,0.0
1704,False,0.0,0.0,0.0,0.0,0.0
1705,False,0.0,0.0,0.0,0.0,0.0
1706,False,0.0,0.0,0.0,0.0,0.0
1707,False,0.0,0.0,0.0,0.0,0.0
1708,False,0.0,0.0,0.0,0.0,0.0
1709,False,0.0,0.0,0.0,0.0,0.0
1710,False,0.0,0.0,0.0,0.0,0.0
1711,False,0.0,0.0,0.0,0.0,0.0
1712,False,0.0,0.0,0.0,0.0,0.0
1713,False,0.0,0.0,0.0,0.0,0.0
1714,False,0.0,0.0,0.0,0.0,0.0
1715,False,0.0,0.0,0.0,0.0,0.0
1716,False,0.0,0.0,0.0,0.0,0.0
1717,False,0.0,0.0,0.0,0.0,0.0
1718,False,0.0,0.0,0.0,0.0,0.0
1719,False,0.0,0.0,0.0,0.0,0.0
1720,False,0.0,0.0,0.0,0.0,0.0
1721,False,0.0,0.0,0.0,0.0,0.0
1722,True,6.061411380767822,0.1950549781322479,0.4057500064373016,0.1070892512798309,0.0372035205364227
1723,False,0.0,0.0,0.0,0.0,0.0
1724,False,0.0,0.0,0.0,0.0,0.0
1725,False,0.0,0.0,0.0,0.0,0.0
1726,False,0.0,0.0,0.0,0.0,0.0
1727,False,0.0,0.0,0.0,0.0,0.0
1728,False,0.0,0.0,0.0,0.0,0.0
1729,False,0.0,0.0,0.0,0.0,0.0
1730,False,0.0,0.0,0.0,0.0,0.0
1731,False,0.0,0.0,0.0,0.0,0.0
1732,False,0.0,0.0,0.0,0.0,0.0
1733,False,0.0,0.0,0.0,0.0,0.0
1734,False,0.0,0.0,0.0,0.0,0.0
1735,False,0.0,0.0,0.0,0.0,0.0
1736,False,0.0,0.0,0.0,0.0,0.0
1737,False,0.0,0.0,0.0,0.0,0.0
1738,False,0.0,0.0,0.0,0.0,0.0
1739,True,5.485134601593018,0.1593836843967437,0.4248838126659393,0.0883163064718246,0.0286343097686767
1740,False,0.0,0.0,0.0,0.0,0.0
1741,False,0.0,0.0,0.0,0.0,0.0
1742,False,0.0,0.0,0.0,0.0,0.0
1743,False,0.0,0.0,0.0,0.0,0.0
1744,False,0.0,0.0,0.0,0.0,0.0
1745,False,0.0,0.0,0.0,0.0,0.0
1746,False,0.0,0.0,0.0,0.0,0.0
1747,False,0.0,0.0,0.0,0.0,0.0
1748,False,0.0,0.0,0.0,0.0,0.0
1749,False,0.0,0.0,0.0,0.0,0.0
1750,False,0.0,0.0,0.0,0.0,0.0
1751,False,0.0,0.0,0.0,0.0,0.0
1752,False,0.0,0.0,0.0,0.0,0.0
1753,False,0.0,0.0,0.0,0.0,0.0
1754,False,0.0,0.0,0.0,0.0,0.0
1755,False,0.0,0.0,0.0,0.0,0.0
1756,False,0.0,0.0,0.0,0.0,0.0
1757,False,0.0,0.0,0.0,0.0,0.0
1758,False,0.0,0.0,0.0,0.0,0.0
1759,False,0.0,0.0,0.0,0.0,0.0
1760,False,0.0,0.0,0.0,0.0,0.0
1761,False,0.0,0.0,0.0,0.0,0.0
1762,False,0.0,0.0,0.0,0.0,0.0
1763,False,0.0,0.0,0.0,0.0,0.0
1764,False,0.0,0.0,0.0,0.0,0.0
1765,False,0.0,0.0,0.0,0.0,0.0
1766,False,0.0,0.0,0.0,0.0,0.0
1767,False,0.0,0.0,0.0,0.0,0.0
1768,False,0.0,0.0,0.0,0.0,0.0
1769,False,0.0,0.0,0.0,0.0,0.0
1770,False,0.0,0.0,0.0,0.0,0.0
1771,False,0.0,0.0,0.0,0.0,0.0
1772,False,0.0,0.0,0.0,0.0,0.0
1773,False,0.0,0.0,0.0,0.0,0.0
1774,False,0.0,0.0,0.0,0.0,0.0
1775,False,0.0,0.0,0.0,0.0,0.0
1776,False,0.0,0.0,0.0,0.0,0.0
1777,False,0.0,0.0,0.0,0.0,0.0
1778,False,0.0,0.0,0.0,0.0,0.0
1779,False,0.0,0.0,0.0,0.0,0.0
1780,False,0.0,0.0,0.0,0.0,0.0
1781,True,4.824991703033447,0.0573624595999717,0.0822741985321044,0.0470501035451889,0.018994003534317
1782,False,0.0,0.0,0.0,0.0,0.0
1783,False,0.0,0.0,0.0,0.0,0.0
1784,False,0.0,0.0,0.0,0.0,0.0
1785,False,0.0,0.0,0.0,0.0,0.0
1786,False,0.0,0.0,0.0,0.0,0.0
1787,False,0.0,0.0,0.0,0.0,0.0
1788,False,0.0,0.0,0.0,0.0,0.0
1789,False,0.0,0.0,0.0,0.0,0.0
1790,False,0.0,0.0,0.0,0.0,0.0
1791,False,0.0,0.0,0.0,0.0,0.0
1792,False,0.0,0.0,0.0,0.0,0.0
1793,False,0.0,0.0,0.0,0.0,0.0
1794,False,0.0,0.0,0.0,0.0,0.0
1795,False,0.0,0.0,0.0,0.0,0.0
1796,False,0.0,0.0,0.0,0.0,0.0
1797,False,0.0,0.0,0.0,0.0,0.0
1798,False,0.0,0.0,0.0,0.0,0.0
1799,False,0.0,0.0,0.0,0.0,0.0
1800,False,0.0,0.0,0.0,0.0,0.0
1801,False,0.0,0.0,0.0,0.0,0.0
1802,False,0.0,0.0,0.0,0.0,0.0
1803,False,0.0,0.0,0.0,0.0,0.0
1804,False,0.0,0.0,0.0,0.0,0.0
1805,False,0.0,0.0,0.0,0.0,0.0
1806,False,0.0,0.0,0.0,0.0,0.0
1807,False,0.0,0.0,0.0,0.0,0.0
1808,True,5.469138622283936,0.0548014864325523,0.1066299676895141,0.0418770760297775,0.0241820812225341
1809,False,0.0,0.0,0.0,0.0,0.0
1810,False,0.0,0.0,0.0,0.0,0.0
1811,False,0.0,0.0,0.0,0.0,0.0
1812,False,0.0,0.0,0.0,0.0,0.0
1813,False,0.0,0.0,0.0,0.0,0.0
1814,False,0.0,0.0,0.0,0.0,0.0
1815,False,0.0,0.0,0.0,0.0,0.0
1816,False,0.0,0.0,0.0,0.0,0.0
1817,False,0.0,0.0,0.0,0.0,0.0
1818,True,3.9107704162597656,0.0738212093710899,0.0999138355255127,0.0599706023931503,0.0186183750629425
1819,False,0.0,0.0,0.0,0.0,0.0
1820,False,0.0,0.0,0.0,0.0,0.0
1821,False,0.0,0.0,0.0,0.0,0.0
1822,False,0.0,0.0,0.0,0.0,0.0
1823,True,5.166605949401856,0.1512621343135833,0.2132803201675415,0.0843423455953598,0.0303136706352233
1824,True,2.564338207244873,0.0071280226111412,0.0031438469886779,0.0193518251180648,0.0116968750953674
1825,False,0.0,0.0,0.0,0.0,0.0
1826,False,0.0,0.0,0.0,0.0,0.0
1827,True,5.388052463531494,0.1359284818172454,0.1897495985031128,0.0714255422353744,0.0150455236434936
1828,True,1.028512477874756,0.0322008356451988,0.0112463235855102,0.0244493335485458,0.0261390805244445
1829,False,0.0,0.0,0.0,0.0,0.0
1830,False,0.0,0.0,0.0,0.0,0.0
1831,False,0.0,0.0,0.0,0.0,0.0
1832,False,0.0,0.0,0.0,0.0,0.0
1833,False,0.0,0.0,0.0,0.0,0.0
1834,True,1.516352295875549,0.123198889195919,0.205372154712677,0.0714071244001388,0.0088856816291809
1835,False,0.0,0.0,0.0,0.0,0.0
1836,False,0.0,0.0,0.0,0.0,0.0
1837,False,0.0,0.0,0.0,0.0,0.0
1838,False,0.0,0.0,0.0,0.0,0.0
1839,False,0.0,0.0,0.0,0.0,0.0
1840,False,0.0,0.0,0.0,0.0,0.0
1841,False,0.0,0.0,0.0,0.0,0.0
1842,False,0.0,0.0,0.0,0.0,0.0
1843,True,4.625607967376709,0.2759900987148285,0.4136610031127929,0.1448739618062973,0.0122106671333312
1844,False,0.0,0.0,0.0,0.0,0.0
1845,False,0.0,0.0,0.0,0.0,0.0
1846,True,1.728901505470276,0.0106950625777244,0.0109368562698364,0.0054578036069869,0.0176623463630676
1847,False,0.0,0.0,0.0,0.0,0.0
1848,False,0.0,0.0,0.0,0.0,0.0
1849,False,0.0,0.0,0.0,0.0,0.0
1850,False,0.0,0.0,0.0,0.0,0.0
1851,False,0.0,0.0,0.0,0.0,0.0
1852,False,0.0,0.0,0.0,0.0,0.0
1853,True,5.437607288360596,0.1287436187267303,0.0868148207664489,0.0507496446371078,0.0127540528774261
1854,False,0.0,0.0,0.0,0.0,0.0
1855,False,0.0,0.0,0.0,0.0,0.0
1856,False,0.0,0.0,0.0,0.0,0.0
1857,False,0.0,0.0,0.0,0.0,0.0
1858,True,1.8515503406524656,0.0092836245894432,0.0078556537628173,0.0068784803152084,0.0307137966156005
1859,False,0.0,0.0,0.0,0.0,0.0
1860,False,0.0,0.0,0.0,0.0,0.0
1861,False,0.0,0.0,0.0,0.0,0.0
1862,False,0.0,0.0,0.0,0.0,0.0
1863,True,5.486173152923584,0.1531212627887725,0.2061266899108886,0.0776391476392746,0.0160421431064605
1864,False,0.0,0.0,0.0,0.0,0.0
1865,False,0.0,0.0,0.0,0.0,0.0
1866,False,0.0,0.0,0.0,0.0,0.0
1867,False,0.0,0.0,0.0,0.0,0.0
1868,False,0.0,0.0,0.0,0.0,0.0
1869,False,0.0,0.0,0.0,0.0,0.0
1870,False,0.0,0.0,0.0,0.0,0.0
1871,False,0.0,0.0,0.0,0.0,0.0
1872,True,2.5841338634490967,0.0212055072188377,0.0075252056121826,0.0163813680410385,0.0207014679908752
1873,False,0.0,0.0,0.0,0.0,0.0
1874,False,0.0,0.0,0.0,0.0,0.0
1875,True,2.977034568786621,0.0292228683829307,0.0060209035873413,0.0125788897275924,0.0122324228286743
1876,False,0.0,0.0,0.0,0.0,0.0
1877,False,0.0,0.0,0.0,0.0,0.0
1878,False,0.0,0.0,0.0,0.0,0.0
1879,False,0.0,0.0,0.0,0.0,0.0
1880,False,0.0,0.0,0.0,0.0,0.0
1881,False,0.0,0.0,0.0,0.0,0.0
1882,False,0.0,0.0,0.0,0.0,0.0
1883,False,0.0,0.0,0.0,0.0,0.0
1884,False,0.0,0.0,0.0,0.0,0.0
1885,False,0.0,0.0,0.0,0.0,0.0
1886,False,0.0,0.0,0.0,0.0,0.0
1887,False,0.0,0.0,0.0,0.0,0.0
1888,False,0.0,0.0,0.0,0.0,0.0
1889,False,0.0,0.0,0.0,0.0,0.0
1890,True,1.8841748237609863,0.0046621784567832,0.0071367025375366,0.0063018649816513,0.0295013189315795
1891,True,2.648952007293701,0.04578747600317,0.0224341750144958,0.0267386883497238,0.0159636139869689
1892,True,5.413026809692383,0.0905215367674827,0.0893076062202453,0.0339234322309494,0.0189056694507598
1893,False,0.0,0.0,0.0,0.0,0.0
1894,True,1.0508544445037842,0.0216367468237876,0.0069987177848815,0.0134779065847396,0.0179846286773681
1895,True,2.264193058013916,0.0191763862967491,0.0024114847183227,0.0176259130239486,0.0133167803287506
1896,False,0.0,0.0,0.0,0.0,0.0
1897,False,0.0,0.0,0.0,0.0,0.0
1898,False,0.0,0.0,0.0,0.0,0.0
1899,True,1.5281800031661987,0.0055051669478416,0.0177569389343261,0.0136511772871017,0.0194185972213745
1900,False,0.0,0.0,0.0,0.0,0.0
1901,False,0.0,0.0,0.0,0.0,0.0
1902,False,0.0,0.0,0.0,0.0,0.0
1903,False,0.0,0.0,0.0,0.0,0.0
1904,False,0.0,0.0,0.0,0.0,0.0
1905,False,0.0,0.0,0.0,0.0,0.0
1906,False,0.0,0.0,0.0,0.0,0.0
1907,False,0.0,0.0,0.0,0.0,0.0
1908,False,0.0,0.0,0.0,0.0,0.0
1909,False,0.0,0.0,0.0,0.0,0.0
1910,False,0.0,0.0,0.0,0.0,0.0
1911,False,0.0,0.0,0.0,0.0,0.0
1912,False,0.0,0.0,0.0,0.0,0.0
1913,False,0.0,0.0,0.0,0.0,0.0
1914,False,0.0,0.0,0.0,0.0,0.0
1915,False,0.0,0.0,0.0,0.0,0.0
1916,False,0.0,0.0,0.0,0.0,0.0
1917,False,0.0,0.0,0.0,0.0,0.0
1918,False,0.0,0.0,0.0,0.0,0.0
1919,False,0.0,0.0,0.0,0.0,0.0
1920,False,0.0,0.0,0.0,0.0,0.0
1921,False,0.0,0.0,0.0,0.0,0.0
1922,False,0.0,0.0,0.0,0.0,0.0
1923,True,2.8487863540649414,0.0254293903708457,0.0083028078079223,0.0104546397924423,0.0236814022064209
1924,False,0.0,0.0,0.0,0.0,0.0
1925,True,2.676424026489258,0.0274094566702842,0.0048731565475463,0.0139118880033493,0.0220526456832885
1926,False,0.0,0.0,0.0,0.0,0.0
1927,False,0.0,0.0,0.0,0.0,0.0
1928,True,3.952855110168457,0.1090677604079246,0.106300950050354,0.0589256733655929,0.0136340260505676
1929,False,0.0,0.0,0.0,0.0,0.0
1930,False,0.0,0.0,0.0,0.0,0.0
1931,False,0.0,0.0,0.0,0.0,0.0
1932,False,0.0,0.0,0.0,0.0,0.0
1933,True,2.9843575954437256,0.0367039069533348,0.0069805979728698,0.0124988406896591,0.0129940807819366
1934,False,0.0,0.0,0.0,0.0,0.0
1935,False,0.0,0.0,0.0,0.0,0.0
1936,False,0.0,0.0,0.0,0.0,0.0
1937,False,0.0,0.0,0.0,0.0,0.0
1938,False,0.0,0.0,0.0,0.0,0.0
1939,False,0.0,0.0,0.0,0.0,0.0
1940,False,0.0,0.0,0.0,0.0,0.0
1941,False,0.0,0.0,0.0,0.0,0.0
1942,False,0.0,0.0,0.0,0.0,0.0
1943,False,0.0,0.0,0.0,0.0,0.0
1944,False,0.0,0.0,0.0,0.0,0.0
1945,True,5.3169660568237305,0.0855830535292625,0.0963367819786071,0.043847844004631,0.0109338760375976
1946,True,0.9679272174835204,0.030595563352108,0.0012621879577636,0.0230244845151901,0.014886200428009
1947,False,0.0,0.0,0.0,0.0,0.0
1948,False,0.0,0.0,0.0,0.0,0.0
1949,False,0.0,0.0,0.0,0.0,0.0
1950,True,3.8779044151306152,0.2088683545589447,0.4213857650756836,0.0968705862760543,0.0276360511779785
1951,True,1.535042643547058,0.0239309892058372,0.0083866119384765,0.0144584029912948,0.0159217715263366
1952,False,0.0,0.0,0.0,0.0,0.0
1953,False,0.0,0.0,0.0,0.0,0.0
1954,False,0.0,0.0,0.0,0.0,0.0
1955,False,0.0,0.0,0.0,0.0,0.0
1956,False,0.0,0.0,0.0,0.0,0.0
1957,False,0.0,0.0,0.0,0.0,0.0
1958,False,0.0,0.0,0.0,0.0,0.0
1959,False,0.0,0.0,0.0,0.0,0.0
1960,False,0.0,0.0,0.0,0.0,0.0
1961,False,0.0,0.0,0.0,0.0,0.0
1962,False,0.0,0.0,0.0,0.0,0.0
1963,False,0.0,0.0,0.0,0.0,0.0
1964,True,2.492164134979248,0.2237564027309417,0.1405982971191406,0.1090082079172134,0.069432646036148
1965,True,2.50637149810791,0.2211690843105316,0.1727797985076904,0.1074578016996383,0.0928378999233245
1966,False,0.0,0.0,0.0,0.0,0.0
1967,False,0.0,0.0,0.0,0.0,0.0
1968,True,2.604635238647461,0.1398611962795257,0.072180151939392,0.0472229570150375,0.1678590178489685
1969,False,0.0,0.0,0.0,0.0,0.0
1970,False,0.0,0.0,0.0,0.0,0.0
1971,False,0.0,0.0,0.0,0.0,0.0
1972,True,2.470388412475586,0.1152650341391563,0.0947603583335876,0.0632568448781967,0.083524078130722
1973,True,1.1650428771972656,0.0321617349982261,0.0147215127944946,0.0082451552152633,0.1425139307975769
1974,False,0.0,0.0,0.0,0.0,0.0
1975,False,0.0,0.0,0.0,0.0,0.0
1976,True,2.7815608978271484,0.1688134372234344,0.1484655141830444,0.0938379615545272,0.4132875502109527
1977,False,0.0,0.0,0.0,0.0,0.0
1978,False,0.0,0.0,0.0,0.0,0.0
1979,False,0.0,0.0,0.0,0.0,0.0
1980,True,2.3213109970092773,0.2113601267337799,0.1369581222534179,0.0981259196996688,0.1007776856422424
1981,False,0.0,0.0,0.0,0.0,0.0
1982,False,0.0,0.0,0.0,0.0,0.0
1983,False,0.0,0.0,0.0,0.0,0.0
1984,False,0.0,0.0,0.0,0.0,0.0
1985,False,0.0,0.0,0.0,0.0,0.0
1986,True,1.2490159273147583,0.0567126497626304,0.0457908511161804,0.0244149416685104,0.1110813319683075
1987,False,0.0,0.0,0.0,0.0,0.0
1988,False,0.0,0.0,0.0,0.0,0.0
1989,False,0.0,0.0,0.0,0.0,0.0
1990,False,0.0,0.0,0.0,0.0,0.0
1991,False,0.0,0.0,0.0,0.0,0.0
1992,False,0.0,0.0,0.0,0.0,0.0
1993,True,2.591712951660156,0.132502943277359,0.0815721750259399,0.0561683624982833,0.1793199777603149
1994,False,0.0,0.0,0.0,0.0,0.0
1995,False,0.0,0.0,0.0,0.0,0.0
1996,False,0.0,0.0,0.0,0.0,0.0
1997,False,0.0,0.0,0.0,0.0,0.0
1998,False,0.0,0.0,0.0,0.0,0.0
1999,False,0.0,0.0,0.0,0.0,0.0
2000,False,0.0,0.0,0.0,0.0,0.0
2001,False,0.0,0.0,0.0,0.0,0.0
2002,False,0.0,0.0,0.0,0.0,0.0
2003,False,0.0,0.0,0.0,0.0,0.0
2004,False,0.0,0.0,0.0,0.0,0.0
2005,False,0.0,0.0,0.0,0.0,0.0
2006,False,0.0,0.0,0.0,0.0,0.0
2007,False,0.0,0.0,0.0,0.0,0.0
2008,True,2.97696304321289,0.1868347227573394,0.1540903449058532,0.1356343179941177,0.4340953230857849
2009,False,0.0,0.0,0.0,0.0,0.0
2010,False,0.0,0.0,0.0,0.0,0.0
2011,False,0.0,0.0,0.0,0.0,0.0
2012,False,0.0,0.0,0.0,0.0,0.0
2013,False,0.0,0.0,0.0,0.0,0.0
2014,False,0.0,0.0,0.0,0.0,0.0
2015,False,0.0,0.0,0.0,0.0,0.0
2016,False,0.0,0.0,0.0,0.0,0.0
2017,True,3.2651000022888184,0.633852481842041,0.6921243667602539,0.4772202372550964,0.1553375720977783
2018,False,0.0,0.0,0.0,0.0,0.0
2019,False,0.0,0.0,0.0,0.0,0.0
2020,False,0.0,0.0,0.0,0.0,0.0
2021,False,0.0,0.0,0.0,0.0,0.0
2022,False,0.0,0.0,0.0,0.0,0.0
2023,False,0.0,0.0,0.0,0.0,0.0
2024,False,0.0,0.0,0.0,0.0,0.0
2025,False,0.0,0.0,0.0,0.0,0.0
2026,False,0.0,0.0,0.0,0.0,0.0
2027,False,0.0,0.0,0.0,0.0,0.0
2028,True,2.4729256629943848,0.2367044389247894,0.1858000755310058,0.120986059308052,0.0614950656890869
2029,False,0.0,0.0,0.0,0.0,0.0
2030,False,0.0,0.0,0.0,0.0,0.0
2031,False,0.0,0.0,0.0,0.0,0.0
2032,False,0.0,0.0,0.0,0.0,0.0
2033,False,0.0,0.0,0.0,0.0,0.0
2034,False,0.0,0.0,0.0,0.0,0.0
2035,True,2.023230791091919,0.1518362462520599,0.0728175640106201,0.0663584321737289,0.1032124161720275
2036,True,1.3581784963607788,0.0550993904471397,0.0313002467155456,0.0168861597776412,0.0870410799980163
2037,True,2.394045829772949,0.1000465378165245,0.0849978923797607,0.053345188498497,0.0809942781925201
2038,False,0.0,0.0,0.0,0.0,0.0
2039,False,0.0,0.0,0.0,0.0,0.0
2040,False,0.0,0.0,0.0,0.0,0.0
2041,True,2.4623727798461914,0.2301669120788574,0.1498576402664184,0.102716252207756,0.0776048600673675
2042,False,0.0,0.0,0.0,0.0,0.0
2043,False,0.0,0.0,0.0,0.0,0.0
2044,False,0.0,0.0,0.0,0.0,0.0
2045,False,0.0,0.0,0.0,0.0,0.0
2046,True,2.483524799346924,0.0678920373320579,0.0967022776603698,0.1013009399175643,0.2264672517776489
2047,False,0.0,0.0,0.0,0.0,0.0
2048,True,2.9032912254333496,0.158699482679367,0.2310796976089477,0.1112851351499557,0.1478267908096313
2049,False,0.0,0.0,0.0,0.0,0.0
2050,True,3.131511211395264,0.3940881192684173,0.3989985287189483,0.3333811163902282,0.1937969326972961
2051,False,0.0,0.0,0.0,0.0,0.0
2052,False,0.0,0.0,0.0,0.0,0.0
2053,False,0.0,0.0,0.0,0.0,0.0
2054,False,0.0,0.0,0.0,0.0,0.0
2055,False,0.0,0.0,0.0,0.0,0.0
2056,False,0.0,0.0,0.0,0.0,0.0
2057,False,0.0,0.0,0.0,0.0,0.0
2058,True,3.0748348236083984,0.2677555680274963,0.4385042190551758,0.197837546467781,0.1710450053215026
2059,False,0.0,0.0,0.0,0.0,0.0
2060,False,0.0,0.0,0.0,0.0,0.0
2061,True,2.511554718017578,0.2143675982952118,0.192148208618164,0.1125402301549911,0.0821470022201538
2062,False,0.0,0.0,0.0,0.0,0.0
2063,False,0.0,0.0,0.0,0.0,0.0
2064,False,0.0,0.0,0.0,0.0,0.0
2065,False,0.0,0.0,0.0,0.0,0.0
2066,False,0.0,0.0,0.0,0.0,0.0
2067,False,0.0,0.0,0.0,0.0,0.0
2068,False,0.0,0.0,0.0,0.0,0.0
2069,True,2.5605382919311523,0.0906809791922569,0.067178189754486,0.0474644750356674,0.2782154679298401
2070,False,0.0,0.0,0.0,0.0,0.0
2071,False,0.0,0.0,0.0,0.0,0.0
2072,False,0.0,0.0,0.0,0.0,0.0
2073,True,2.5836057662963867,0.0128708705306053,0.0279672145843505,0.0122366994619369,0.0455844700336456
2074,False,0.0,0.0,0.0,0.0,0.0
2075,False,0.0,0.0,0.0,0.0,0.0
2076,False,0.0,0.0,0.0,0.0,0.0
2077,False,0.0,0.0,0.0,0.0,0.0
2078,False,0.0,0.0,0.0,0.0,0.0
2079,False,0.0,0.0,0.0,0.0,0.0
2080,False,0.0,0.0,0.0,0.0,0.0
2081,False,0.0,0.0,0.0,0.0,0.0
2082,False,0.0,0.0,0.0,0.0,0.0
2083,False,0.0,0.0,0.0,0.0,0.0
2084,False,0.0,0.0,0.0,0.0,0.0
2085,False,0.0,0.0,0.0,0.0,0.0
2086,False,0.0,0.0,0.0,0.0,0.0
2087,False,0.0,0.0,0.0,0.0,0.0
2088,False,0.0,0.0,0.0,0.0,0.0
2089,True,3.345308303833008,0.0247511491179466,0.0213608741760253,0.0068490356206893,0.0208783745765686
2090,False,0.0,0.0,0.0,0.0,0.0
2091,False,0.0,0.0,0.0,0.0,0.0
2092,False,0.0,0.0,0.0,0.0,0.0
2093,False,0.0,0.0,0.0,0.0,0.0
2094,True,3.649311065673828,0.359565258026123,0.1453137397766113,0.0278267711400985,0.0129417777061462
2095,False,0.0,0.0,0.0,0.0,0.0
2096,False,0.0,0.0,0.0,0.0,0.0
2097,False,0.0,0.0,0.0,0.0,0.0
2098,False,0.0,0.0,0.0,0.0,0.0
2099,False,0.0,0.0,0.0,0.0,0.0
2100,False,0.0,0.0,0.0,0.0,0.0
2101,True,2.309884786605835,0.0049459561705589,0.027326226234436,0.0177947133779525,0.0148961544036865
2102,False,0.0,0.0,0.0,0.0,0.0
2103,False,0.0,0.0,0.0,0.0,0.0
2104,True,4.961795806884766,0.2441097199916839,0.240641176700592,0.1623478680849075,0.0163978636264801
2105,False,0.0,0.0,0.0,0.0,0.0
2106,False,0.0,0.0,0.0,0.0,0.0
2107,True,3.94320011138916,0.0611616596579551,0.0384005308151245,0.0216303914785385,0.0434607863426208
2108,False,0.0,0.0,0.0,0.0,0.0
2109,True,2.547513008117676,0.020068846642971,0.0277780294418334,0.0167382806539535,0.0407956540584564
2110,False,0.0,0.0,0.0,0.0,0.0
2111,True,4.8239426612854,0.3473359644412994,0.3792487382888794,0.261617362499237,0.0123149156570434
2112,False,0.0,0.0,0.0,0.0,0.0
2113,False,0.0,0.0,0.0,0.0,0.0
2114,False,0.0,0.0,0.0,0.0,0.0
2115,False,0.0,0.0,0.0,0.0,0.0
2116,False,0.0,0.0,0.0,0.0,0.0
2117,True,3.021191120147705,0.0457991585135459,0.0469442009925842,0.0185001939535141,0.0121863782405853
2118,True,4.624034881591797,0.243593692779541,0.2415878772735595,0.1508406847715377,0.01302370429039
2119,True,4.963442325592041,0.248541384935379,0.2321957945823669,0.1696327775716781,0.0135620534420013
2120,False,0.0,0.0,0.0,0.0,0.0
2121,False,0.0,0.0,0.0,0.0,0.0
2122,False,0.0,0.0,0.0,0.0,0.0
2123,False,0.0,0.0,0.0,0.0,0.0
2124,False,0.0,0.0,0.0,0.0,0.0
2125,False,0.0,0.0,0.0,0.0,0.0
2126,False,0.0,0.0,0.0,0.0,0.0
2127,True,4.9197916984558105,0.3581379950046539,0.3756064772605896,0.2566391825675964,0.0136779248714447
2128,False,0.0,0.0,0.0,0.0,0.0
2129,True,4.067467212677002,0.2000124156475067,0.1716408729553222,0.1074471622705459,0.0220865607261657
2130,False,0.0,0.0,0.0,0.0,0.0
2131,False,0.0,0.0,0.0,0.0,0.0
2132,False,0.0,0.0,0.0,0.0,0.0
2133,False,0.0,0.0,0.0,0.0,0.0
2134,False,0.0,0.0,0.0,0.0,0.0
2135,False,0.0,0.0,0.0,0.0,0.0
2136,True,3.692757844924927,0.073016308248043,0.0540569424629211,0.0245532840490341,0.0251834392547607
2137,False,0.0,0.0,0.0,0.0,0.0
2138,True,4.424208641052246,0.0885904058814048,0.0905511379241943,0.0522492378950119,0.0172191262245178
2139,True,3.307748317718506,0.0390218719840049,0.0256518125534057,0.0126653760671615,0.0268939137458801
2140,True,5.036509037017822,0.239012986421585,0.247641921043396,0.1665831059217453,0.0134688019752502
2141,False,0.0,0.0,0.0,0.0,0.0
2142,False,0.0,0.0,0.0,0.0,0.0
2143,False,0.0,0.0,0.0,0.0,0.0
2144,True,4.823386192321777,0.1832934319972992,0.1808105111122131,0.1460475772619247,0.0204392671585083
2145,False,0.0,0.0,0.0,0.0,0.0
2146,False,0.0,0.0,0.0,0.0,0.0
2147,False,0.0,0.0,0.0,0.0,0.0
2148,False,0.0,0.0,0.0,0.0,0.0
2149,False,0.0,0.0,0.0,0.0,0.0
2150,False,0.0,0.0,0.0,0.0,0.0
2151,False,0.0,0.0,0.0,0.0,0.0
2152,False,0.0,0.0,0.0,0.0,0.0
2153,False,0.0,0.0,0.0,0.0,0.0
2154,False,0.0,0.0,0.0,0.0,0.0
2155,False,0.0,0.0,0.0,0.0,0.0
2156,True,4.956135272979736,0.346721351146698,0.3717626929283142,0.242285206913948,0.01461061835289
2157,False,0.0,0.0,0.0,0.0,0.0
2158,True,3.845669269561768,0.0647593960165977,0.0402381420135498,0.0215889066457748,0.0446282625198364
2159,True,2.8833558559417725,0.0358082875609397,0.0221167802810668,0.0100151151418685,0.0280913710594177
2160,False,0.0,0.0,0.0,0.0,0.0
2161,False,0.0,0.0,0.0,0.0,0.0
2162,True,3.703728914260864,0.3068344295024872,0.0748975872993469,0.0407510846853256,0.0143641829490661
2163,True,4.88462495803833,0.3239079117774963,0.3507782220840454,0.2509555220603943,0.0156187117099761
2164,False,0.0,0.0,0.0,0.0,0.0
2165,True,2.5791172981262207,0.0276403650641441,0.0314799547195434,0.0212843269109725,0.0404281020164489
2166,False,0.0,0.0,0.0,0.0,0.0
2167,False,0.0,0.0,0.0,0.0,0.0
2168,True,4.034183502197266,0.0306679829955101,0.0382792949676513,0.0202989429235458,0.0518774688243866
2169,False,0.0,0.0,0.0,0.0,0.0
2170,False,0.0,0.0,0.0,0.0,0.0
2171,True,5.019830703735352,0.2376288473606109,0.2344352006912231,0.1618959754705429,0.0137933194637298
2172,False,0.0,0.0,0.0,0.0,0.0
2173,False,0.0,0.0,0.0,0.0,0.0
2174,False,0.0,0.0,0.0,0.0,0.0
2175,False,0.0,0.0,0.0,0.0,0.0
2176,True,4.055899620056152,0.0522826537489891,0.0396208763122558,0.0206790417432785,0.0446502566337585
2177,False,0.0,0.0,0.0,0.0,0.0
2178,False,0.0,0.0,0.0,0.0,0.0
2179,False,0.0,0.0,0.0,0.0,0.0
2180,False,0.0,0.0,0.0,0.0,0.0
2181,False,0.0,0.0,0.0,0.0,0.0
2182,False,0.0,0.0,0.0,0.0,0.0
2183,False,0.0,0.0,0.0,0.0,0.0
2184,True,4.984859943389893,0.3475319445133209,0.3733139038085937,0.2428445070981979,0.0136728286743164
2185,False,0.0,0.0,0.0,0.0,0.0
2186,False,0.0,0.0,0.0,0.0,0.0
2187,False,0.0,0.0,0.0,0.0,0.0
2188,False,0.0,0.0,0.0,0.0,0.0
2189,False,0.0,0.0,0.0,0.0,0.0
2190,False,0.0,0.0,0.0,0.0,0.0
2191,False,0.0,0.0,0.0,0.0,0.0
2192,True,4.014083862304688,0.1013041958212852,0.0759947896003723,0.0394305437803268,0.0228883922100067
2193,False,0.0,0.0,0.0,0.0,0.0
2194,False,0.0,0.0,0.0,0.0,0.0
2195,False,0.0,0.0,0.0,0.0,0.0
2196,False,0.0,0.0,0.0,0.0,0.0
2197,False,0.0,0.0,0.0,0.0,0.0
2198,True,2.256031036376953,0.0234623774886131,0.0121046304702758,0.0106566399335861,0.0170060396194458
2199,False,0.0,0.0,0.0,0.0,0.0
2200,True,4.099814414978027,0.0485536083579063,0.0399419069290161,0.0201689451932907,0.0455777049064636
2201,True,4.05335807800293,0.0542345270514488,0.0409400463104248,0.0358062237501144,0.0258264243602752
2202,False,0.0,0.0,0.0,0.0,0.0
2203,False,0.0,0.0,0.0,0.0,0.0
2204,False,0.0,0.0,0.0,0.0,0.0
2205,False,0.0,0.0,0.0,0.0,0.0
2206,False,0.0,0.0,0.0,0.0,0.0
2207,False,0.0,0.0,0.0,0.0,0.0
2208,True,4.992749214172363,0.3478479385375976,0.3698940873146057,0.2479440420866012,0.0141700804233551
2209,False,0.0,0.0,0.0,0.0,0.0
2210,False,0.0,0.0,0.0,0.0,0.0
2211,False,0.0,0.0,0.0,0.0,0.0
2212,False,0.0,0.0,0.0,0.0,0.0
2213,False,0.0,0.0,0.0,0.0,0.0
2214,False,0.0,0.0,0.0,0.0,0.0
2215,True,2.35652494430542,0.0402977690100669,0.0087626576423645,0.020449623465538,0.1332397758960724
2216,False,0.0,0.0,0.0,0.0,0.0
2217,False,0.0,0.0,0.0,0.0,0.0
2218,False,0.0,0.0,0.0,0.0,0.0
2219,True,2.1760001182556152,0.0343787297606468,0.0060670971870422,0.0199831575155258,0.2886342406272888
2220,False,0.0,0.0,0.0,0.0,0.0
2221,False,0.0,0.0,0.0,0.0,0.0
2222,True,2.5615782737731934,0.6449803113937378,0.6595195531845093,0.3136367797851562,0.2351824045181274
2223,False,0.0,0.0,0.0,0.0,0.0
2224,True,2.667837381362915,0.6313414573669434,0.6138193607330322,0.3005608916282654,0.222834974527359
2225,False,0.0,0.0,0.0,0.0,0.0
2226,False,0.0,0.0,0.0,0.0,0.0
2227,False,0.0,0.0,0.0,0.0,0.0
2228,True,1.9170923233032229,0.0287933573126792,0.0051328539848327,0.0138832181692123,0.1427573561668396
2229,True,2.1970908641815186,0.0333990678191185,0.0065945982933044,0.0165674537420272,0.1655182540416717
2230,False,0.0,0.0,0.0,0.0,0.0
2231,False,0.0,0.0,0.0,0.0,0.0
2232,False,0.0,0.0,0.0,0.0,0.0
2233,False,0.0,0.0,0.0,0.0,0.0
2234,False,0.0,0.0,0.0,0.0,0.0
2235,False,0.0,0.0,0.0,0.0,0.0
2236,False,0.0,0.0,0.0,0.0,0.0
2237,True,1.8607178926467896,0.035520039498806,0.0046457052230834,0.0211388915777206,0.3016499578952789
2238,False,0.0,0.0,0.0,0.0,0.0
2239,False,0.0,0.0,0.0,0.0,0.0
2240,False,0.0,0.0,0.0,0.0,0.0
2241,False,0.0,0.0,0.0,0.0,0.0
2242,False,0.0,0.0,0.0,0.0,0.0
2243,False,0.0,0.0,0.0,0.0,0.0
2244,False,0.0,0.0,0.0,0.0,0.0
2245,False,0.0,0.0,0.0,0.0,0.0
2246,True,2.1590356826782227,0.0260918959975242,0.0056202411651611,0.0147727578878402,0.1843990385532379
2247,False,0.0,0.0,0.0,0.0,0.0
2248,False,0.0,0.0,0.0,0.0,0.0
2249,False,0.0,0.0,0.0,0.0,0.0
2250,True,1.9446748495101929,0.0355625972151756,0.0021494030952453,0.0120189040899276,0.1882731914520263
2251,True,2.1832430362701416,0.034254752099514,0.0067948698997497,0.0181908458471298,0.1008465886116027
2252,True,2.2088894844055176,0.0284579023718833,0.0072603821754455,0.0174595564603805,0.3129796981811523
2253,False,0.0,0.0,0.0,0.0,0.0
2254,True,4.26508903503418,0.3079521954059601,0.1829563379287719,0.115647479891777,0.0511178076267242
2255,True,3.679436922073364,0.0435933694243431,0.0049552321434021,0.0204083770513534,0.063076376914978
2256,False,0.0,0.0,0.0,0.0,0.0
2257,False,0.0,0.0,0.0,0.0,0.0
2258,True,4.793997287750244,0.4104784429073334,0.6915761232376099,0.2747445106506347,0.1066665053367614
2259,True,3.336422920227051,0.0410892590880394,0.0046300888061523,0.0147558897733688,0.076019138097763
2260,True,3.836235046386719,0.0580827817320823,0.0176116228103637,0.0262876003980636,0.0800122618675232
2261,True,4.1904120445251465,0.3717474937438965,0.2394184470176696,0.1415449827909469,0.0550675988197326
2262,True,3.9325671195983887,0.1862418949604034,0.1828539371490478,0.1174546331167221,0.0549832880496978
2263,True,3.876801013946533,0.0667479857802391,0.0100074410438537,0.0258602946996688,0.1058849096298217
2264,False,0.0,0.0,0.0,0.0,0.0
2265,True,4.123453140258789,0.3260397017002105,0.3829909563064575,0.1701745837926864,0.060743361711502
2266,False,0.0,0.0,0.0,0.0,0.0
2267,True,3.7225611209869385,0.2591225206851959,0.3866709470748901,0.1430032104253769,0.0580320060253143
2268,True,3.822942733764648,0.0486513003706932,0.0072863101959228,0.0257947295904159,0.0709577798843383
2269,True,3.933770656585693,0.2232367396354675,0.4004296064376831,0.146826222538948,0.070009708404541
2270,False,0.0,0.0,0.0,0.0,0.0
2271,True,4.593686580657959,0.3581524789333343,0.3492526710033417,0.1676177829504013,0.0564544796943664
2272,False,0.0,0.0,0.0,0.0,0.0
2273,False,0.0,0.0,0.0,0.0,0.0
2274,True,3.91144609451294,0.2361596524715423,0.4009477198123932,0.1870334595441818,0.0697803497314453
2275,True,3.759179592132568,0.1984489262104034,0.3919499814510345,0.1383917480707168,0.1083629131317138
2276,True,4.325331211090088,0.3035082817077636,0.5441630482673645,0.194580540060997,0.1329431235790252
2277,False,0.0,0.0,0.0,0.0,0.0
2278,False,0.0,0.0,0.0,0.0,0.0
2279,True,3.741872310638428,0.3402046263217926,0.3981388807296753,0.1588777750730514,0.0509302616119384
2280,False,0.0,0.0,0.0,0.0,0.0
2281,False,0.0,0.0,0.0,0.0,0.0
2282,True,3.712390899658203,0.0319286808371543,0.0008621215820312,0.009535476565361,0.0779837369918823
2283,True,4.042769432067871,0.3013625741004944,0.3787726759910583,0.1634793132543563,0.0512543618679046
2284,True,3.7423925399780273,0.035413883626461,0.0001441836357116,0.0117138475179672,0.0713255703449249
2285,True,4.087447166442871,0.2699572145938873,0.1668754816055297,0.1483695954084396,0.0829671621322631
2286,False,0.0,0.0,0.0,0.0,0.0
2287,True,3.67673921585083,0.0337282642722129,0.0001658201217651,0.0120908468961715,0.0703515410423278
2288,False,0.0,0.0,0.0,0.0,0.0
2289,False,0.0,0.0,0.0,0.0,0.0
2290,True,3.889312267303467,0.0465818867087364,0.0072932243347167,0.0158629864454269,0.0971278846263885
2291,False,0.0,0.0,0.0,0.0,0.0
2292,False,0.0,0.0,0.0,0.0,0.0
2293,True,4.118714332580566,0.3155065774917602,0.4047130942344665,0.1694622784852981,0.0574936866760253
2294,False,0.0,0.0,0.0,0.0,0.0
2295,False,0.0,0.0,0.0,0.0,0.0
2296,False,0.0,0.0,0.0,0.0,0.0
2297,True,4.013801097869873,0.3315947353839874,0.3987272977828979,0.1740361899137497,0.052818089723587
2298,True,3.9436426162719727,0.2288903892040252,0.4039462804794311,0.1490228027105331,0.0711434483528137
2299,True,4.359772205352783,0.2333038747310638,0.3492676615715027,0.1659878343343734,0.0805535912513732
2300,False,0.0,0.0,0.0,0.0,0.0
2301,True,3.812689304351807,0.226361870765686,0.3954623937606811,0.1494760364294052,0.0714225769042968
2302,True,3.958669662475586,0.0818560943007469,0.0307269096374511,0.0373110026121139,0.0978146791458129
2303,True,3.821110248565674,0.040625475347042,0.0029557943344116,0.013779267668724,0.0773111879825592
2304,True,4.493382930755615,0.3665402233600616,0.626171886920929,0.2493539303541183,0.1159025132656097
2305,False,0.0,0.0,0.0,0.0,0.0
2306,True,3.947332859039306,0.0583699569106102,0.0242388844490051,0.0331334918737411,0.0879195034503936
2307,False,0.0,0.0,0.0,0.0,0.0
2308,False,0.0,0.0,0.0,0.0,0.0
2309,True,4.218145370483398,0.3471167385578155,0.4109494984149933,0.1778711825609207,0.0580217242240905
2310,True,3.76987361907959,0.0469135865569114,0.004837155342102,0.0113818496465682,0.0785497426986694
2311,True,4.598495960235596,0.4592540562152862,0.5543070435523987,0.2673738598823547,0.0733651220798492
2312,True,3.8541884422302246,0.0401315912604332,0.0024430155754089,0.0163070410490036,0.076459527015686
2313,False,0.0,0.0,0.0,0.0,0.0
2314,False,0.0,0.0,0.0,0.0,0.0
2315,False,0.0,0.0,0.0,0.0,0.0
2316,True,3.7287189960479736,0.0580454692244529,0.0211046934127807,0.02647565305233,0.0814588367938995
2317,True,3.581417798995972,0.0396784171462059,0.0041455030441284,0.0239024609327316,0.0808619260787963
2318,False,0.0,0.0,0.0,0.0,0.0
2319,False,0.0,0.0,0.0,0.0,0.0
2320,False,0.0,0.0,0.0,0.0,0.0
2321,True,3.5320591926574707,0.3715650141239166,0.410692423582077,0.2330635637044906,0.149618998169899
2322,True,3.533414363861084,0.0296231731772422,0.0060874819755554,0.0103962868452072,0.0683517456054687
2323,False,0.0,0.0,0.0,0.0,0.0
2324,True,4.551869869232178,0.4113553166389465,0.3833197355270386,0.1917427033185959,0.0644558668136596
2325,False,0.0,0.0,0.0,0.0,0.0
2326,False,0.0,0.0,0.0,0.0,0.0
2327,True,3.945647954940796,0.2552233040332794,0.3902192115783691,0.1602070182561874,0.0608824789524078
2328,True,3.7345900535583496,0.2537507116794586,0.5309498310089111,0.1837951391935348,0.1489344835281372
2329,True,4.278557300567627,0.3404514789581299,0.2238932847976684,0.1435659378767013,0.0640420019626617
2330,True,3.7742130756378174,0.1158689484000206,0.1797281503677368,0.1043179482221603,0.087887704372406
2331,True,3.622316837310791,0.2673169672489166,0.3890332579612732,0.1437709182500839,0.0630068778991699
2332,True,3.914875745773315,0.0671377405524253,0.0248115062713623,0.0307055562734603,0.083331823348999
2333,False,0.0,0.0,0.0,0.0,0.0
2334,True,4.198739528656006,0.2881475389003753,0.3857470154762268,0.1844502538442611,0.0795735716819763
2335,True,3.739803075790405,0.211063951253891,0.3814606070518493,0.1296029537916183,0.1063460409641265
2336,True,3.3832430839538574,0.2062695324420929,0.3778001070022583,0.1401733011007309,0.0969043672084808
2337,False,0.0,0.0,0.0,0.0,0.0
2338,False,0.0,0.0,0.0,0.0,0.0
2339,False,0.0,0.0,0.0,0.0,0.0
2340,False,0.0,0.0,0.0,0.0,0.0
2341,False,0.0,0.0,0.0,0.0,0.0
2342,False,0.0,0.0,0.0,0.0,0.0
2343,False,0.0,0.0,0.0,0.0,0.0
2344,True,3.411644458770752,0.2200590670108795,0.3863562941551208,0.1414467245340347,0.1100412607192993
2345,False,0.0,0.0,0.0,0.0,0.0
2346,True,3.9082937240600586,0.0724289044737815,0.0271933674812316,0.0327824205160141,0.0910692811012268
2347,True,3.976200819015503,0.3503849804401397,0.3801417946815491,0.1624639481306076,0.0468532443046569
2348,False,0.0,0.0,0.0,0.0,0.0
2349,True,3.701705932617188,0.3238408863544464,0.3931130766868591,0.1600595563650131,0.0531467199325561
2350,True,4.338650226593018,0.4585759043693542,0.6383267641067505,0.2379472106695175,0.0897226929664611
2351,True,3.965359687805176,0.3161728978157043,0.3943294584751129,0.1711761206388473,0.0560000240802764
2352,False,0.0,0.0,0.0,0.0,0.0
2353,True,4.025235176086426,0.3328545987606048,0.1853317022323608,0.1227298825979232,0.0723403096199035
2354,False,0.0,0.0,0.0,0.0,0.0
2355,False,0.0,0.0,0.0,0.0,0.0
2356,False,0.0,0.0,0.0,0.0,0.0
2357,True,3.462764263153076,0.189471036195755,0.3781304657459259,0.1247970312833786,0.1239306628704071
2358,False,0.0,0.0,0.0,0.0,0.0
2359,True,3.71135139465332,0.3258965909481048,0.3847388029098511,0.156046375632286,0.0483015775680542
2360,False,0.0,0.0,0.0,0.0,0.0
2361,False,0.0,0.0,0.0,0.0,0.0
2362,True,3.698668956756592,0.0384739264845848,0.0026383399963378,0.0116970390081405,0.0750912427902221
2363,False,0.0,0.0,0.0,0.0,0.0
2364,False,0.0,0.0,0.0,0.0,0.0
2365,True,4.2024126052856445,0.3270486891269684,0.3999599814414978,0.1734971851110458,0.0508286952972412
2366,False,0.0,0.0,0.0,0.0,0.0
2367,True,3.5624032020568848,0.2303663492202758,0.38980433344841,0.131528839468956,0.0689483284950256
2368,True,3.7193970680236816,0.0365609154105186,0.0013873577117919,0.0116393417119979,0.0725454688072204
2369,True,3.740147590637207,0.3302837610244751,0.384787917137146,0.1573863476514816,0.052613079547882
2370,True,4.320858955383301,0.3935868144035339,0.4118601083755493,0.1909660547971725,0.0583404898643493
2371,True,3.996382713317871,0.0748409852385521,0.0307252407073974,0.0366763323545455,0.0943392217159271
2372,False,0.0,0.0,0.0,0.0,0.0
2373,True,4.086324691772461,0.2827473878860473,0.4055467247962951,0.1618557423353195,0.0656949877738952
2374,True,3.624908447265625,0.2693296372890472,0.5332991480827332,0.1830378621816635,0.1403918862342834
2375,False,0.0,0.0,0.0,0.0,0.0
2376,False,0.0,0.0,0.0,0.0,0.0
2377,False,0.0,0.0,0.0,0.0,0.0
2378,False,0.0,0.0,0.0,0.0,0.0
2379,True,3.885385751724243,0.0649334415793418,0.0097633004188537,0.0255138725042343,0.1044722497463226
2380,True,4.126915454864502,0.2951710820198059,0.1955081224441528,0.1220011264085769,0.0504153966903686
2381,False,0.0,0.0,0.0,0.0,0.0
2382,False,0.0,0.0,0.0,0.0,0.0
2383,False,0.0,0.0,0.0,0.0,0.0
2384,False,0.0,0.0,0.0,0.0,0.0
2385,False,0.0,0.0,0.0,0.0,0.0
2386,False,0.0,0.0,0.0,0.0,0.0
2387,False,0.0,0.0,0.0,0.0,0.0
2388,False,0.0,0.0,0.0,0.0,0.0
2389,False,0.0,0.0,0.0,0.0,0.0
2390,False,0.0,0.0,0.0,0.0,0.0
2391,False,0.0,0.0,0.0,0.0,0.0
2392,False,0.0,0.0,0.0,0.0,0.0
2393,False,0.0,0.0,0.0,0.0,0.0
2394,False,0.0,0.0,0.0,0.0,0.0
2395,False,0.0,0.0,0.0,0.0,0.0
2396,False,0.0,0.0,0.0,0.0,0.0
2397,False,0.0,0.0,0.0,0.0,0.0
2398,False,0.0,0.0,0.0,0.0,0.0
2399,False,0.0,0.0,0.0,0.0,0.0
2400,False,0.0,0.0,0.0,0.0,0.0
2401,False,0.0,0.0,0.0,0.0,0.0
2402,False,0.0,0.0,0.0,0.0,0.0
2403,False,0.0,0.0,0.0,0.0,0.0
2404,False,0.0,0.0,0.0,0.0,0.0
2405,False,0.0,0.0,0.0,0.0,0.0
2406,False,0.0,0.0,0.0,0.0,0.0
2407,False,0.0,0.0,0.0,0.0,0.0
2408,False,0.0,0.0,0.0,0.0,0.0
2409,False,0.0,0.0,0.0,0.0,0.0
2410,False,0.0,0.0,0.0,0.0,0.0
2411,False,0.0,0.0,0.0,0.0,0.0
2412,False,0.0,0.0,0.0,0.0,0.0
2413,False,0.0,0.0,0.0,0.0,0.0
2414,False,0.0,0.0,0.0,0.0,0.0
2415,False,0.0,0.0,0.0,0.0,0.0
2416,False,0.0,0.0,0.0,0.0,0.0
2417,False,0.0,0.0,0.0,0.0,0.0
2418,False,0.0,0.0,0.0,0.0,0.0
2419,False,0.0,0.0,0.0,0.0,0.0
2420,False,0.0,0.0,0.0,0.0,0.0
2421,False,0.0,0.0,0.0,0.0,0.0
2422,False,0.0,0.0,0.0,0.0,0.0
2423,False,0.0,0.0,0.0,0.0,0.0
2424,False,0.0,0.0,0.0,0.0,0.0
2425,False,0.0,0.0,0.0,0.0,0.0
2426,False,0.0,0.0,0.0,0.0,0.0
2427,False,0.0,0.0,0.0,0.0,0.0
2428,False,0.0,0.0,0.0,0.0,0.0
2429,False,0.0,0.0,0.0,0.0,0.0
2430,False,0.0,0.0,0.0,0.0,0.0
2431,False,0.0,0.0,0.0,0.0,0.0
2432,False,0.0,0.0,0.0,0.0,0.0
2433,False,0.0,0.0,0.0,0.0,0.0
2434,False,0.0,0.0,0.0,0.0,0.0
2435,False,0.0,0.0,0.0,0.0,0.0
2436,False,0.0,0.0,0.0,0.0,0.0
2437,False,0.0,0.0,0.0,0.0,0.0
2438,False,0.0,0.0,0.0,0.0,0.0
2439,False,0.0,0.0,0.0,0.0,0.0
2440,False,0.0,0.0,0.0,0.0,0.0
2441,False,0.0,0.0,0.0,0.0,0.0
2442,False,0.0,0.0,0.0,0.0,0.0
2443,False,0.0,0.0,0.0,0.0,0.0
2444,False,0.0,0.0,0.0,0.0,0.0
2445,False,0.0,0.0,0.0,0.0,0.0
2446,False,0.0,0.0,0.0,0.0,0.0
2447,False,0.0,0.0,0.0,0.0,0.0
2448,False,0.0,0.0,0.0,0.0,0.0
2449,False,0.0,0.0,0.0,0.0,0.0
2450,False,0.0,0.0,0.0,0.0,0.0
2451,False,0.0,0.0,0.0,0.0,0.0
2452,False,0.0,0.0,0.0,0.0,0.0
2453,False,0.0,0.0,0.0,0.0,0.0
2454,False,0.0,0.0,0.0,0.0,0.0
2455,False,0.0,0.0,0.0,0.0,0.0
2456,False,0.0,0.0,0.0,0.0,0.0
2457,False,0.0,0.0,0.0,0.0,0.0
2458,False,0.0,0.0,0.0,0.0,0.0
2459,False,0.0,0.0,0.0,0.0,0.0
2460,False,0.0,0.0,0.0,0.0,0.0
2461,False,0.0,0.0,0.0,0.0,0.0
2462,False,0.0,0.0,0.0,0.0,0.0
2463,False,0.0,0.0,0.0,0.0,0.0
2464,False,0.0,0.0,0.0,0.0,0.0
2465,False,0.0,0.0,0.0,0.0,0.0
2466,False,0.0,0.0,0.0,0.0,0.0
2467,False,0.0,0.0,0.0,0.0,0.0
2468,False,0.0,0.0,0.0,0.0,0.0
2469,False,0.0,0.0,0.0,0.0,0.0
2470,False,0.0,0.0,0.0,0.0,0.0
2471,False,0.0,0.0,0.0,0.0,0.0
2472,False,0.0,0.0,0.0,0.0,0.0
2473,False,0.0,0.0,0.0,0.0,0.0
2474,False,0.0,0.0,0.0,0.0,0.0
2475,False,0.0,0.0,0.0,0.0,0.0
2476,False,0.0,0.0,0.0,0.0,0.0
2477,False,0.0,0.0,0.0,0.0,0.0
2478,False,0.0,0.0,0.0,0.0,0.0
2479,False,0.0,0.0,0.0,0.0,0.0
2480,False,0.0,0.0,0.0,0.0,0.0
2481,False,0.0,0.0,0.0,0.0,0.0
2482,False,0.0,0.0,0.0,0.0,0.0
2483,False,0.0,0.0,0.0,0.0,0.0
2484,False,0.0,0.0,0.0,0.0,0.0
2485,False,0.0,0.0,0.0,0.0,0.0
2486,False,0.0,0.0,0.0,0.0,0.0
2487,False,0.0,0.0,0.0,0.0,0.0
2488,False,0.0,0.0,0.0,0.0,0.0
2489,False,0.0,0.0,0.0,0.0,0.0
2490,False,0.0,0.0,0.0,0.0,0.0
2491,False,0.0,0.0,0.0,0.0,0.0
2492,False,0.0,0.0,0.0,0.0,0.0
2493,False,0.0,0.0,0.0,0.0,0.0
2494,False,0.0,0.0,0.0,0.0,0.0
2495,False,0.0,0.0,0.0,0.0,0.0
2496,False,0.0,0.0,0.0,0.0,0.0
2497,False,0.0,0.0,0.0,0.0,0.0
2498,False,0.0,0.0,0.0,0.0,0.0
2499,False,0.0,0.0,0.0,0.0,0.0
2500,False,0.0,0.0,0.0,0.0,0.0
2501,False,0.0,0.0,0.0,0.0,0.0
2502,False,0.0,0.0,0.0,0.0,0.0
2503,False,0.0,0.0,0.0,0.0,0.0
2504,False,0.0,0.0,0.0,0.0,0.0
2505,False,0.0,0.0,0.0,0.0,0.0
2506,False,0.0,0.0,0.0,0.0,0.0
2507,False,0.0,0.0,0.0,0.0,0.0
2508,False,0.0,0.0,0.0,0.0,0.0
2509,False,0.0,0.0,0.0,0.0,0.0
2510,False,0.0,0.0,0.0,0.0,0.0
2511,False,0.0,0.0,0.0,0.0,0.0
2512,False,0.0,0.0,0.0,0.0,0.0
2513,False,0.0,0.0,0.0,0.0,0.0
2514,True,5.430831432342529,0.270982950925827,0.6223259568214417,0.2097082287073135,0.0343057513236999
2515,False,0.0,0.0,0.0,0.0,0.0
2516,False,0.0,0.0,0.0,0.0,0.0
2517,False,0.0,0.0,0.0,0.0,0.0
2518,False,0.0,0.0,0.0,0.0,0.0
2519,False,0.0,0.0,0.0,0.0,0.0
2520,False,0.0,0.0,0.0,0.0,0.0
2521,False,0.0,0.0,0.0,0.0,0.0
2522,False,0.0,0.0,0.0,0.0,0.0
2523,False,0.0,0.0,0.0,0.0,0.0
2524,False,0.0,0.0,0.0,0.0,0.0
2525,False,0.0,0.0,0.0,0.0,0.0
2526,False,0.0,0.0,0.0,0.0,0.0
2527,False,0.0,0.0,0.0,0.0,0.0
2528,False,0.0,0.0,0.0,0.0,0.0
2529,False,0.0,0.0,0.0,0.0,0.0
2530,False,0.0,0.0,0.0,0.0,0.0
2531,True,4.5732598304748535,0.0301578268408775,0.0123952627182006,0.0278289765119552,0.0354390740394592
2532,False,0.0,0.0,0.0,0.0,0.0
2533,False,0.0,0.0,0.0,0.0,0.0
2534,False,0.0,0.0,0.0,0.0,0.0
2535,True,5.16972541809082,0.549066424369812,0.5563812255859375,0.3778937458992004,0.0315021276473999
2536,False,0.0,0.0,0.0,0.0,0.0
2537,False,0.0,0.0,0.0,0.0,0.0
2538,False,0.0,0.0,0.0,0.0,0.0
2539,False,0.0,0.0,0.0,0.0,0.0
2540,False,0.0,0.0,0.0,0.0,0.0
2541,False,0.0,0.0,0.0,0.0,0.0
2542,False,0.0,0.0,0.0,0.0,0.0
2543,False,0.0,0.0,0.0,0.0,0.0
2544,False,0.0,0.0,0.0,0.0,0.0
2545,False,0.0,0.0,0.0,0.0,0.0
2546,False,0.0,0.0,0.0,0.0,0.0
2547,False,0.0,0.0,0.0,0.0,0.0
2548,False,0.0,0.0,0.0,0.0,0.0
2549,False,0.0,0.0,0.0,0.0,0.0
2550,False,0.0,0.0,0.0,0.0,0.0
2551,True,5.122115612030029,0.3623038530349731,0.3153697848320007,0.2493344992399215,0.0325447618961334
2552,False,0.0,0.0,0.0,0.0,0.0
2553,False,0.0,0.0,0.0,0.0,0.0
2554,False,0.0,0.0,0.0,0.0,0.0
2555,False,0.0,0.0,0.0,0.0,0.0
2556,False,0.0,0.0,0.0,0.0,0.0
2557,False,0.0,0.0,0.0,0.0,0.0
2558,False,0.0,0.0,0.0,0.0,0.0
2559,False,0.0,0.0,0.0,0.0,0.0
2560,False,0.0,0.0,0.0,0.0,0.0
2561,False,0.0,0.0,0.0,0.0,0.0
2562,False,0.0,0.0,0.0,0.0,0.0
2563,False,0.0,0.0,0.0,0.0,0.0
2564,False,0.0,0.0,0.0,0.0,0.0
2565,False,0.0,0.0,0.0,0.0,0.0
2566,False,0.0,0.0,0.0,0.0,0.0
2567,False,0.0,0.0,0.0,0.0,0.0
2568,False,0.0,0.0,0.0,0.0,0.0
2569,False,0.0,0.0,0.0,0.0,0.0
2570,False,0.0,0.0,0.0,0.0,0.0
2571,False,0.0,0.0,0.0,0.0,0.0
2572,False,0.0,0.0,0.0,0.0,0.0
2573,False,0.0,0.0,0.0,0.0,0.0
2574,True,4.847517967224121,0.0389958843588829,0.0107186436653137,0.0276003926992416,0.0436984598636627
2575,False,0.0,0.0,0.0,0.0,0.0
2576,False,0.0,0.0,0.0,0.0,0.0
2577,False,0.0,0.0,0.0,0.0,0.0
2578,False,0.0,0.0,0.0,0.0,0.0
2579,False,0.0,0.0,0.0,0.0,0.0
2580,False,0.0,0.0,0.0,0.0,0.0
2581,False,0.0,0.0,0.0,0.0,0.0
2582,False,0.0,0.0,0.0,0.0,0.0
2583,False,0.0,0.0,0.0,0.0,0.0
2584,False,0.0,0.0,0.0,0.0,0.0
2585,False,0.0,0.0,0.0,0.0,0.0
2586,False,0.0,0.0,0.0,0.0,0.0
2587,False,0.0,0.0,0.0,0.0,0.0
2588,False,0.0,0.0,0.0,0.0,0.0
2589,False,0.0,0.0,0.0,0.0,0.0
2590,False,0.0,0.0,0.0,0.0,0.0
2591,False,0.0,0.0,0.0,0.0,0.0
2592,False,0.0,0.0,0.0,0.0,0.0
2593,False,0.0,0.0,0.0,0.0,0.0
2594,False,0.0,0.0,0.0,0.0,0.0
2595,False,0.0,0.0,0.0,0.0,0.0
2596,False,0.0,0.0,0.0,0.0,0.0
2597,False,0.0,0.0,0.0,0.0,0.0
2598,False,0.0,0.0,0.0,0.0,0.0
2599,False,0.0,0.0,0.0,0.0,0.0
2600,False,0.0,0.0,0.0,0.0,0.0
2601,False,0.0,0.0,0.0,0.0,0.0
2602,False,0.0,0.0,0.0,0.0,0.0
2603,False,0.0,0.0,0.0,0.0,0.0
2604,False,0.0,0.0,0.0,0.0,0.0
2605,False,0.0,0.0,0.0,0.0,0.0
2606,False,0.0,0.0,0.0,0.0,0.0
2607,False,0.0,0.0,0.0,0.0,0.0
2608,False,0.0,0.0,0.0,0.0,0.0
2609,False,0.0,0.0,0.0,0.0,0.0
2610,False,0.0,0.0,0.0,0.0,0.0
2611,False,0.0,0.0,0.0,0.0,0.0
2612,True,4.992641448974609,0.0373924598097801,0.0261579751968383,0.0203409045934677,0.0064817368984222
2613,False,0.0,0.0,0.0,0.0,0.0
2614,False,0.0,0.0,0.0,0.0,0.0
2615,False,0.0,0.0,0.0,0.0,0.0
2616,False,0.0,0.0,0.0,0.0,0.0
2617,False,0.0,0.0,0.0,0.0,0.0
2618,True,4.780689716339111,0.0433792695403099,0.0499107241630554,0.0246538370847702,0.0118273794651031
2619,False,0.0,0.0,0.0,0.0,0.0
2620,False,0.0,0.0,0.0,0.0,0.0
2621,False,0.0,0.0,0.0,0.0,0.0
2622,True,5.18626880645752,0.0348316058516502,0.0270001888275146,0.0208832472562789,0.0057587325572967
2623,False,0.0,0.0,0.0,0.0,0.0
2624,False,0.0,0.0,0.0,0.0,0.0
2625,False,0.0,0.0,0.0,0.0,0.0
2626,False,0.0,0.0,0.0,0.0,0.0
2627,True,6.263757705688477,0.1122729405760765,0.1859286427497863,0.0655826777219772,0.0052181482315063
2628,False,0.0,0.0,0.0,0.0,0.0
2629,False,0.0,0.0,0.0,0.0,0.0
2630,False,0.0,0.0,0.0,0.0,0.0
2631,False,0.0,0.0,0.0,0.0,0.0
2632,False,0.0,0.0,0.0,0.0,0.0
2633,False,0.0,0.0,0.0,0.0,0.0
2634,False,0.0,0.0,0.0,0.0,0.0
2635,False,0.0,0.0,0.0,0.0,0.0
2636,False,0.0,0.0,0.0,0.0,0.0
2637,False,0.0,0.0,0.0,0.0,0.0
2638,False,0.0,0.0,0.0,0.0,0.0
2639,False,0.0,0.0,0.0,0.0,0.0
2640,False,0.0,0.0,0.0,0.0,0.0
2641,False,0.0,0.0,0.0,0.0,0.0
2642,False,0.0,0.0,0.0,0.0,0.0
2643,False,0.0,0.0,0.0,0.0,0.0
2644,True,4.706247806549072,0.0403720960021019,0.0248047113418579,0.0204065293073654,0.0065104961395263
2645,False,0.0,0.0,0.0,0.0,0.0
2646,False,0.0,0.0,0.0,0.0,0.0
2647,True,5.369177341461182,0.031517170369625,0.0079227685928344,0.0110450834035873,0.0081994235515594
2648,False,0.0,0.0,0.0,0.0,0.0
2649,False,0.0,0.0,0.0,0.0,0.0
2650,False,0.0,0.0,0.0,0.0,0.0
2651,False,0.0,0.0,0.0,0.0,0.0
2652,False,0.0,0.0,0.0,0.0,0.0
2653,False,0.0,0.0,0.0,0.0,0.0
2654,False,0.0,0.0,0.0,0.0,0.0
2655,False,0.0,0.0,0.0,0.0,0.0
2656,True,4.9926438331604,0.12181206792593,0.1787669658660888,0.0773994177579879,0.0142755806446075
2657,False,0.0,0.0,0.0,0.0,0.0
2658,False,0.0,0.0,0.0,0.0,0.0
2659,False,0.0,0.0,0.0,0.0,0.0
2660,False,0.0,0.0,0.0,0.0,0.0
2661,False,0.0,0.0,0.0,0.0,0.0
2662,False,0.0,0.0,0.0,0.0,0.0
2663,False,0.0,0.0,0.0,0.0,0.0
2664,False,0.0,0.0,0.0,0.0,0.0
2665,False,0.0,0.0,0.0,0.0,0.0
2666,True,4.7762064933776855,0.0336404666304588,0.0272603034973144,0.023264929652214,0.0083696246147155
2667,False,0.0,0.0,0.0,0.0,0.0
2668,False,0.0,0.0,0.0,0.0,0.0
2669,False,0.0,0.0,0.0,0.0,0.0
2670,False,0.0,0.0,0.0,0.0,0.0
2671,False,0.0,0.0,0.0,0.0,0.0
2672,False,0.0,0.0,0.0,0.0,0.0
2673,False,0.0,0.0,0.0,0.0,0.0
2674,False,0.0,0.0,0.0,0.0,0.0
2675,False,0.0,0.0,0.0,0.0,0.0
2676,False,0.0,0.0,0.0,0.0,0.0
2677,True,5.741786479949951,0.1083539351820945,0.1772715449333191,0.0799627155065536,0.0134650468826293
2678,False,0.0,0.0,0.0,0.0,0.0
2679,False,0.0,0.0,0.0,0.0,0.0
2680,False,0.0,0.0,0.0,0.0,0.0
2681,False,0.0,0.0,0.0,0.0,0.0
2682,False,0.0,0.0,0.0,0.0,0.0
2683,False,0.0,0.0,0.0,0.0,0.0
2684,False,0.0,0.0,0.0,0.0,0.0
2685,False,0.0,0.0,0.0,0.0,0.0
2686,False,0.0,0.0,0.0,0.0,0.0
2687,True,4.985343456268311,0.0328106507658958,0.0297006368637084,0.0168735235929489,0.0084800124168396
2688,True,5.04674768447876,0.0304714664816856,0.025089144706726,0.0221645683050155,0.0069667696952819
2689,False,0.0,0.0,0.0,0.0,0.0
2690,False,0.0,0.0,0.0,0.0,0.0
2691,False,0.0,0.0,0.0,0.0,0.0
2692,False,0.0,0.0,0.0,0.0,0.0
2693,False,0.0,0.0,0.0,0.0,0.0
2694,False,0.0,0.0,0.0,0.0,0.0
2695,False,0.0,0.0,0.0,0.0,0.0
2696,False,0.0,0.0,0.0,0.0,0.0
2697,False,0.0,0.0,0.0,0.0,0.0
2698,False,0.0,0.0,0.0,0.0,0.0
2699,True,5.1561384201049805,0.0188459977507591,0.0189669132232666,0.0162303894758224,0.0065165162086486
2700,False,0.0,0.0,0.0,0.0,0.0
2701,False,0.0,0.0,0.0,0.0,0.0
2702,False,0.0,0.0,0.0,0.0,0.0
2703,True,5.620884418487549,0.0636849626898765,0.0965950489044189,0.0300534814596176,0.0114183127880096
2704,False,0.0,0.0,0.0,0.0,0.0
2705,True,5.3655924797058105,0.0431038364768028,0.0715570449829101,0.0243741124868392,0.0094838738441467
2706,False,0.0,0.0,0.0,0.0,0.0
2707,False,0.0,0.0,0.0,0.0,0.0
2708,False,0.0,0.0,0.0,0.0,0.0
2709,False,0.0,0.0,0.0,0.0,0.0
2710,False,0.0,0.0,0.0,0.0,0.0
2711,False,0.0,0.0,0.0,0.0,0.0
2712,False,0.0,0.0,0.0,0.0,0.0
2713,False,0.0,0.0,0.0,0.0,0.0
2714,False,0.0,0.0,0.0,0.0,0.0
2715,False,0.0,0.0,0.0,0.0,0.0
2716,True,5.013662815093994,0.0413130745291709,0.024566650390625,0.0232404321432113,0.0060663223266601
2717,False,0.0,0.0,0.0,0.0,0.0
2718,False,0.0,0.0,0.0,0.0,0.0
2719,False,0.0,0.0,0.0,0.0,0.0
2720,False,0.0,0.0,0.0,0.0,0.0
2721,False,0.0,0.0,0.0,0.0,0.0
2722,False,0.0,0.0,0.0,0.0,0.0
2723,False,0.0,0.0,0.0,0.0,0.0
2724,False,0.0,0.0,0.0,0.0,0.0
2725,False,0.0,0.0,0.0,0.0,0.0
2726,True,5.399780750274658,0.038443349301815,0.0203353762626647,0.019353374838829,0.0077852606773376
2727,False,0.0,0.0,0.0,0.0,0.0
2728,False,0.0,0.0,0.0,0.0,0.0
2729,False,0.0,0.0,0.0,0.0,0.0
2730,False,0.0,0.0,0.0,0.0,0.0
2731,True,6.264664173126221,0.0866000279784202,0.1813893914222717,0.0583021491765975,0.0073165297508239
2732,False,0.0,0.0,0.0,0.0,0.0
2733,False,0.0,0.0,0.0,0.0,0.0
2734,False,0.0,0.0,0.0,0.0,0.0
2735,True,5.264983654022217,0.0186963900923728,0.0024235248565673,0.0097460597753524,0.007818579673767
2736,False,0.0,0.0,0.0,0.0,0.0
2737,False,0.0,0.0,0.0,0.0,0.0
2738,False,0.0,0.0,0.0,0.0,0.0
2739,False,0.0,0.0,0.0,0.0,0.0
2740,True,4.805018424987793,0.0643135532736778,0.0796868801116943,0.0326475948095321,0.0108391344547271
2741,False,0.0,0.0,0.0,0.0,0.0
2742,True,4.575026035308838,0.0103447660803794,0.0051323771476745,0.0103062838315963,0.0096059441566467
2743,False,0.0,0.0,0.0,0.0,0.0
2744,False,0.0,0.0,0.0,0.0,0.0
2745,False,0.0,0.0,0.0,0.0,0.0
2746,False,0.0,0.0,0.0,0.0,0.0
2747,False,0.0,0.0,0.0,0.0,0.0
2748,False,0.0,0.0,0.0,0.0,0.0
2749,False,0.0,0.0,0.0,0.0,0.0
2750,False,0.0,0.0,0.0,0.0,0.0
2751,False,0.0,0.0,0.0,0.0,0.0
2752,False,0.0,0.0,0.0,0.0,0.0
2753,False,0.0,0.0,0.0,0.0,0.0
2754,False,0.0,0.0,0.0,0.0,0.0
2755,False,0.0,0.0,0.0,0.0,0.0
2756,False,0.0,0.0,0.0,0.0,0.0
2757,False,0.0,0.0,0.0,0.0,0.0
2758,False,0.0,0.0,0.0,0.0,0.0
2759,True,5.16886568069458,0.0344459041953086,0.0277695655822753,0.0190015882253646,0.0057476162910461
2760,True,5.258908748626709,0.0350039228796958,0.0410882830619812,0.0214465111494064,0.006660372018814
2761,True,6.211047172546387,0.1494754254817962,0.181256890296936,0.0644194930791854,0.0078692734241485
2762,True,5.2388434410095215,0.0654936656355857,0.0837034583091735,0.0343165248632431,0.0066612064838409
2763,False,0.0,0.0,0.0,0.0,0.0
2764,False,0.0,0.0,0.0,0.0,0.0
2765,False,0.0,0.0,0.0,0.0,0.0
2766,False,0.0,0.0,0.0,0.0,0.0
2767,False,0.0,0.0,0.0,0.0,0.0
2768,False,0.0,0.0,0.0,0.0,0.0
2769,False,0.0,0.0,0.0,0.0,0.0
2770,True,4.808051109313965,0.0406039580702781,0.0410029888153076,0.0252449959516525,0.0101563930511474
2771,False,0.0,0.0,0.0,0.0,0.0
2772,True,3.3094160556793213,0.1147894486784935,0.1098753213882446,0.0528707355260849,0.0092157125473022
2773,False,0.0,0.0,0.0,0.0,0.0
2774,False,0.0,0.0,0.0,0.0,0.0
2775,False,0.0,0.0,0.0,0.0,0.0
2776,False,0.0,0.0,0.0,0.0,0.0
2777,False,0.0,0.0,0.0,0.0,0.0
2778,False,0.0,0.0,0.0,0.0,0.0
2779,False,0.0,0.0,0.0,0.0,0.0
2780,False,0.0,0.0,0.0,0.0,0.0
2781,True,4.7490410804748535,0.0385598763823509,0.0267645120620727,0.0201071351766586,0.0080063939094543
2782,False,0.0,0.0,0.0,0.0,0.0
2783,True,5.197515964508057,0.0583393797278404,0.0666665434837341,0.0286587327718734,0.0061482489109039
2784,False,0.0,0.0,0.0,0.0,0.0
2785,False,0.0,0.0,0.0,0.0,0.0
2786,False,0.0,0.0,0.0,0.0,0.0
2787,False,0.0,0.0,0.0,0.0,0.0
2788,False,0.0,0.0,0.0,0.0,0.0
2789,False,0.0,0.0,0.0,0.0,0.0
2790,True,3.212246894836426,0.0417520627379417,0.0532420873641967,0.0229066461324691,0.0128233730792999
2791,False,0.0,0.0,0.0,0.0,0.0
2792,False,0.0,0.0,0.0,0.0,0.0
2793,False,0.0,0.0,0.0,0.0,0.0
2794,False,0.0,0.0,0.0,0.0,0.0
2795,False,0.0,0.0,0.0,0.0,0.0
2796,False,0.0,0.0,0.0,0.0,0.0
2797,False,0.0,0.0,0.0,0.0,0.0
2798,False,0.0,0.0,0.0,0.0,0.0
2799,True,5.029946327209473,0.0475586876273155,0.0306850671768188,0.0238878577947616,0.0065809488296508
2800,False,0.0,0.0,0.0,0.0,0.0
2801,False,0.0,0.0,0.0,0.0,0.0
2802,False,0.0,0.0,0.0,0.0,0.0
2803,False,0.0,0.0,0.0,0.0,0.0
2804,False,0.0,0.0,0.0,0.0,0.0
2805,False,0.0,0.0,0.0,0.0,0.0
2806,False,0.0,0.0,0.0,0.0,0.0
2807,False,0.0,0.0,0.0,0.0,0.0
2808,False,0.0,0.0,0.0,0.0,0.0
2809,False,0.0,0.0,0.0,0.0,0.0
2810,False,0.0,0.0,0.0,0.0,0.0
2811,False,0.0,0.0,0.0,0.0,0.0
2812,False,0.0,0.0,0.0,0.0,0.0
2813,False,0.0,0.0,0.0,0.0,0.0
2814,False,0.0,0.0,0.0,0.0,0.0
2815,False,0.0,0.0,0.0,0.0,0.0
2816,False,0.0,0.0,0.0,0.0,0.0
2817,False,0.0,0.0,0.0,0.0,0.0
2818,False,0.0,0.0,0.0,0.0,0.0
2819,False,0.0,0.0,0.0,0.0,0.0
2820,False,0.0,0.0,0.0,0.0,0.0
2821,False,0.0,0.0,0.0,0.0,0.0
2822,False,0.0,0.0,0.0,0.0,0.0
2823,False,0.0,0.0,0.0,0.0,0.0
2824,False,0.0,0.0,0.0,0.0,0.0
2825,False,0.0,0.0,0.0,0.0,0.0
2826,False,0.0,0.0,0.0,0.0,0.0
2827,True,5.2499165534973145,0.0510165318846702,0.0491824150085449,0.0247195810079574,0.008122831583023
2828,False,0.0,0.0,0.0,0.0,0.0
2829,False,0.0,0.0,0.0,0.0,0.0
2830,False,0.0,0.0,0.0,0.0,0.0
2831,False,0.0,0.0,0.0,0.0,0.0
2832,False,0.0,0.0,0.0,0.0,0.0
2833,False,0.0,0.0,0.0,0.0,0.0
2834,False,0.0,0.0,0.0,0.0,0.0
2835,True,5.067240238189697,0.0374058708548545,0.0358803272247314,0.0232201665639877,0.0073658823966979
2836,False,0.0,0.0,0.0,0.0,0.0
2837,False,0.0,0.0,0.0,0.0,0.0
2838,False,0.0,0.0,0.0,0.0,0.0
2839,False,0.0,0.0,0.0,0.0,0.0
2840,False,0.0,0.0,0.0,0.0,0.0
2841,True,1.101478099822998,0.036228023469448,0.053402304649353,0.0301621407270431,0.0211486518383026
2842,False,0.0,0.0,0.0,0.0,0.0
2843,False,0.0,0.0,0.0,0.0,0.0
2844,True,0.5735970735549927,0.0393686518073082,0.0360784530639648,0.0191446393728256,0.0205848813056945
2845,False,0.0,0.0,0.0,0.0,0.0
2846,False,0.0,0.0,0.0,0.0,0.0
2847,False,0.0,0.0,0.0,0.0,0.0
2848,False,0.0,0.0,0.0,0.0,0.0
2849,False,0.0,0.0,0.0,0.0,0.0
2850,False,0.0,0.0,0.0,0.0,0.0
2851,False,0.0,0.0,0.0,0.0,0.0
2852,False,0.0,0.0,0.0,0.0,0.0
2853,False,0.0,0.0,0.0,0.0,0.0
2854,False,0.0,0.0,0.0,0.0,0.0
2855,False,0.0,0.0,0.0,0.0,0.0
2856,False,0.0,0.0,0.0,0.0,0.0
2857,False,0.0,0.0,0.0,0.0,0.0
2858,True,0.5959370136260986,0.051038883626461,0.0500125288963317,0.022657498717308,0.0102964639663696
2859,False,0.0,0.0,0.0,0.0,0.0
2860,False,0.0,0.0,0.0,0.0,0.0
2861,False,0.0,0.0,0.0,0.0,0.0
2862,False,0.0,0.0,0.0,0.0,0.0
2863,False,0.0,0.0,0.0,0.0,0.0
2864,False,0.0,0.0,0.0,0.0,0.0
2865,False,0.0,0.0,0.0,0.0,0.0
2866,False,0.0,0.0,0.0,0.0,0.0
2867,False,0.0,0.0,0.0,0.0,0.0
2868,False,0.0,0.0,0.0,0.0,0.0
2869,False,0.0,0.0,0.0,0.0,0.0
2870,False,0.0,0.0,0.0,0.0,0.0
2871,False,0.0,0.0,0.0,0.0,0.0
2872,False,0.0,0.0,0.0,0.0,0.0
2873,True,0.583081066608429,0.0438585504889488,0.0315499305725097,0.0256685465574264,0.0144852697849273
2874,False,0.0,0.0,0.0,0.0,0.0
2875,False,0.0,0.0,0.0,0.0,0.0
2876,False,0.0,0.0,0.0,0.0,0.0
2877,False,0.0,0.0,0.0,0.0,0.0
2878,False,0.0,0.0,0.0,0.0,0.0
2879,False,0.0,0.0,0.0,0.0,0.0
2880,False,0.0,0.0,0.0,0.0,0.0
2881,False,0.0,0.0,0.0,0.0,0.0
2882,False,0.0,0.0,0.0,0.0,0.0
2883,False,0.0,0.0,0.0,0.0,0.0
2884,False,0.0,0.0,0.0,0.0,0.0
2885,False,0.0,0.0,0.0,0.0,0.0
2886,False,0.0,0.0,0.0,0.0,0.0
2887,False,0.0,0.0,0.0,0.0,0.0
2888,True,0.6025022864341736,0.044313333928585,0.038658857345581,0.0251160115003585,0.0107625722885131
2889,False,0.0,0.0,0.0,0.0,0.0
2890,False,0.0,0.0,0.0,0.0,0.0
2891,False,0.0,0.0,0.0,0.0,0.0
2892,False,0.0,0.0,0.0,0.0,0.0
2893,False,0.0,0.0,0.0,0.0,0.0
2894,True,0.6520542502403259,0.0500524267554283,0.0524685978889465,0.032508835196495,0.00376558303833
2895,True,2.49727725982666,0.0280844792723655,0.0019695162773132,0.0160624831914901,0.0175136923789978
2896,False,0.0,0.0,0.0,0.0,0.0
2897,False,0.0,0.0,0.0,0.0,0.0
2898,False,0.0,0.0,0.0,0.0,0.0
2899,False,0.0,0.0,0.0,0.0,0.0
2900,False,0.0,0.0,0.0,0.0,0.0
2901,False,0.0,0.0,0.0,0.0,0.0
2902,False,0.0,0.0,0.0,0.0,0.0
2903,False,0.0,0.0,0.0,0.0,0.0
2904,False,0.0,0.0,0.0,0.0,0.0
2905,False,0.0,0.0,0.0,0.0,0.0
2906,False,0.0,0.0,0.0,0.0,0.0
2907,False,0.0,0.0,0.0,0.0,0.0
2908,False,0.0,0.0,0.0,0.0,0.0
2909,True,1.067110300064087,0.0565895065665245,0.0308173894882202,0.0167163461446762,0.0160555243492126
2910,False,0.0,0.0,0.0,0.0,0.0
2911,True,0.6728498935699463,0.2597396075725555,0.2633839249610901,0.1156667321920394,0.2464143633842468
2912,False,0.0,0.0,0.0,0.0,0.0
2913,False,0.0,0.0,0.0,0.0,0.0
2914,True,0.6252055764198303,0.686637818813324,0.6623687744140625,0.3315399885177612,0.0285015702247619
2915,False,0.0,0.0,0.0,0.0,0.0
2916,True,0.9258582592010498,0.1186208352446556,0.0515097379684448,0.0382423251867294,0.0784371793270111
2917,False,0.0,0.0,0.0,0.0,0.0
2918,False,0.0,0.0,0.0,0.0,0.0
2919,False,0.0,0.0,0.0,0.0,0.0
2920,False,0.0,0.0,0.0,0.0,0.0
2921,False,0.0,0.0,0.0,0.0,0.0
2922,True,0.7130420207977295,0.2730871140956878,0.2630629539489746,0.1224281936883926,0.2343031466007232
2923,False,0.0,0.0,0.0,0.0,0.0
2924,True,0.5747215151786804,0.0498015508055686,0.0388308763504028,0.0158651322126388,0.0200398564338684
2925,False,0.0,0.0,0.0,0.0,0.0
2926,False,0.0,0.0,0.0,0.0,0.0
2927,True,0.585666298866272,0.0653474554419517,0.0573175549507141,0.0297619551420211,0.0068655610084533
2928,False,0.0,0.0,0.0,0.0,0.0
2929,False,0.0,0.0,0.0,0.0,0.0
2930,False,0.0,0.0,0.0,0.0,0.0
2931,False,0.0,0.0,0.0,0.0,0.0
2932,True,0.6680246591567993,0.2509948015213012,0.2744563221931457,0.0685865730047226,0.2835787832736969
2933,False,0.0,0.0,0.0,0.0,0.0
2934,False,0.0,0.0,0.0,0.0,0.0
2935,False,0.0,0.0,0.0,0.0,0.0
2936,False,0.0,0.0,0.0,0.0,0.0
2937,False,0.0,0.0,0.0,0.0,0.0
2938,True,1.06050705909729,0.0443234667181968,0.03315269947052,0.0155717581510543,0.0057695508003234
2939,False,0.0,0.0,0.0,0.0,0.0
2940,False,0.0,0.0,0.0,0.0,0.0
2941,False,0.0,0.0,0.0,0.0,0.0
2942,False,0.0,0.0,0.0,0.0,0.0
2943,False,0.0,0.0,0.0,0.0,0.0
2944,False,0.0,0.0,0.0,0.0,0.0
2945,False,0.0,0.0,0.0,0.0,0.0
2946,False,0.0,0.0,0.0,0.0,0.0
2947,False,0.0,0.0,0.0,0.0,0.0
2948,False,0.0,0.0,0.0,0.0,0.0
2949,False,0.0,0.0,0.0,0.0,0.0
2950,False,0.0,0.0,0.0,0.0,0.0
2951,False,0.0,0.0,0.0,0.0,0.0
2952,True,0.6039467453956604,0.2414253056049347,0.1437148451805114,0.1282660812139511,0.2566225826740265
2953,True,1.0756181478500366,0.0447603687644004,0.0319510698318481,0.0199609845876693,0.0099095106124877
2954,False,0.0,0.0,0.0,0.0,0.0
2955,False,0.0,0.0,0.0,0.0,0.0
2956,False,0.0,0.0,0.0,0.0,0.0
2957,False,0.0,0.0,0.0,0.0,0.0
2958,False,0.0,0.0,0.0,0.0,0.0
2959,False,0.0,0.0,0.0,0.0,0.0
2960,False,0.0,0.0,0.0,0.0,0.0
2961,False,0.0,0.0,0.0,0.0,0.0
2962,False,0.0,0.0,0.0,0.0,0.0
2963,False,0.0,0.0,0.0,0.0,0.0
2964,True,0.5870047807693481,0.0523778423666954,0.050607681274414,0.0243217796087265,0.0021827220916748
2965,False,0.0,0.0,0.0,0.0,0.0
2966,False,0.0,0.0,0.0,0.0,0.0
2967,False,0.0,0.0,0.0,0.0,0.0
2968,False,0.0,0.0,0.0,0.0,0.0
2969,False,0.0,0.0,0.0,0.0,0.0
2970,False,0.0,0.0,0.0,0.0,0.0
2971,False,0.0,0.0,0.0,0.0,0.0
2972,False,0.0,0.0,0.0,0.0,0.0
2973,False,0.0,0.0,0.0,0.0,0.0
2974,False,0.0,0.0,0.0,0.0,0.0
2975,False,0.0,0.0,0.0,0.0,0.0
2976,False,0.0,0.0,0.0,0.0,0.0
2977,False,0.0,0.0,0.0,0.0,0.0
2978,False,0.0,0.0,0.0,0.0,0.0
2979,False,0.0,0.0,0.0,0.0,0.0
2980,False,0.0,0.0,0.0,0.0,0.0
2981,True,1.08231520652771,0.1612848937511444,0.0752623677253723,0.0532194226980209,0.0858073830604553
2982,False,0.0,0.0,0.0,0.0,0.0
2983,False,0.0,0.0,0.0,0.0,0.0
2984,False,0.0,0.0,0.0,0.0,0.0
2985,False,0.0,0.0,0.0,0.0,0.0
2986,False,0.0,0.0,0.0,0.0,0.0
2987,False,0.0,0.0,0.0,0.0,0.0
2988,False,0.0,0.0,0.0,0.0,0.0
2989,False,0.0,0.0,0.0,0.0,0.0
2990,False,0.0,0.0,0.0,0.0,0.0
2991,False,0.0,0.0,0.0,0.0,0.0
2992,False,0.0,0.0,0.0,0.0,0.0
2993,False,0.0,0.0,0.0,0.0,0.0
2994,False,0.0,0.0,0.0,0.0,0.0
2995,False,0.0,0.0,0.0,0.0,0.0
2996,True,1.0952119827270508,0.0477313622832298,0.0333583354949951,0.0038183778524398,0.0081822872161865
2997,False,0.0,0.0,0.0,0.0,0.0
2998,True,2.106450080871582,0.0251885280013084,0.012599766254425,0.022365316748619,0.0099835395812988
2999,False,0.0,0.0,0.0,0.0,0.0
3000,False,0.0,0.0,0.0,0.0,0.0
3001,False,0.0,0.0,0.0,0.0,0.0
3002,False,0.0,0.0,0.0,0.0,0.0
3003,False,0.0,0.0,0.0,0.0,0.0
3004,False,0.0,0.0,0.0,0.0,0.0
3005,False,0.0,0.0,0.0,0.0,0.0
3006,False,0.0,0.0,0.0,0.0,0.0
3007,False,0.0,0.0,0.0,0.0,0.0
3008,False,0.0,0.0,0.0,0.0,0.0
3009,False,0.0,0.0,0.0,0.0,0.0
3010,False,0.0,0.0,0.0,0.0,0.0
3011,False,0.0,0.0,0.0,0.0,0.0
3012,False,0.0,0.0,0.0,0.0,0.0
3013,False,0.0,0.0,0.0,0.0,0.0
3014,False,0.0,0.0,0.0,0.0,0.0
3015,False,0.0,0.0,0.0,0.0,0.0
3016,False,0.0,0.0,0.0,0.0,0.0
3017,False,0.0,0.0,0.0,0.0,0.0
3018,False,0.0,0.0,0.0,0.0,0.0
3019,False,0.0,0.0,0.0,0.0,0.0
3020,True,2.783559083938598,0.028690718114376,0.0106624960899353,0.0156917423009872,0.2263299524784088
3021,False,0.0,0.0,0.0,0.0,0.0
3022,False,0.0,0.0,0.0,0.0,0.0
3023,False,0.0,0.0,0.0,0.0,0.0
3024,False,0.0,0.0,0.0,0.0,0.0
3025,False,0.0,0.0,0.0,0.0,0.0
3026,False,0.0,0.0,0.0,0.0,0.0
3027,True,3.445868492126465,0.2720370292663574,0.6242666244506836,0.1757300645112991,0.4526497423648834
3028,False,0.0,0.0,0.0,0.0,0.0
3029,True,3.810288190841675,0.6283787488937378,0.6437540650367737,0.4127182960510254,0.2064001262187957
3030,False,0.0,0.0,0.0,0.0,0.0
3031,False,0.0,0.0,0.0,0.0,0.0
3032,False,0.0,0.0,0.0,0.0,0.0
3033,True,2.928826332092285,0.059787593781948,0.0475549697875976,0.0479917377233505,0.2508860528469085
3034,True,2.851202726364136,0.1227607950568199,0.2294480204582214,0.0572406500577926,0.3975527286529541
3035,True,1.80170738697052,0.3020893037319183,0.6076666116714478,0.195601612329483,0.2717455327510834
3036,False,0.0,0.0,0.0,0.0,0.0
3037,True,2.9513702392578125,0.0550883039832115,0.0320551395416259,0.0233343094587326,0.4010373651981354
3038,True,3.404348373413086,0.2954908311367035,0.6296436786651611,0.1950378566980362,0.2364297062158584
3039,False,0.0,0.0,0.0,0.0,0.0
3040,False,0.0,0.0,0.0,0.0,0.0
3041,True,3.463547706604004,0.3022503554821014,0.656890869140625,0.2050210237503051,0.2097302377223968
3042,True,2.930315494537353,0.0764550194144249,0.1015952229499816,0.053028330206871,0.2934794425964355
3043,False,0.0,0.0,0.0,0.0,0.0
3044,False,0.0,0.0,0.0,0.0,0.0
3045,False,0.0,0.0,0.0,0.0,0.0
3046,False,0.0,0.0,0.0,0.0,0.0
3047,True,2.409860372543335,0.0155027732253074,0.0060064792633056,0.0084821432828903,0.0987187623977661
3048,True,2.837682247161865,0.0502010807394981,0.0535258650779724,0.0267518609762191,0.2678376138210296
3049,False,0.0,0.0,0.0,0.0,0.0
3050,False,0.0,0.0,0.0,0.0,0.0
3051,True,2.7927701473236084,0.054665170609951,0.0675356388092041,0.0349060148000717,0.4893456101417541
3052,False,0.0,0.0,0.0,0.0,0.0
3053,False,0.0,0.0,0.0,0.0,0.0
3054,False,0.0,0.0,0.0,0.0,0.0
3055,False,0.0,0.0,0.0,0.0,0.0
3056,False,0.0,0.0,0.0,0.0,0.0
3057,True,3.6224172115325928,0.3485859334468841,0.6669828295707703,0.2173708379268646,0.4621065557003021
3058,False,0.0,0.0,0.0,0.0,0.0
3059,True,3.936991214752197,0.6637358665466309,0.6582078337669373,0.4413357377052307,0.1975204199552536
3060,True,3.5973575115203857,0.3159980475902557,0.6721372604370117,0.2246442139148712,0.2404501438140869
3061,False,0.0,0.0,0.0,0.0,0.0
3062,True,3.0728635787963867,0.053235076367855,0.0283436775207519,0.0326981395483017,0.359702318906784
3063,True,3.4636924266815186,0.0700946077704429,0.0468337535858154,0.0439730733633041,0.2783951461315155
3064,True,2.333049058914185,0.3231026828289032,0.6364544630050659,0.2019070088863372,0.3265113234519958
3065,True,2.390348196029663,0.3129930794239044,0.6722332239151001,0.2186538726091385,0.3198002278804779
3066,True,3.475764751434326,0.4129298329353332,0.3049535155296325,0.2655579745769501,0.2763709425926208
3067,True,3.255946636199951,0.2729261517524719,0.6386322975158691,0.1557696610689163,0.4432311654090881
3068,False,0.0,0.0,0.0,0.0,0.0
3069,True,3.458372116088867,0.0734769329428672,0.0614621639251709,0.0530852824449539,0.2641922533512115
3070,False,0.0,0.0,0.0,0.0,0.0
3071,False,0.0,0.0,0.0,0.0,0.0
3072,False,0.0,0.0,0.0,0.0,0.0
3073,True,3.561930179595948,0.1016854867339134,0.0968267321586608,0.1041145175695419,0.3921271562576294
3074,False,0.0,0.0,0.0,0.0,0.0
3075,False,0.0,0.0,0.0,0.0,0.0
3076,False,0.0,0.0,0.0,0.0,0.0
3077,False,0.0,0.0,0.0,0.0,0.0
3078,False,0.0,0.0,0.0,0.0,0.0
3079,False,0.0,0.0,0.0,0.0,0.0
3080,False,0.0,0.0,0.0,0.0,0.0
3081,False,0.0,0.0,0.0,0.0,0.0
3082,False,0.0,0.0,0.0,0.0,0.0
3083,False,0.0,0.0,0.0,0.0,0.0
3084,False,0.0,0.0,0.0,0.0,0.0
3085,True,3.4540047645568848,0.070600114762783,0.0568163990974426,0.0487294048070907,0.2663909494876861
3086,False,0.0,0.0,0.0,0.0,0.0
3087,False,0.0,0.0,0.0,0.0,0.0
3088,True,1.8175514936447144,0.0156723484396934,0.0063626766204833,0.0071649998426437,0.2182565778493881
3089,False,0.0,0.0,0.0,0.0,0.0
3090,False,0.0,0.0,0.0,0.0,0.0
3091,True,2.689507484436035,0.0410774573683738,0.0491441488265991,0.0098548382520675,0.492310881614685
3092,False,0.0,0.0,0.0,0.0,0.0
3093,False,0.0,0.0,0.0,0.0,0.0
3094,False,0.0,0.0,0.0,0.0,0.0
3095,False,0.0,0.0,0.0,0.0,0.0
3096,False,0.0,0.0,0.0,0.0,0.0
3097,False,0.0,0.0,0.0,0.0,0.0
3098,False,0.0,0.0,0.0,0.0,0.0
3099,True,1.7438315153121948,0.2858930230140686,0.6183730959892273,0.1844519078731537,0.2869898080825805
3100,False,0.0,0.0,0.0,0.0,0.0
3101,False,0.0,0.0,0.0,0.0,0.0
3102,False,0.0,0.0,0.0,0.0,0.0
3103,True,2.1405725479125977,0.0070840343832969,0.0049524307250976,0.0100864022970199,0.2533714473247528
3104,True,2.994027614593506,0.3226540088653564,0.6416033506393433,0.2085255533456802,0.230023518204689
3105,False,0.0,0.0,0.0,0.0,0.0
3106,False,0.0,0.0,0.0,0.0,0.0
3107,True,2.7109289169311523,0.3018180131912231,0.6298121213912964,0.1979165971279144,0.3487851321697235
3108,False,0.0,0.0,0.0,0.0,0.0
3109,False,0.0,0.0,0.0,0.0,0.0
3110,False,0.0,0.0,0.0,0.0,0.0
3111,False,0.0,0.0,0.0,0.0,0.0
3112,False,0.0,0.0,0.0,0.0,0.0
3113,False,0.0,0.0,0.0,0.0,0.0
3114,False,0.0,0.0,0.0,0.0,0.0
3115,False,0.0,0.0,0.0,0.0,0.0
3116,False,0.0,0.0,0.0,0.0,0.0
3117,False,0.0,0.0,0.0,0.0,0.0
3118,True,2.4949758052825928,0.0189273580908775,0.0044517517089843,0.0090445131063461,0.3341053426265716
3119,False,0.0,0.0,0.0,0.0,0.0
3120,True,3.884048461914064,0.3413094580173492,0.6552609205245972,0.2277518212795257,0.2554153203964233
3121,False,0.0,0.0,0.0,0.0,0.0
3122,False,0.0,0.0,0.0,0.0,0.0
3123,False,0.0,0.0,0.0,0.0,0.0
3124,False,0.0,0.0,0.0,0.0,0.0
3125,False,0.0,0.0,0.0,0.0,0.0
3126,True,2.8292150497436523,0.3112101256847381,0.6221717596054077,0.202600672841072,0.2439509928226471
3127,True,3.629297256469727,0.3024353682994842,0.6392310857772827,0.2287285923957824,0.4089071750640869
3128,True,2.980670928955078,0.5460991859436035,0.6427755355834961,0.2995339035987854,0.0721592903137207
3129,True,3.046550035476685,0.311840683221817,0.6434313058853149,0.2117449641227722,0.218200534582138
3130,False,0.0,0.0,0.0,0.0,0.0
3131,False,0.0,0.0,0.0,0.0,0.0
3132,False,0.0,0.0,0.0,0.0,0.0
3133,True,2.173460960388184,0.0210269913077354,0.00614994764328,0.0062354654073715,0.2552883923053741
3134,False,0.0,0.0,0.0,0.0,0.0
3135,False,0.0,0.0,0.0,0.0,0.0
3136,True,2.906103610992432,0.0450535044074058,0.0258927941322326,0.0481937974691391,0.2840475738048553
3137,True,3.2796053886413574,0.5399428606033325,0.6486549377441406,0.286718875169754,0.1366448700428009
3138,False,0.0,0.0,0.0,0.0,0.0
3139,True,3.7836318016052246,0.3397447466850281,0.6747468113899231,0.230698674917221,0.3104338943958282
3140,True,2.808729648590088,0.0557047352194786,0.1069416999816894,0.0381185859441757,0.2427467107772827
3141,True,3.5847959518432617,0.0903902277350425,0.0706349611282348,0.0790507644414901,0.282798707485199
3142,False,0.0,0.0,0.0,0.0,0.0
3143,False,0.0,0.0,0.0,0.0,0.0
3144,True,2.160130262374878,0.0378149971365928,0.0064377784729003,0.012062057852745,0.1854468435049057
3145,False,0.0,0.0,0.0,0.0,0.0
3146,False,0.0,0.0,0.0,0.0,0.0
3147,False,0.0,0.0,0.0,0.0,0.0
3148,False,0.0,0.0,0.0,0.0,0.0
3149,False,0.0,0.0,0.0,0.0,0.0
3150,False,0.0,0.0,0.0,0.0,0.0
3151,False,0.0,0.0,0.0,0.0,0.0
3152,False,0.0,0.0,0.0,0.0,0.0
3153,True,4.026844501495361,0.0167072638869285,0.004750907421112,0.0116755813360214,0.0572807788848876
3154,False,0.0,0.0,0.0,0.0,0.0
3155,True,4.282039642333984,0.0327323302626609,0.0080580711364746,0.0154429525136947,0.0658702552318573
3156,False,0.0,0.0,0.0,0.0,0.0
3157,False,0.0,0.0,0.0,0.0,0.0
3158,False,0.0,0.0,0.0,0.0,0.0
3159,False,0.0,0.0,0.0,0.0,0.0
3160,True,5.296144008636475,0.2556740939617157,0.2469624280929565,0.1695120185613632,0.0896074175834655
3161,True,3.7373299598693848,0.0159901604056358,0.0073408484458923,0.0122874826192855,0.0404148995876312
3162,False,0.0,0.0,0.0,0.0,0.0
3163,True,4.201030731201172,0.0254481062293052,0.0091214776039123,0.0147450417280197,0.0582315921783447
3164,True,4.090726852416992,0.043115995824337,0.0248011350631713,0.0179414004087448,0.0684834420680999
3165,True,3.960104465484619,0.0149849876761436,0.0079210400581359,0.0127423256635665,0.0417762398719787
3166,True,3.801452159881592,0.2185635268688202,0.3731842041015625,0.1498108953237533,0.0372242033481597
3167,True,4.3709330558776855,0.0247423276305198,0.005939245223999,0.0140030235052108,0.0707266628742218
3168,False,0.0,0.0,0.0,0.0,0.0
3169,True,4.2249674797058105,0.1781872808933258,0.2016705274581909,0.099721536040306,0.1048605144023895
3170,True,5.341524600982666,0.0597676262259483,0.0243478417396545,0.0426554530858993,0.0913159847259521
3171,True,4.2042999267578125,0.0232308134436607,0.0089272856712341,0.0149600356817245,0.0504009425640106
3172,True,5.377627372741699,0.1794493496417999,0.2047032713890075,0.1201796680688858,0.1019589900970459
3173,True,4.401488780975342,0.0366756543517112,0.0060198903083801,0.0182553976774215,0.0758482217788696
3174,False,0.0,0.0,0.0,0.0,0.0
3175,True,4.194026470184326,0.032851718366146,0.0222255587577819,0.0318723767995834,0.0686909258365631
3176,False,0.0,0.0,0.0,0.0,0.0
3177,True,4.237979888916016,0.0206966027617454,0.0086143016815185,0.0152307003736495,0.0607164502143859
3178,True,4.829293727874756,0.3053492605686188,0.5905900597572327,0.1941356509923935,0.0265543758869171
3179,True,3.98651647567749,0.0204794630408287,0.0056259036064147,0.0120844095945358,0.0615558624267578
3180,True,3.885619163513184,0.0589325055480003,0.0419511795043945,0.0280563682317733,0.066931128501892
3181,True,3.98227596282959,0.009455882012844,0.0041805505752563,0.010925754904747,0.0425220727920532
3182,False,0.0,0.0,0.0,0.0,0.0
3183,True,3.817399024963379,0.0424901470541954,0.0167218446731567,0.0142946690320968,0.1262110769748687
3184,False,0.0,0.0,0.0,0.0,0.0
3185,True,4.188085079193115,0.1551355421543121,0.2012680768966674,0.0867149084806442,0.0275055766105651
3186,False,0.0,0.0,0.0,0.0,0.0
3187,True,3.982385635375977,0.0206033214926719,0.0117779970169067,0.0104448050260543,0.0491558909416198
3188,False,0.0,0.0,0.0,0.0,0.0
3189,False,0.0,0.0,0.0,0.0,0.0
3190,False,0.0,0.0,0.0,0.0,0.0
3191,True,4.41894006729126,0.0228083357214927,0.0101385116577148,0.0168768614530563,0.0677956342697143
3192,False,0.0,0.0,0.0,0.0,0.0
3193,False,0.0,0.0,0.0,0.0,0.0
3194,False,0.0,0.0,0.0,0.0,0.0
3195,False,0.0,0.0,0.0,0.0,0.0
3196,False,0.0,0.0,0.0,0.0,0.0
3197,False,0.0,0.0,0.0,0.0,0.0
3198,True,3.3861405849456787,0.0129631385207176,0.0066274404525756,0.0121156424283981,0.0564066171646118
3199,False,0.0,0.0,0.0,0.0,0.0
3200,False,0.0,0.0,0.0,0.0,0.0
3201,False,0.0,0.0,0.0,0.0,0.0
3202,True,3.598992824554444,0.0187785252928733,0.0080024600028991,0.0115281194448471,0.0659624338150024
3203,True,4.082256317138672,0.0302318558096885,0.0085620880126953,0.0112200230360031,0.0750971138477325
3204,False,0.0,0.0,0.0,0.0,0.0
3205,False,0.0,0.0,0.0,0.0,0.0
3206,True,3.6746790409088135,0.0162471756339073,0.0066561102867126,0.0100252479314804,0.0448523461818695
3207,False,0.0,0.0,0.0,0.0,0.0
3208,False,0.0,0.0,0.0,0.0,0.0
3209,True,4.670119762420654,0.1555621325969696,0.2221635580062866,0.1201052516698837,0.029708057641983
3210,True,5.522348403930664,0.3846671879291534,0.6117083430290222,0.1906338781118393,0.0482643842697143
3211,True,5.026400089263916,0.1101624593138694,0.1925581097602844,0.0718858689069747,0.1040379703044891
3212,True,4.616156101226807,0.1110562309622764,0.1885086894035339,0.0595651715993881,0.0965660512447357
3213,True,4.633460998535156,0.1384495198726654,0.2036840915679931,0.0964284390211105,0.1431174427270889
3214,True,3.637248754501343,0.0346014127135276,0.0100229978561401,0.0098168700933456,0.044047474861145
3215,False,0.0,0.0,0.0,0.0,0.0
3216,False,0.0,0.0,0.0,0.0,0.0
3217,False,0.0,0.0,0.0,0.0,0.0
3218,False,0.0,0.0,0.0,0.0,0.0
3219,True,4.613714694976807,0.0853170976042747,0.0272117853164672,0.0304368585348129,0.0696204900741577
3220,True,3.405083179473877,0.0100604519248008,0.008252739906311,0.0110468715429306,0.0401129126548767
3221,False,0.0,0.0,0.0,0.0,0.0
3222,True,3.865681171417236,0.037490390241146,0.052737534046173,0.0297455638647079,0.1011894345283508
3223,False,0.0,0.0,0.0,0.0,0.0
3224,False,0.0,0.0,0.0,0.0,0.0
3225,False,0.0,0.0,0.0,0.0,0.0
3226,True,5.241371154785156,0.374002605676651,0.3435120582580566,0.3623291254043579,0.0813626646995544
3227,True,4.193603038787842,0.0892742499709129,0.1709682345390319,0.0441471189260482,0.1045424342155456
3228,True,4.190845966339111,0.030797503888607,0.0069046020507812,0.0132881253957748,0.0813308358192443
3229,False,0.0,0.0,0.0,0.0,0.0
3230,False,0.0,0.0,0.0,0.0,0.0
3231,True,4.118215084075928,0.3641403019428253,0.6369881629943848,0.2371413558721542,0.0302754044532775
3232,True,4.272653579711914,0.0307218059897422,0.0063618421554565,0.0125014036893844,0.0798278450965881
3233,False,0.0,0.0,0.0,0.0,0.0
3234,False,0.0,0.0,0.0,0.0,0.0
3235,True,4.125408172607422,0.3577594459056854,0.6349433064460754,0.2238921374082565,0.0291361510753631
3236,True,4.896875381469727,0.1577219665050506,0.2573549747467041,0.1281013041734695,0.1080879867076873
3237,False,0.0,0.0,0.0,0.0,0.0
3238,True,4.528153896331787,0.0337515100836753,0.0092375874519348,0.0187368243932724,0.0999707132577896
3239,False,0.0,0.0,0.0,0.0,0.0
3240,True,4.453916549682617,0.0226064547896385,0.0060391426086425,0.0147747248411178,0.0820910334587097
3241,False,0.0,0.0,0.0,0.0,0.0
3242,True,4.590515613555908,0.0975129231810569,0.1766229271888733,0.0537646859884262,0.1157855689525604
3243,True,3.9872350692749023,0.0161345228552818,0.0036225318908691,0.0089982002973556,0.0554012656211853
3244,False,0.0,0.0,0.0,0.0,0.0
3245,True,4.737272262573242,0.3118095695972442,0.5988250970840454,0.2015831917524337,0.0292178690433502
3246,False,0.0,0.0,0.0,0.0,0.0
3247,True,3.6758933067321777,0.0349276885390281,0.0320422053337097,0.0139309614896774,0.0625102818012237
3248,False,0.0,0.0,0.0,0.0,0.0
3249,False,0.0,0.0,0.0,0.0,0.0
3250,True,4.864830493927002,0.3527239859104156,0.377358078956604,0.1929315477609634,0.0364929437637329
3251,True,3.4651541709899902,0.0189591869711875,0.0058977007865905,0.0102541893720626,0.0452501773834228
3252,False,0.0,0.0,0.0,0.0,0.0
3253,True,4.239161968231201,0.0637678131461143,0.0349953770637512,0.0384417623281478,0.0844753086566925
3254,True,4.156744003295898,0.0261862501502037,0.006401240825653,0.0127165168523788,0.0724423229694366
3255,False,0.0,0.0,0.0,0.0,0.0
3256,False,0.0,0.0,0.0,0.0,0.0
3257,False,0.0,0.0,0.0,0.0,0.0
3258,True,3.6908364295959473,0.0156325325369834,0.0063058733940124,0.0103813856840133,0.0476881265640258
3259,False,0.0,0.0,0.0,0.0,0.0
3260,False,0.0,0.0,0.0,0.0,0.0
3261,False,0.0,0.0,0.0,0.0,0.0
3262,False,0.0,0.0,0.0,0.0,0.0
3263,True,4.4290876388549805,0.0204401239752769,0.0059991478919982,0.0143087357282638,0.0763802528381347
3264,False,0.0,0.0,0.0,0.0,0.0
3265,True,3.7564268112182617,0.0118918642401695,0.0052621364593505,0.0110025256872177,0.0442127585411071
3266,False,0.0,0.0,0.0,0.0,0.0
3267,False,0.0,0.0,0.0,0.0,0.0
3268,False,0.0,0.0,0.0,0.0,0.0
3269,True,4.512543201446533,0.1081158742308616,0.1757546663284301,0.059597834944725,0.0941238701343536
3270,True,4.172672271728516,0.0983931049704551,0.1930932998657226,0.0628474205732345,0.0962395370006561
3271,True,4.281461238861084,0.0230244025588035,0.0104882717132568,0.0153856724500656,0.0511121451854705
3272,True,4.162895202636719,0.0254837498068809,0.0185204744338989,0.0306615084409713,0.0635607242584228
3273,True,4.966616630554199,0.109109066426754,0.0659223794937133,0.0764350146055221,0.1073024272918701
3274,False,0.0,0.0,0.0,0.0,0.0
3275,False,0.0,0.0,0.0,0.0,0.0
3276,False,0.0,0.0,0.0,0.0,0.0
3277,True,3.574425220489502,0.0183597430586814,0.0071025490760803,0.0113488286733627,0.0685258209705352
3278,True,3.994816541671753,0.0073145851492881,0.0042284131050109,0.0111659616231918,0.0489950478076934
3279,True,3.4036684036254883,0.0062329396605491,0.0043834447860717,0.010779246687889,0.0345296263694763
3280,True,3.689253568649292,0.012408398091793,0.0075483322143554,0.0129233449697494,0.0349906682968139
3281,False,0.0,0.0,0.0,0.0,0.0
3282,False,0.0,0.0,0.0,0.0,0.0
3283,False,0.0,0.0,0.0,0.0,0.0
3284,True,4.162398338317871,0.1191793903708458,0.1844024658203125,0.0834753364324569,0.1132746934890747
3285,False,0.0,0.0,0.0,0.0,0.0
3286,False,0.0,0.0,0.0,0.0,0.0
3287,True,4.509696960449219,0.0644448027014732,0.0460028648376464,0.0352972596883773,0.106715515255928
3288,False,0.0,0.0,0.0,0.0,0.0
3289,False,0.0,0.0,0.0,0.0,0.0
3290,True,3.399468421936035,0.0122108682990074,0.0086339712142944,0.0117448419332504,0.0482967495918273
3291,False,0.0,0.0,0.0,0.0,0.0
3292,True,4.08046817779541,0.0202738270163536,0.0062057971954345,0.0121728628873825,0.0590893626213073
3293,False,0.0,0.0,0.0,0.0,0.0
3294,False,0.0,0.0,0.0,0.0,0.0
3295,False,0.0,0.0,0.0,0.0,0.0
3296,True,4.239709377288818,0.0191264376044273,0.005364179611206,0.0140137523412704,0.0749067962169647
3297,False,0.0,0.0,0.0,0.0,0.0
3298,True,3.493680477142334,0.0103817209601402,0.0051819682121276,0.0113475769758224,0.0607010722160339
3299,True,4.031838417053223,0.0592673048377037,0.0315840244293212,0.051604613661766,0.0623746812343597
3300,False,0.0,0.0,0.0,0.0,0.0
3301,True,5.180083751678467,0.0653798803687095,0.0235320329666137,0.0357979387044906,0.0893157422542572
3302,False,0.0,0.0,0.0,0.0,0.0
3303,False,0.0,0.0,0.0,0.0,0.0
3304,True,5.105655193328857,0.1251035034656524,0.073087453842163,0.0750693529844284,0.128925934433937
3305,False,0.0,0.0,0.0,0.0,0.0
3306,True,4.587710857391357,0.0996145233511924,0.1922434568405151,0.0611249655485153,0.0940518677234649
3307,False,0.0,0.0,0.0,0.0,0.0
3308,True,4.597691059112549,0.1524571478366851,0.2302268743515014,0.111712172627449,0.1434721201658249
3309,True,5.45170783996582,0.2059034407138824,0.2176922559738159,0.1484497338533401,0.0969739854335784
3310,False,0.0,0.0,0.0,0.0,0.0
3311,False,0.0,0.0,0.0,0.0,0.0
3312,False,0.0,0.0,0.0,0.0,0.0
3313,True,4.731490135192871,0.2534812390804291,0.3704237043857574,0.125077947974205,0.0478426218032836
3314,True,4.304311275482178,0.0340866670012474,0.0091662406921386,0.0240512937307357,0.0455880761146545
3315,False,0.0,0.0,0.0,0.0,0.0
3316,True,4.984237194061279,0.1869681775569915,0.1667726039886474,0.0809326320886612,0.0422639846801757
3317,True,5.037555694580078,0.1426881849765777,0.2583990693092346,0.1027992218732833,0.0965801924467086
3318,False,0.0,0.0,0.0,0.0,0.0
3319,False,0.0,0.0,0.0,0.0,0.0
3320,True,3.756515502929688,0.0083840116858482,0.0061657428741455,0.011355385184288,0.0362775921821594
3321,True,5.063001155853272,0.1918647587299347,0.1021375060081482,0.1580768078565597,0.028537631034851
3322,True,4.177818775177002,0.013339065015316,0.0051618218421936,0.0130662769079208,0.0613149106502532
3323,True,5.135157108306885,0.1319969594478607,0.2055801153182983,0.0808250159025192,0.1199616491794586
3324,True,5.580577850341797,0.6244223117828369,0.4548718631267547,0.2344165295362472,0.0689903795719146
3325,False,0.0,0.0,0.0,0.0,0.0
3326,True,4.395968914031982,0.0346852168440818,0.023639440536499,0.0206265300512313,0.0692760944366455
3327,True,4.177677631378174,0.1191421374678611,0.2065695524215698,0.0888849347829818,0.1460182964801788
3328,True,3.694032907485962,0.0315885171294212,0.0286536812782287,0.0134535878896713,0.0630556643009185
3329,True,5.111678600311279,0.1699799001216888,0.2662083506584167,0.1402975767850875,0.132336288690567
3330,False,0.0,0.0,0.0,0.0,0.0
3331,False,0.0,0.0,0.0,0.0,0.0
3332,True,3.8519287109375,0.1224497184157371,0.1934691667556762,0.0709622949361801,0.0314704775810241
3333,False,0.0,0.0,0.0,0.0,0.0
3334,False,0.0,0.0,0.0,0.0,0.0
3335,True,4.666537761688232,0.0898710116744041,0.1752940416336059,0.0498253554105758,0.1347244977951049
3336,False,0.0,0.0,0.0,0.0,0.0
3337,False,0.0,0.0,0.0,0.0,0.0
3338,False,0.0,0.0,0.0,0.0,0.0
3339,True,4.35959005355835,0.0382298454642295,0.0109204053878784,0.0152596086263656,0.0859820842742919
3340,False,0.0,0.0,0.0,0.0,0.0
3341,False,0.0,0.0,0.0,0.0,0.0
3342,False,0.0,0.0,0.0,0.0,0.0
3343,False,0.0,0.0,0.0,0.0,0.0
3344,True,3.908505439758301,0.02815892547369,0.0160445570945739,0.0130834430456161,0.0608433485031127
3345,False,0.0,0.0,0.0,0.0,0.0
3346,True,5.259768009185791,0.1488119661808014,0.2128313779830932,0.0958654135465622,0.1472626626491546
3347,True,4.081786155700684,0.351028710603714,0.6432627439498901,0.2403945177793502,0.0336014628410339
3348,True,3.622264623641968,0.0149286612868309,0.0053766965866088,0.010195717215538,0.0470103025436401
3349,False,0.0,0.0,0.0,0.0,0.0
3350,True,4.654051303863525,0.1292056143283844,0.1088643074035644,0.0509979575872421,0.034224659204483
3351,True,5.115002632141113,0.1954323947429657,0.2840252518653869,0.1656423062086105,0.1192895770072937
3352,False,0.0,0.0,0.0,0.0,0.0
3353,False,0.0,0.0,0.0,0.0,0.0
3354,False,0.0,0.0,0.0,0.0,0.0
3355,False,0.0,0.0,0.0,0.0,0.0
3356,True,4.072147846221924,0.0243098363280296,0.0108726620674133,0.0134857147932052,0.0526463687419891
3357,True,4.077447414398193,0.0928255543112754,0.1876795291900634,0.0419391244649887,0.0860598385334014
3358,True,3.881038904190064,0.1775713860988617,0.0726704597473144,0.091055080294609,0.0499225258827209
3359,False,0.0,0.0,0.0,0.0,0.0
3360,False,0.0,0.0,0.0,0.0,0.0
3361,False,0.0,0.0,0.0,0.0,0.0
3362,False,0.0,0.0,0.0,0.0,0.0
3363,False,0.0,0.0,0.0,0.0,0.0
3364,False,0.0,0.0,0.0,0.0,0.0
3365,False,0.0,0.0,0.0,0.0,0.0
3366,False,0.0,0.0,0.0,0.0,0.0
3367,False,0.0,0.0,0.0,0.0,0.0
3368,False,0.0,0.0,0.0,0.0,0.0
3369,True,4.4991841316223145,0.2120119035243988,0.1212161183357238,0.1174258738756179,0.1176771819591522
3370,False,0.0,0.0,0.0,0.0,0.0
3371,True,5.3412184715271,0.1080416664481163,0.2058542966842651,0.0703229159116745,0.1102746725082397
3372,True,4.672636985778809,0.1025076135993003,0.1835693120956421,0.0914725214242935,0.1053584665060043
3373,True,4.159096717834473,0.3784513771533966,0.6331394910812378,0.2118560522794723,0.0287336409091949
3374,True,3.652529001235962,0.0276060327887535,0.0163328051567077,0.0135800093412399,0.0330280661582946
3375,False,0.0,0.0,0.0,0.0,0.0
3376,False,0.0,0.0,0.0,0.0,0.0
3377,False,0.0,0.0,0.0,0.0,0.0
3378,False,0.0,0.0,0.0,0.0,0.0
3379,True,4.247607707977295,0.0238608345389366,0.0147583484649658,0.0183683484792709,0.0633297264575958
3380,False,0.0,0.0,0.0,0.0,0.0
3381,True,3.915178060531616,0.0333848819136619,0.0258605480194091,0.0172638148069381,0.0480231642723083
3382,False,0.0,0.0,0.0,0.0,0.0
3383,False,0.0,0.0,0.0,0.0,0.0
3384,True,5.550286769866943,0.2312289178371429,0.2639151811599731,0.1552728861570358,0.1039938330650329
3385,True,4.18065071105957,0.0246279463171958,0.0061862468719482,0.0129772275686264,0.0718165040016174
3386,False,0.0,0.0,0.0,0.0,0.0
3387,False,0.0,0.0,0.0,0.0,0.0
3388,False,0.0,0.0,0.0,0.0,0.0
3389,True,4.176578044891357,0.1131659969687461,0.2093303203582763,0.0929251760244369,0.094418853521347
3390,True,4.1063551902771,0.1223616227507591,0.2325471043586731,0.0858550518751144,0.0818343460559845
3391,False,0.0,0.0,0.0,0.0,0.0
3392,True,4.205863952636719,0.3694625496864319,0.6257123947143555,0.2064404338598251,0.0838820040225982
3393,True,3.788512706756592,0.2848747372627258,0.5741803050041199,0.1891020387411117,0.0334969162940979
3394,True,4.015034198760986,0.0217205509543418,0.0103567838668823,0.0125372856855392,0.0472431778907775
3395,True,3.717829465866089,0.0140699967741966,0.0048334598541259,0.0116934031248092,0.0426190495491027
3396,False,0.0,0.0,0.0,0.0,0.0
3397,False,0.0,0.0,0.0,0.0,0.0
3398,True,4.227616786956787,0.1388652026653289,0.1892880201339721,0.0754510909318924,0.1257143020629882
3399,False,0.0,0.0,0.0,0.0,0.0
3400,True,4.186403274536133,0.1773824989795684,0.2731128931045532,0.1300633996725082,0.119784340262413
3401,False,0.0,0.0,0.0,0.0,0.0
3402,True,4.846038341522217,0.1042746528983116,0.183421790599823,0.0646712034940719,0.0997581779956817
3403,False,0.0,0.0,0.0,0.0,0.0
3404,False,0.0,0.0,0.0,0.0,0.0
3405,True,4.4274678230285645,0.0309784039855003,0.0163690447807312,0.0207279771566391,0.0533441305160522
3406,True,3.7537670135498047,0.0242960676550865,0.0130040049552917,0.0129289478063583,0.0526004433631897
3407,False,0.0,0.0,0.0,0.0,0.0
3408,False,0.0,0.0,0.0,0.0,0.0
3409,False,0.0,0.0,0.0,0.0,0.0
3410,False,0.0,0.0,0.0,0.0,0.0
3411,True,4.332860946655273,0.0736626610159874,0.0403946638107299,0.0452820509672164,0.1252034306526184
3412,False,0.0,0.0,0.0,0.0,0.0
3413,False,0.0,0.0,0.0,0.0,0.0
3414,False,0.0,0.0,0.0,0.0,0.0
3415,True,5.393056392669678,0.250739723443985,0.2695327401161194,0.1539615839719772,0.0459456443786621
3416,True,4.593323230743408,0.136375218629837,0.2018213272094726,0.0928486436605453,0.1472613513469696
3417,False,0.0,0.0,0.0,0.0,0.0
3418,False,0.0,0.0,0.0,0.0,0.0
3419,False,0.0,0.0,0.0,0.0,0.0
3420,False,0.0,0.0,0.0,0.0,0.0
3421,True,4.920011043548584,0.0950482115149498,0.1871014237403869,0.0594905465841293,0.1081530153751373
3422,False,0.0,0.0,0.0,0.0,0.0
3423,True,4.1148786544799805,0.0430296882987022,0.0182676315307617,0.0159900039434433,0.1022171974182128
3424,False,0.0,0.0,0.0,0.0,0.0
3425,True,4.380542755126953,0.0204485282301902,0.0103663802146911,0.0156603902578353,0.0620836019515991
3426,True,4.4709248542785645,0.0522353872656822,0.0220151543617248,0.0413640588521957,0.0676583051681518
3427,True,4.248488903045654,0.0279075726866722,0.0062202215194702,0.0121356695890426,0.0723813772201538
3428,False,0.0,0.0,0.0,0.0,0.0
3429,False,0.0,0.0,0.0,0.0,0.0
3430,True,5.376453876495361,0.3301921784877777,0.2908008694648742,0.2266491502523422,0.095346987247467
3431,True,5.279799938201904,0.2764726281166076,0.4049451947212219,0.1770275086164474,0.046883225440979
3432,True,3.572619676589966,0.0157742723822593,0.0056352019309997,0.0102628320455551,0.0461692512035369
3433,False,0.0,0.0,0.0,0.0,0.0
3434,True,4.592809200286865,0.0669963583350181,0.0313391685485839,0.0381084531545639,0.0780659019947052
3435,True,3.8598475456237793,0.0078001841902732,0.0042654275894165,0.0105017274618148,0.0392663478851318
3436,True,3.638971328735352,0.0167990550398826,0.0106696486473083,0.009917601943016,0.0432661175727844
3437,True,4.594602108001709,0.049240194261074,0.0133079886436462,0.0295357555150985,0.0855007171630859
3438,False,0.0,0.0,0.0,0.0,0.0
3439,True,5.500671863555908,0.3331056833267212,0.3183543980121612,0.1533701866865158,0.1049553155899047
3440,False,0.0,0.0,0.0,0.0,0.0
3441,False,0.0,0.0,0.0,0.0,0.0
3442,True,4.246715068817139,0.0265518054366111,0.0088188052177429,0.0151925534009933,0.0636776685714721
3443,False,0.0,0.0,0.0,0.0,0.0
3444,False,0.0,0.0,0.0,0.0,0.0
3445,True,4.578065395355225,0.1094348058104515,0.2048759460449218,0.0712435692548751,0.0910610258579254
3446,False,0.0,0.0,0.0,0.0,0.0
3447,False,0.0,0.0,0.0,0.0,0.0
3448,True,4.280829906463623,0.0335897430777549,0.006251573562622,0.0164264291524887,0.0747860670089721
3449,False,0.0,0.0,0.0,0.0,0.0
3450,True,4.7840657234191895,0.166532427072525,0.1167860031127929,0.1259606927633285,0.0264781713485717
3451,True,4.415243625640869,0.0315736159682273,0.0106787085533142,0.0181735605001449,0.0674633979797363
3452,False,0.0,0.0,0.0,0.0,0.0
3453,True,4.406068325042725,0.0292312130331993,0.0068910121917724,0.0153771489858627,0.0772308111190795
3454,False,0.0,0.0,0.0,0.0,0.0
3455,False,0.0,0.0,0.0,0.0,0.0
3456,False,0.0,0.0,0.0,0.0,0.0
3457,False,0.0,0.0,0.0,0.0,0.0
3458,True,3.912756204605103,0.1007974371314048,0.1796502470970153,0.0425280183553695,0.0953341126441955
3459,False,0.0,0.0,0.0,0.0,0.0
3460,False,0.0,0.0,0.0,0.0,0.0
3461,True,4.173346519470215,0.1188116893172264,0.1785222887992859,0.0686997920274734,0.1381118446588516
3462,True,5.399925708770752,0.4873781204223633,0.6805899739265442,0.2554649114608764,0.0311184227466583
3463,False,0.0,0.0,0.0,0.0,0.0
3464,True,4.157402038574219,0.0717940554022789,0.0306243896484375,0.0412953346967697,0.0941718220710754
3465,False,0.0,0.0,0.0,0.0,0.0
3466,True,3.5649356842041016,0.2224331200122833,0.013352632522583,0.0410479456186294,0.0292070508003234
3467,True,4.092989921569824,0.2721583545207977,0.0125547647476196,0.0445760339498519,0.0086892247200012
3468,False,0.0,0.0,0.0,0.0,0.0
3469,False,0.0,0.0,0.0,0.0,0.0
3470,False,0.0,0.0,0.0,0.0,0.0
3471,False,0.0,0.0,0.0,0.0,0.0
3472,False,0.0,0.0,0.0,0.0,0.0
3473,False,0.0,0.0,0.0,0.0,0.0
3474,False,0.0,0.0,0.0,0.0,0.0
3475,False,0.0,0.0,0.0,0.0,0.0
3476,False,0.0,0.0,0.0,0.0,0.0
3477,False,0.0,0.0,0.0,0.0,0.0
3478,False,0.0,0.0,0.0,0.0,0.0
3479,False,0.0,0.0,0.0,0.0,0.0
3480,False,0.0,0.0,0.0,0.0,0.0
3481,False,0.0,0.0,0.0,0.0,0.0
3482,False,0.0,0.0,0.0,0.0,0.0
3483,False,0.0,0.0,0.0,0.0,0.0
3484,False,0.0,0.0,0.0,0.0,0.0
3485,False,0.0,0.0,0.0,0.0,0.0
3486,False,0.0,0.0,0.0,0.0,0.0
3487,True,5.123243808746338,0.0004636868834495,0.0274703502655029,0.0180327743291854,0.0231867432594299
3488,True,4.660467147827148,0.0629220828413963,0.0054061412811279,0.0136328786611557,0.0195153057575225
3489,True,4.819968223571777,0.0688970312476158,0.0054548382759094,0.0159190148115158,0.0129278898239135
3490,True,5.03892993927002,0.0622788295149803,0.0073915719985961,0.0121346563100814,0.0096215009689331
3491,True,4.961305141448975,0.0430749878287315,0.0058619379997253,0.0191196650266647,0.0118429362773895
3492,True,4.883584022521973,0.0724572166800499,0.0147091150283813,0.0129262059926986,0.0115527510643005
3493,True,5.1291184425354,0.0285600051283836,0.0077725052833557,0.0142248123884201,0.0068309903144836
3494,True,4.873798847198486,0.0518951043486595,0.0005589127540588,0.0115181058645248,0.014814019203186
3495,True,4.941064357757568,0.0402153953909873,0.0029882788658142,0.0149414986371994,0.0068082213401794
3496,False,0.0,0.0,0.0,0.0,0.0
3497,True,4.970991134643555,0.0439591035246849,0.0001399517059326,0.0127316564321517,0.0115666985511779
3498,False,0.0,0.0,0.0,0.0,0.0
3499,True,2.025550127029419,0.0386226400732994,0.0126368999481201,0.0129243582487106,0.1770807206630706
3500,True,2.5559027194976807,0.0701723918318748,0.038949966430664,0.0389335304498672,0.3779298067092895
3501,False,0.0,0.0,0.0,0.0,0.0
3502,True,2.568345069885254,0.0423360094428062,0.0360558629035949,0.0074485391378402,0.1560884118080139
3503,False,0.0,0.0,0.0,0.0,0.0
3504,False,0.0,0.0,0.0,0.0,0.0
3505,False,0.0,0.0,0.0,0.0,0.0
3506,False,0.0,0.0,0.0,0.0,0.0
3507,False,0.0,0.0,0.0,0.0,0.0
3508,False,0.0,0.0,0.0,0.0,0.0
3509,False,0.0,0.0,0.0,0.0,0.0
3510,False,0.0,0.0,0.0,0.0,0.0
3511,False,0.0,0.0,0.0,0.0,0.0
3512,False,0.0,0.0,0.0,0.0,0.0
3513,True,1.0813839435577393,0.0232637748122215,0.002837061882019,0.0115457028150558,0.0123602449893951
3514,False,0.0,0.0,0.0,0.0,0.0
3515,False,0.0,0.0,0.0,0.0,0.0
3516,False,0.0,0.0,0.0,0.0,0.0
3517,False,0.0,0.0,0.0,0.0,0.0
3518,False,0.0,0.0,0.0,0.0,0.0
3519,False,0.0,0.0,0.0,0.0,0.0
3520,True,3.674718379974365,0.0047953948378562,0.0049107670783996,0.0055574625730514,0.0032063424587249
3521,False,0.0,0.0,0.0,0.0,0.0
3522,False,0.0,0.0,0.0,0.0,0.0
3523,False,0.0,0.0,0.0,0.0,0.0
3524,False,0.0,0.0,0.0,0.0,0.0
3525,False,0.0,0.0,0.0,0.0,0.0
3526,False,0.0,0.0,0.0,0.0,0.0
3527,False,0.0,0.0,0.0,0.0,0.0
3528,False,0.0,0.0,0.0,0.0,0.0
3529,False,0.0,0.0,0.0,0.0,0.0
3530,False,0.0,0.0,0.0,0.0,0.0
3531,False,0.0,0.0,0.0,0.0,0.0
3532,False,0.0,0.0,0.0,0.0,0.0
3533,False,0.0,0.0,0.0,0.0,0.0
3534,False,0.0,0.0,0.0,0.0,0.0
3535,False,0.0,0.0,0.0,0.0,0.0
3536,False,0.0,0.0,0.0,0.0,0.0
3537,False,0.0,0.0,0.0,0.0,0.0
3538,False,0.0,0.0,0.0,0.0,0.0
3539,False,0.0,0.0,0.0,0.0,0.0
3540,False,0.0,0.0,0.0,0.0,0.0
3541,False,0.0,0.0,0.0,0.0,0.0
3542,False,0.0,0.0,0.0,0.0,0.0
3543,False,0.0,0.0,0.0,0.0,0.0
3544,False,0.0,0.0,0.0,0.0,0.0
3545,False,0.0,0.0,0.0,0.0,0.0
3546,False,0.0,0.0,0.0,0.0,0.0
3547,False,0.0,0.0,0.0,0.0,0.0
3548,False,0.0,0.0,0.0,0.0,0.0
3549,False,0.0,0.0,0.0,0.0,0.0
3550,True,0.6183048486709595,0.0021695122122764,0.0028890371322631,0.0154186934232711,0.0125723481178283
3551,False,0.0,0.0,0.0,0.0,0.0
3552,False,0.0,0.0,0.0,0.0,0.0
3553,True,4.052853584289551,0.0979923233389854,0.1311145424842834,0.1038780063390731,0.0060961246490478
3554,False,0.0,0.0,0.0,0.0,0.0
3555,False,0.0,0.0,0.0,0.0,0.0
3556,False,0.0,0.0,0.0,0.0,0.0
3557,False,0.0,0.0,0.0,0.0,0.0
3558,False,0.0,0.0,0.0,0.0,0.0
3559,False,0.0,0.0,0.0,0.0,0.0
3560,False,0.0,0.0,0.0,0.0,0.0
3561,False,0.0,0.0,0.0,0.0,0.0
3562,False,0.0,0.0,0.0,0.0,0.0
3563,False,0.0,0.0,0.0,0.0,0.0
3564,False,0.0,0.0,0.0,0.0,0.0
3565,False,0.0,0.0,0.0,0.0,0.0
3566,False,0.0,0.0,0.0,0.0,0.0
3567,False,0.0,0.0,0.0,0.0,0.0
3568,False,0.0,0.0,0.0,0.0,0.0
3569,False,0.0,0.0,0.0,0.0,0.0
3570,False,0.0,0.0,0.0,0.0,0.0
3571,False,0.0,0.0,0.0,0.0,0.0
3572,False,0.0,0.0,0.0,0.0,0.0
3573,False,0.0,0.0,0.0,0.0,0.0
3574,False,0.0,0.0,0.0,0.0,0.0
3575,False,0.0,0.0,0.0,0.0,0.0
3576,False,0.0,0.0,0.0,0.0,0.0
3577,False,0.0,0.0,0.0,0.0,0.0
3578,False,0.0,0.0,0.0,0.0,0.0
3579,False,0.0,0.0,0.0,0.0,0.0
3580,False,0.0,0.0,0.0,0.0,0.0
3581,False,0.0,0.0,0.0,0.0,0.0
3582,False,0.0,0.0,0.0,0.0,0.0
3583,False,0.0,0.0,0.0,0.0,0.0
3584,False,0.0,0.0,0.0,0.0,0.0
3585,False,0.0,0.0,0.0,0.0,0.0
3586,False,0.0,0.0,0.0,0.0,0.0
3587,False,0.0,0.0,0.0,0.0,0.0
3588,False,0.0,0.0,0.0,0.0,0.0
3589,False,0.0,0.0,0.0,0.0,0.0
3590,False,0.0,0.0,0.0,0.0,0.0
3591,False,0.0,0.0,0.0,0.0,0.0
3592,False,0.0,0.0,0.0,0.0,0.0
3593,False,0.0,0.0,0.0,0.0,0.0
3594,False,0.0,0.0,0.0,0.0,0.0
3595,False,0.0,0.0,0.0,0.0,0.0
3596,False,0.0,0.0,0.0,0.0,0.0
3597,False,0.0,0.0,0.0,0.0,0.0
3598,True,3.590278387069702,0.0519642457365989,0.1524308919906616,0.0438409894704818,0.0128128826618194
3599,False,0.0,0.0,0.0,0.0,0.0
3600,False,0.0,0.0,0.0,0.0,0.0
3601,False,0.0,0.0,0.0,0.0,0.0
3602,False,0.0,0.0,0.0,0.0,0.0
3603,False,0.0,0.0,0.0,0.0,0.0
3604,False,0.0,0.0,0.0,0.0,0.0
3605,False,0.0,0.0,0.0,0.0,0.0
3606,False,0.0,0.0,0.0,0.0,0.0
3607,False,0.0,0.0,0.0,0.0,0.0
3608,False,0.0,0.0,0.0,0.0,0.0
3609,False,0.0,0.0,0.0,0.0,0.0
3610,False,0.0,0.0,0.0,0.0,0.0
3611,False,0.0,0.0,0.0,0.0,0.0
3612,False,0.0,0.0,0.0,0.0,0.0
3613,False,0.0,0.0,0.0,0.0,0.0
3614,False,0.0,0.0,0.0,0.0,0.0
3615,True,2.995903253555298,0.0024172887206077,0.0110299587249755,0.0072585195302963,0.0138839483261108
3616,False,0.0,0.0,0.0,0.0,0.0
3617,False,0.0,0.0,0.0,0.0,0.0
3618,False,0.0,0.0,0.0,0.0,0.0
3619,False,0.0,0.0,0.0,0.0,0.0
3620,False,0.0,0.0,0.0,0.0,0.0
3621,False,0.0,0.0,0.0,0.0,0.0
3622,False,0.0,0.0,0.0,0.0,0.0
3623,False,0.0,0.0,0.0,0.0,0.0
3624,False,0.0,0.0,0.0,0.0,0.0
3625,False,0.0,0.0,0.0,0.0,0.0
3626,True,3.75271201133728,0.0032319650053977,0.0081300139427185,0.0132595151662826,0.0027738809585571
3627,False,0.0,0.0,0.0,0.0,0.0
3628,False,0.0,0.0,0.0,0.0,0.0
3629,False,0.0,0.0,0.0,0.0,0.0
3630,False,0.0,0.0,0.0,0.0,0.0
3631,False,0.0,0.0,0.0,0.0,0.0
3632,False,0.0,0.0,0.0,0.0,0.0
3633,False,0.0,0.0,0.0,0.0,0.0
3634,False,0.0,0.0,0.0,0.0,0.0
3635,False,0.0,0.0,0.0,0.0,0.0
3636,True,3.2495408058166504,0.0022938475012779,0.0022773146629333,0.0070156902074813,0.0117697715759277
3637,False,0.0,0.0,0.0,0.0,0.0
3638,False,0.0,0.0,0.0,0.0,0.0
3639,False,0.0,0.0,0.0,0.0,0.0
3640,False,0.0,0.0,0.0,0.0,0.0
3641,False,0.0,0.0,0.0,0.0,0.0
3642,False,0.0,0.0,0.0,0.0,0.0
3643,False,0.0,0.0,0.0,0.0,0.0
3644,False,0.0,0.0,0.0,0.0,0.0
3645,False,0.0,0.0,0.0,0.0,0.0
3646,False,0.0,0.0,0.0,0.0,0.0
3647,False,0.0,0.0,0.0,0.0,0.0
3648,False,0.0,0.0,0.0,0.0,0.0
3649,False,0.0,0.0,0.0,0.0,0.0
3650,False,0.0,0.0,0.0,0.0,0.0
3651,False,0.0,0.0,0.0,0.0,0.0
3652,False,0.0,0.0,0.0,0.0,0.0
3653,False,0.0,0.0,0.0,0.0,0.0
3654,False,0.0,0.0,0.0,0.0,0.0
3655,False,0.0,0.0,0.0,0.0,0.0
3656,False,0.0,0.0,0.0,0.0,0.0
3657,False,0.0,0.0,0.0,0.0,0.0
3658,False,0.0,0.0,0.0,0.0,0.0
3659,True,3.255534172058105,0.0027556642889976,0.0018233060836791,0.006073459982872,0.0089255273342132
3660,False,0.0,0.0,0.0,0.0,0.0
3661,False,0.0,0.0,0.0,0.0,0.0
3662,False,0.0,0.0,0.0,0.0,0.0
3663,False,0.0,0.0,0.0,0.0,0.0
3664,False,0.0,0.0,0.0,0.0,0.0
3665,False,0.0,0.0,0.0,0.0,0.0
3666,False,0.0,0.0,0.0,0.0,0.0
3667,False,0.0,0.0,0.0,0.0,0.0
3668,False,0.0,0.0,0.0,0.0,0.0
3669,False,0.0,0.0,0.0,0.0,0.0
3670,False,0.0,0.0,0.0,0.0,0.0
3671,False,0.0,0.0,0.0,0.0,0.0
3672,False,0.0,0.0,0.0,0.0,0.0
3673,False,0.0,0.0,0.0,0.0,0.0
3674,False,0.0,0.0,0.0,0.0,0.0
3675,False,0.0,0.0,0.0,0.0,0.0
3676,True,3.640918731689453,0.0046774372458457,0.0536216497421264,0.0099434703588485,0.013742446899414
3677,False,0.0,0.0,0.0,0.0,0.0
3678,False,0.0,0.0,0.0,0.0,0.0
3679,False,0.0,0.0,0.0,0.0,0.0
3680,False,0.0,0.0,0.0,0.0,0.0
3681,False,0.0,0.0,0.0,0.0,0.0
3682,False,0.0,0.0,0.0,0.0,0.0
3683,False,0.0,0.0,0.0,0.0,0.0
3684,False,0.0,0.0,0.0,0.0,0.0
3685,False,0.0,0.0,0.0,0.0,0.0
3686,False,0.0,0.0,0.0,0.0,0.0
3687,False,0.0,0.0,0.0,0.0,0.0
3688,False,0.0,0.0,0.0,0.0,0.0
3689,False,0.0,0.0,0.0,0.0,0.0
3690,False,0.0,0.0,0.0,0.0,0.0
3691,False,0.0,0.0,0.0,0.0,0.0
3692,False,0.0,0.0,0.0,0.0,0.0
3693,False,0.0,0.0,0.0,0.0,0.0
3694,True,3.73803186416626,0.0054000243544578,0.0095616579055786,0.0133193582296371,0.0046970248222351
3695,False,0.0,0.0,0.0,0.0,0.0
3696,False,0.0,0.0,0.0,0.0,0.0
3697,False,0.0,0.0,0.0,0.0,0.0
3698,False,0.0,0.0,0.0,0.0,0.0
3699,False,0.0,0.0,0.0,0.0,0.0
3700,False,0.0,0.0,0.0,0.0,0.0
3701,False,0.0,0.0,0.0,0.0,0.0
3702,False,0.0,0.0,0.0,0.0,0.0
3703,False,0.0,0.0,0.0,0.0,0.0
3704,False,0.0,0.0,0.0,0.0,0.0
3705,False,0.0,0.0,0.0,0.0,0.0
3706,False,0.0,0.0,0.0,0.0,0.0
3707,False,0.0,0.0,0.0,0.0,0.0
3708,False,0.0,0.0,0.0,0.0,0.0
3709,True,3.671197652816773,0.0947633609175682,0.1127148866653442,0.0309979170560836,0.0192452669143676
3710,False,0.0,0.0,0.0,0.0,0.0
3711,False,0.0,0.0,0.0,0.0,0.0
3712,False,0.0,0.0,0.0,0.0,0.0
3713,False,0.0,0.0,0.0,0.0,0.0
3714,False,0.0,0.0,0.0,0.0,0.0
3715,True,3.655340671539306,0.0042180642485618,0.0068501234054565,0.0048730224370956,0.0003147423267364
3716,False,0.0,0.0,0.0,0.0,0.0
3717,False,0.0,0.0,0.0,0.0,0.0
3718,False,0.0,0.0,0.0,0.0,0.0
3719,False,0.0,0.0,0.0,0.0,0.0
3720,False,0.0,0.0,0.0,0.0,0.0
3721,False,0.0,0.0,0.0,0.0,0.0
3722,False,0.0,0.0,0.0,0.0,0.0
3723,True,3.707098960876465,0.0023828968405723,0.0005713105201721,0.0061373561620712,0.0036101341247558
3724,False,0.0,0.0,0.0,0.0,0.0
3725,False,0.0,0.0,0.0,0.0,0.0
3726,False,0.0,0.0,0.0,0.0,0.0
3727,False,0.0,0.0,0.0,0.0,0.0
3728,False,0.0,0.0,0.0,0.0,0.0
3729,False,0.0,0.0,0.0,0.0,0.0
3730,False,0.0,0.0,0.0,0.0,0.0
3731,False,0.0,0.0,0.0,0.0,0.0
3732,False,0.0,0.0,0.0,0.0,0.0
3733,False,0.0,0.0,0.0,0.0,0.0
3734,False,0.0,0.0,0.0,0.0,0.0
3735,False,0.0,0.0,0.0,0.0,0.0
3736,False,0.0,0.0,0.0,0.0,0.0
3737,False,0.0,0.0,0.0,0.0,0.0
3738,False,0.0,0.0,0.0,0.0,0.0
3739,False,0.0,0.0,0.0,0.0,0.0
3740,False,0.0,0.0,0.0,0.0,0.0
3741,False,0.0,0.0,0.0,0.0,0.0
3742,False,0.0,0.0,0.0,0.0,0.0
3743,False,0.0,0.0,0.0,0.0,0.0
3744,False,0.0,0.0,0.0,0.0,0.0
3745,False,0.0,0.0,0.0,0.0,0.0
3746,False,0.0,0.0,0.0,0.0,0.0
3747,False,0.0,0.0,0.0,0.0,0.0
3748,True,3.727984189987183,0.0115912184119224,0.0085383653640747,0.0091460198163986,0.0037574172019958
3749,False,0.0,0.0,0.0,0.0,0.0
3750,False,0.0,0.0,0.0,0.0,0.0
3751,False,0.0,0.0,0.0,0.0,0.0
3752,False,0.0,0.0,0.0,0.0,0.0
3753,False,0.0,0.0,0.0,0.0,0.0
3754,False,0.0,0.0,0.0,0.0,0.0
3755,True,1.5661287307739258,0.0267285928130149,0.0149562954902648,0.0037300437688827,0.0113595724105834
3756,False,0.0,0.0,0.0,0.0,0.0
3757,False,0.0,0.0,0.0,0.0,0.0
3758,False,0.0,0.0,0.0,0.0,0.0
3759,False,0.0,0.0,0.0,0.0,0.0
3760,False,0.0,0.0,0.0,0.0,0.0
3761,False,0.0,0.0,0.0,0.0,0.0
3762,False,0.0,0.0,0.0,0.0,0.0
3763,False,0.0,0.0,0.0,0.0,0.0
3764,False,0.0,0.0,0.0,0.0,0.0
3765,False,0.0,0.0,0.0,0.0,0.0
3766,False,0.0,0.0,0.0,0.0,0.0
3767,False,0.0,0.0,0.0,0.0,0.0
3768,False,0.0,0.0,0.0,0.0,0.0
3769,False,0.0,0.0,0.0,0.0,0.0
3770,False,0.0,0.0,0.0,0.0,0.0
3771,False,0.0,0.0,0.0,0.0,0.0
3772,False,0.0,0.0,0.0,0.0,0.0
3773,False,0.0,0.0,0.0,0.0,0.0
3774,False,0.0,0.0,0.0,0.0,0.0
3775,True,3.702242374420166,0.002234362065792,0.0030428171157836,0.0059750527143478,0.0045695304870605
3776,False,0.0,0.0,0.0,0.0,0.0
3777,False,0.0,0.0,0.0,0.0,0.0
3778,False,0.0,0.0,0.0,0.0,0.0
3779,False,0.0,0.0,0.0,0.0,0.0
3780,False,0.0,0.0,0.0,0.0,0.0
3781,False,0.0,0.0,0.0,0.0,0.0
3782,False,0.0,0.0,0.0,0.0,0.0
3783,False,0.0,0.0,0.0,0.0,0.0
3784,False,0.0,0.0,0.0,0.0,0.0
3785,False,0.0,0.0,0.0,0.0,0.0
3786,False,0.0,0.0,0.0,0.0,0.0
3787,False,0.0,0.0,0.0,0.0,0.0
3788,False,0.0,0.0,0.0,0.0,0.0
3789,False,0.0,0.0,0.0,0.0,0.0
3790,False,0.0,0.0,0.0,0.0,0.0
3791,False,0.0,0.0,0.0,0.0,0.0
3792,False,0.0,0.0,0.0,0.0,0.0
3793,False,0.0,0.0,0.0,0.0,0.0
3794,False,0.0,0.0,0.0,0.0,0.0
3795,False,0.0,0.0,0.0,0.0,0.0
3796,False,0.0,0.0,0.0,0.0,0.0
3797,False,0.0,0.0,0.0,0.0,0.0
3798,False,0.0,0.0,0.0,0.0,0.0
3799,False,0.0,0.0,0.0,0.0,0.0
3800,False,0.0,0.0,0.0,0.0,0.0
3801,False,0.0,0.0,0.0,0.0,0.0
3802,False,0.0,0.0,0.0,0.0,0.0
3803,False,0.0,0.0,0.0,0.0,0.0
3804,True,3.206295728683472,0.0211777910590171,0.0020667314529418,0.007636472582817,0.0108669996261596
3805,True,0.6240156292915344,0.0174446329474449,0.0001411437988281,0.0220262259244918,0.0115335285663604
3806,False,0.0,0.0,0.0,0.0,0.0
3807,False,0.0,0.0,0.0,0.0,0.0
3808,False,0.0,0.0,0.0,0.0,0.0
3809,False,0.0,0.0,0.0,0.0,0.0
3810,False,0.0,0.0,0.0,0.0,0.0
3811,False,0.0,0.0,0.0,0.0,0.0
3812,False,0.0,0.0,0.0,0.0,0.0
3813,False,0.0,0.0,0.0,0.0,0.0
3814,True,3.719613552093506,0.0015162453055381,0.0042333006858825,0.0073991864919662,0.0024307966232299
3815,False,0.0,0.0,0.0,0.0,0.0
3816,False,0.0,0.0,0.0,0.0,0.0
3817,False,0.0,0.0,0.0,0.0,0.0
3818,False,0.0,0.0,0.0,0.0,0.0
3819,False,0.0,0.0,0.0,0.0,0.0
3820,False,0.0,0.0,0.0,0.0,0.0
3821,False,0.0,0.0,0.0,0.0,0.0
3822,True,3.712315082550049,0.0009784325957298,0.0043851137161254,0.0069837421178817,0.0058608949184417
3823,False,0.0,0.0,0.0,0.0,0.0
3824,False,0.0,0.0,0.0,0.0,0.0
3825,False,0.0,0.0,0.0,0.0,0.0
3826,False,0.0,0.0,0.0,0.0,0.0
3827,False,0.0,0.0,0.0,0.0,0.0
3828,False,0.0,0.0,0.0,0.0,0.0
3829,False,0.0,0.0,0.0,0.0,0.0
3830,False,0.0,0.0,0.0,0.0,0.0
3831,True,5.023484706878662,0.028856061398983,0.0308228731155395,0.0114999860525131,0.0051016807556152
3832,False,0.0,0.0,0.0,0.0,0.0
3833,False,0.0,0.0,0.0,0.0,0.0
3834,False,0.0,0.0,0.0,0.0,0.0
3835,False,0.0,0.0,0.0,0.0,0.0
3836,False,0.0,0.0,0.0,0.0,0.0
3837,False,0.0,0.0,0.0,0.0,0.0
3838,False,0.0,0.0,0.0,0.0,0.0
3839,False,0.0,0.0,0.0,0.0,0.0
3840,False,0.0,0.0,0.0,0.0,0.0
3841,False,0.0,0.0,0.0,0.0,0.0
3842,False,0.0,0.0,0.0,0.0,0.0
3843,False,0.0,0.0,0.0,0.0,0.0
3844,False,0.0,0.0,0.0,0.0,0.0
3845,False,0.0,0.0,0.0,0.0,0.0
3846,False,0.0,0.0,0.0,0.0,0.0
3847,False,0.0,0.0,0.0,0.0,0.0
3848,False,0.0,0.0,0.0,0.0,0.0
3849,False,0.0,0.0,0.0,0.0,0.0
3850,False,0.0,0.0,0.0,0.0,0.0
3851,False,0.0,0.0,0.0,0.0,0.0
3852,False,0.0,0.0,0.0,0.0,0.0
3853,False,0.0,0.0,0.0,0.0,0.0
3854,False,0.0,0.0,0.0,0.0,0.0
3855,False,0.0,0.0,0.0,0.0,0.0
3856,False,0.0,0.0,0.0,0.0,0.0
3857,False,0.0,0.0,0.0,0.0,0.0
3858,False,0.0,0.0,0.0,0.0,0.0
3859,False,0.0,0.0,0.0,0.0,0.0
3860,False,0.0,0.0,0.0,0.0,0.0
3861,False,0.0,0.0,0.0,0.0,0.0
3862,False,0.0,0.0,0.0,0.0,0.0
3863,False,0.0,0.0,0.0,0.0,0.0
3864,False,0.0,0.0,0.0,0.0,0.0
3865,False,0.0,0.0,0.0,0.0,0.0
3866,False,0.0,0.0,0.0,0.0,0.0
3867,False,0.0,0.0,0.0,0.0,0.0
3868,False,0.0,0.0,0.0,0.0,0.0
3869,False,0.0,0.0,0.0,0.0,0.0
3870,False,0.0,0.0,0.0,0.0,0.0
3871,False,0.0,0.0,0.0,0.0,0.0
3872,False,0.0,0.0,0.0,0.0,0.0
3873,False,0.0,0.0,0.0,0.0,0.0
3874,False,0.0,0.0,0.0,0.0,0.0
3875,False,0.0,0.0,0.0,0.0,0.0
3876,False,0.0,0.0,0.0,0.0,0.0
3877,False,0.0,0.0,0.0,0.0,0.0
3878,True,3.732012271881104,0.0949788317084312,0.1624735593795776,0.0391483157873153,0.0118491947650909
3879,False,0.0,0.0,0.0,0.0,0.0
3880,False,0.0,0.0,0.0,0.0,0.0
3881,False,0.0,0.0,0.0,0.0,0.0
3882,False,0.0,0.0,0.0,0.0,0.0
3883,False,0.0,0.0,0.0,0.0,0.0
3884,True,3.690676689147949,0.0352864488959312,0.0073193907737731,0.0120693296194076,0.0001274347305297
3885,False,0.0,0.0,0.0,0.0,0.0
3886,False,0.0,0.0,0.0,0.0,0.0
3887,False,0.0,0.0,0.0,0.0,0.0
3888,False,0.0,0.0,0.0,0.0,0.0
3889,False,0.0,0.0,0.0,0.0,0.0
3890,False,0.0,0.0,0.0,0.0,0.0
3891,False,0.0,0.0,0.0,0.0,0.0
3892,False,0.0,0.0,0.0,0.0,0.0
3893,False,0.0,0.0,0.0,0.0,0.0
3894,False,0.0,0.0,0.0,0.0,0.0
3895,False,0.0,0.0,0.0,0.0,0.0
3896,False,0.0,0.0,0.0,0.0,0.0
3897,False,0.0,0.0,0.0,0.0,0.0
3898,False,0.0,0.0,0.0,0.0,0.0
3899,False,0.0,0.0,0.0,0.0,0.0
3900,False,0.0,0.0,0.0,0.0,0.0
3901,False,0.0,0.0,0.0,0.0,0.0
3902,False,0.0,0.0,0.0,0.0,0.0
3903,False,0.0,0.0,0.0,0.0,0.0
3904,False,0.0,0.0,0.0,0.0,0.0
3905,False,0.0,0.0,0.0,0.0,0.0
3906,False,0.0,0.0,0.0,0.0,0.0
3907,False,0.0,0.0,0.0,0.0,0.0
3908,False,0.0,0.0,0.0,0.0,0.0
3909,False,0.0,0.0,0.0,0.0,0.0
3910,False,0.0,0.0,0.0,0.0,0.0
3911,False,0.0,0.0,0.0,0.0,0.0
3912,False,0.0,0.0,0.0,0.0,0.0
3913,False,0.0,0.0,0.0,0.0,0.0
3914,False,0.0,0.0,0.0,0.0,0.0
3915,False,0.0,0.0,0.0,0.0,0.0
3916,False,0.0,0.0,0.0,0.0,0.0
3917,False,0.0,0.0,0.0,0.0,0.0
3918,False,0.0,0.0,0.0,0.0,0.0
3919,False,0.0,0.0,0.0,0.0,0.0
3920,False,0.0,0.0,0.0,0.0,0.0
3921,False,0.0,0.0,0.0,0.0,0.0
3922,False,0.0,0.0,0.0,0.0,0.0
3923,False,0.0,0.0,0.0,0.0,0.0
3924,False,0.0,0.0,0.0,0.0,0.0
3925,False,0.0,0.0,0.0,0.0,0.0
3926,True,3.702028274536133,0.0839039906859397,0.1012874841690063,0.0764098018407821,0.0054264962673187
3927,False,0.0,0.0,0.0,0.0,0.0
3928,False,0.0,0.0,0.0,0.0,0.0
3929,False,0.0,0.0,0.0,0.0,0.0
3930,False,0.0,0.0,0.0,0.0,0.0
3931,False,0.0,0.0,0.0,0.0,0.0
3932,False,0.0,0.0,0.0,0.0,0.0
3933,False,0.0,0.0,0.0,0.0,0.0
3934,False,0.0,0.0,0.0,0.0,0.0
3935,False,0.0,0.0,0.0,0.0,0.0
3936,True,0.4959017038345337,0.2435405552387237,0.2544738054275512,0.1064256876707077,0.2980326116085052
3937,False,0.0,0.0,0.0,0.0,0.0
3938,False,0.0,0.0,0.0,0.0,0.0
3939,False,0.0,0.0,0.0,0.0,0.0
3940,False,0.0,0.0,0.0,0.0,0.0
3941,False,0.0,0.0,0.0,0.0,0.0
3942,False,0.0,0.0,0.0,0.0,0.0
3943,False,0.0,0.0,0.0,0.0,0.0
3944,False,0.0,0.0,0.0,0.0,0.0
3945,False,0.0,0.0,0.0,0.0,0.0
3946,False,0.0,0.0,0.0,0.0,0.0
3947,False,0.0,0.0,0.0,0.0,0.0
3948,False,0.0,0.0,0.0,0.0,0.0
3949,False,0.0,0.0,0.0,0.0,0.0
3950,False,0.0,0.0,0.0,0.0,0.0
3951,False,0.0,0.0,0.0,0.0,0.0
3952,False,0.0,0.0,0.0,0.0,0.0
3953,True,0.155404195189476,0.0714954361319542,0.0305710434913635,0.0438271015882492,0.2298325002193451
3954,False,0.0,0.0,0.0,0.0,0.0
3955,False,0.0,0.0,0.0,0.0,0.0
3956,False,0.0,0.0,0.0,0.0,0.0
3957,False,0.0,0.0,0.0,0.0,0.0
3958,False,0.0,0.0,0.0,0.0,0.0
3959,False,0.0,0.0,0.0,0.0,0.0
3960,True,0.213474616408348,0.2426223158836364,0.2343953251838684,0.1257665008306503,0.3762794435024261
3961,False,0.0,0.0,0.0,0.0,0.0
3962,False,0.0,0.0,0.0,0.0,0.0
3963,False,0.0,0.0,0.0,0.0,0.0
3964,False,0.0,0.0,0.0,0.0,0.0
3965,True,0.1309254020452499,0.0688281878829002,0.0143489241600036,0.0145137757062911,0.3442680835723877
3966,False,0.0,0.0,0.0,0.0,0.0
3967,False,0.0,0.0,0.0,0.0,0.0
3968,False,0.0,0.0,0.0,0.0,0.0
3969,False,0.0,0.0,0.0,0.0,0.0
3970,False,0.0,0.0,0.0,0.0,0.0
3971,False,0.0,0.0,0.0,0.0,0.0
3972,False,0.0,0.0,0.0,0.0,0.0
3973,False,0.0,0.0,0.0,0.0,0.0
3974,False,0.0,0.0,0.0,0.0,0.0
3975,False,0.0,0.0,0.0,0.0,0.0
3976,False,0.0,0.0,0.0,0.0,0.0
3977,False,0.0,0.0,0.0,0.0,0.0
3978,False,0.0,0.0,0.0,0.0,0.0
3979,False,0.0,0.0,0.0,0.0,0.0
3980,False,0.0,0.0,0.0,0.0,0.0
3981,True,0.2411991208791732,0.0757099613547325,0.0280300378799438,0.0212611407041549,0.2664844095706939
3982,False,0.0,0.0,0.0,0.0,0.0
3983,False,0.0,0.0,0.0,0.0,0.0
3984,False,0.0,0.0,0.0,0.0,0.0
3985,False,0.0,0.0,0.0,0.0,0.0
3986,False,0.0,0.0,0.0,0.0,0.0
3987,False,0.0,0.0,0.0,0.0,0.0
3988,True,0.0921777337789535,0.2062082886695861,0.0752806663513183,0.0629027932882309,0.4585045576095581
3989,False,0.0,0.0,0.0,0.0,0.0
3990,False,0.0,0.0,0.0,0.0,0.0
3991,False,0.0,0.0,0.0,0.0,0.0
3992,False,0.0,0.0,0.0,0.0,0.0
3993,False,0.0,0.0,0.0,0.0,0.0
3994,False,0.0,0.0,0.0,0.0,0.0
3995,False,0.0,0.0,0.0,0.0,0.0
3996,False,0.0,0.0,0.0,0.0,0.0
3997,False,0.0,0.0,0.0,0.0,0.0
3998,False,0.0,0.0,0.0,0.0,0.0
3999,False,0.0,0.0,0.0,0.0,0.0
4000,False,0.0,0.0,0.0,0.0,0.0
4001,True,0.012571558356285,0.0589155778288841,0.0248281955718994,0.0295321196317672,0.3225623965263366
4002,True,0.3147953748703003,0.1145611032843589,0.0372653603553772,0.0686007589101791,0.2676572799682617
4003,False,0.0,0.0,0.0,0.0,0.0
4004,False,0.0,0.0,0.0,0.0,0.0
4005,False,0.0,0.0,0.0,0.0,0.0
4006,False,0.0,0.0,0.0,0.0,0.0
4007,False,0.0,0.0,0.0,0.0,0.0
4008,False,0.0,0.0,0.0,0.0,0.0
4009,False,0.0,0.0,0.0,0.0,0.0
4010,False,0.0,0.0,0.0,0.0,0.0
4011,False,0.0,0.0,0.0,0.0,0.0
4012,False,0.0,0.0,0.0,0.0,0.0
4013,False,0.0,0.0,0.0,0.0,0.0
4014,False,0.0,0.0,0.0,0.0,0.0
4015,False,0.0,0.0,0.0,0.0,0.0
4016,False,0.0,0.0,0.0,0.0,0.0
4017,True,1.59649395942688,0.0968789085745811,0.0059733390808105,0.0292533487081527,0.0437217354774475
4018,False,0.0,0.0,0.0,0.0,0.0
4019,False,0.0,0.0,0.0,0.0,0.0
4020,False,0.0,0.0,0.0,0.0,0.0
4021,False,0.0,0.0,0.0,0.0,0.0
4022,False,0.0,0.0,0.0,0.0,0.0
4023,False,0.0,0.0,0.0,0.0,0.0
4024,False,0.0,0.0,0.0,0.0,0.0
4025,False,0.0,0.0,0.0,0.0,0.0
4026,False,0.0,0.0,0.0,0.0,0.0
4027,False,0.0,0.0,0.0,0.0,0.0
4028,False,0.0,0.0,0.0,0.0,0.0
4029,False,0.0,0.0,0.0,0.0,0.0
4030,False,0.0,0.0,0.0,0.0,0.0
4031,False,0.0,0.0,0.0,0.0,0.0
4032,False,0.0,0.0,0.0,0.0,0.0
4033,False,0.0,0.0,0.0,0.0,0.0
4034,True,1.9449214935302728,0.03968396037817,0.0017006993293762,0.0288956612348556,0.0873976051807403
4035,False,0.0,0.0,0.0,0.0,0.0
4036,False,0.0,0.0,0.0,0.0,0.0
4037,False,0.0,0.0,0.0,0.0,0.0
4038,False,0.0,0.0,0.0,0.0,0.0
4039,False,0.0,0.0,0.0,0.0,0.0
4040,False,0.0,0.0,0.0,0.0,0.0
4041,False,0.0,0.0,0.0,0.0,0.0
4042,False,0.0,0.0,0.0,0.0,0.0
4043,True,2.306182384490967,0.1116171702742576,0.0649447441101074,0.0492780059576034,0.0468189716339111
4044,True,2.27347183227539,0.0840904936194419,0.0441492199897766,0.0385016053915023,0.0628570914268493
4045,False,0.0,0.0,0.0,0.0,0.0
4046,False,0.0,0.0,0.0,0.0,0.0
4047,False,0.0,0.0,0.0,0.0,0.0
4048,False,0.0,0.0,0.0,0.0,0.0
4049,False,0.0,0.0,0.0,0.0,0.0
4050,True,1.2111543416976929,0.0466407164931297,0.007611334323883,0.0104936212301254,0.0409491956233978
4051,True,0.8042091131210327,0.1266635358333587,0.0252002477645874,0.0484138578176498,0.0499332547187805
4052,True,1.518855094909668,0.0657990798354148,0.0063003301620483,0.0163713544607162,0.0362391173839569
4053,False,0.0,0.0,0.0,0.0,0.0
4054,True,1.3428694009780884,0.0552405938506126,0.0103310346603393,0.0431889146566391,0.0650046169757843
4055,False,0.0,0.0,0.0,0.0,0.0
4056,False,0.0,0.0,0.0,0.0,0.0
4057,False,0.0,0.0,0.0,0.0,0.0
4058,False,0.0,0.0,0.0,0.0,0.0
4059,False,0.0,0.0,0.0,0.0,0.0
4060,False,0.0,0.0,0.0,0.0,0.0
4061,True,1.3044252395629885,0.0590685829520225,0.0124945044517517,0.0443429201841354,0.0515687465667724
4062,False,0.0,0.0,0.0,0.0,0.0
4063,False,0.0,0.0,0.0,0.0,0.0
4064,True,2.047820568084717,0.0602702721953392,0.0121035575866699,0.0172256082296371,0.0498022139072418
4065,True,2.0730369091033936,0.124601624906063,0.0151153802871704,0.0226247161626815,0.048111081123352
4066,False,0.0,0.0,0.0,0.0,0.0
4067,False,0.0,0.0,0.0,0.0,0.0
4068,False,0.0,0.0,0.0,0.0,0.0
4069,False,0.0,0.0,0.0,0.0,0.0
4070,False,0.0,0.0,0.0,0.0,0.0
4071,True,1.783403992652893,0.064233087003231,0.0143033862113952,0.0241296142339706,0.0522372424602508
4072,True,2.216787338256836,0.0525637492537498,0.0089479684829711,0.0134593695402145,0.0510489046573638
4073,False,0.0,0.0,0.0,0.0,0.0
4074,False,0.0,0.0,0.0,0.0,0.0
4075,True,2.0679659843444824,0.0483111962676048,0.0024417042732238,0.0226493924856185,0.0582871884107589
4076,True,2.042044162750244,0.0347174033522605,0.0040819644927978,0.0166973918676376,0.0488913059234619
4077,False,0.0,0.0,0.0,0.0,0.0
4078,False,0.0,0.0,0.0,0.0,0.0
4079,False,0.0,0.0,0.0,0.0,0.0
4080,False,0.0,0.0,0.0,0.0,0.0
4081,False,0.0,0.0,0.0,0.0,0.0
4082,False,0.0,0.0,0.0,0.0,0.0
4083,False,0.0,0.0,0.0,0.0,0.0
4084,True,1.72266948223114,0.0533304437994957,0.0101730823516845,0.0127954930067062,0.0522358417510986
4085,False,0.0,0.0,0.0,0.0,0.0
4086,False,0.0,0.0,0.0,0.0,0.0
4087,True,1.9025508165359497,0.0462959632277488,0.0032017827033996,0.0149299949407577,0.0502535104751586
4088,False,0.0,0.0,0.0,0.0,0.0
4089,True,4.408891201019287,0.2314555644989013,0.0821647644042968,0.0700162500143051,0.0290129780769348
4090,False,0.0,0.0,0.0,0.0,0.0
4091,True,2.336453914642334,0.1180935725569725,0.0680193901062011,0.0452326983213424,0.041214108467102
4092,False,0.0,0.0,0.0,0.0,0.0
4093,False,0.0,0.0,0.0,0.0,0.0
4094,False,0.0,0.0,0.0,0.0,0.0
4095,False,0.0,0.0,0.0,0.0,0.0
4096,False,0.0,0.0,0.0,0.0,0.0
4097,True,2.265089511871338,0.0717006549239158,0.0113976001739501,0.0203704088926315,0.0579385161399841
4098,False,0.0,0.0,0.0,0.0,0.0
4099,False,0.0,0.0,0.0,0.0,0.0
4100,False,0.0,0.0,0.0,0.0,0.0
4101,False,0.0,0.0,0.0,0.0,0.0
4102,False,0.0,0.0,0.0,0.0,0.0
4103,True,1.8548394441604608,0.0461564287543296,0.0028289556503295,0.0200248807668685,0.0564424842596054
4104,True,2.2166364192962646,0.0745775923132896,0.0097625255584716,0.019077643752098,0.0539310574531555
4105,False,0.0,0.0,0.0,0.0,0.0
4106,False,0.0,0.0,0.0,0.0,0.0
4107,False,0.0,0.0,0.0,0.0,0.0
4108,False,0.0,0.0,0.0,0.0,0.0
4109,True,2.2159347534179688,0.0711597427725792,0.007729172706604,0.0135955065488815,0.057727038860321
4110,False,0.0,0.0,0.0,0.0,0.0
4111,False,0.0,0.0,0.0,0.0,0.0
4112,True,1.8139607906341555,0.079271100461483,0.0109373927116394,0.0151298493146896,0.0566389560699462
4113,False,0.0,0.0,0.0,0.0,0.0
4114,False,0.0,0.0,0.0,0.0,0.0
4115,True,1.5012366771697998,0.0883265361189842,0.004456341266632,0.0250900834798812,0.0641838759183883
4116,False,0.0,0.0,0.0,0.0,0.0
4117,False,0.0,0.0,0.0,0.0,0.0
4118,True,1.4398730993270874,0.0760970935225486,0.0073393583297729,0.0223032087087631,0.0557102859020233
4119,False,0.0,0.0,0.0,0.0,0.0
4120,False,0.0,0.0,0.0,0.0,0.0
4121,False,0.0,0.0,0.0,0.0,0.0
4122,True,2.04799747467041,0.0526423677802085,0.0069615244865417,0.0222003906965255,0.0510169863700866
4123,True,1.5207825899124146,0.0696572288870811,0.0133877992630004,0.0325683206319808,0.0558081865310668
4124,False,0.0,0.0,0.0,0.0,0.0
4125,False,0.0,0.0,0.0,0.0,0.0
4126,True,2.220813751220703,0.095825158059597,0.0481249094009399,0.0526149719953537,0.0597436428070068
4127,False,0.0,0.0,0.0,0.0,0.0
4128,False,0.0,0.0,0.0,0.0,0.0
4129,True,2.199009656906128,0.0592695698142051,0.0067224502563476,0.0156558007001876,0.0569637417793273
4130,False,0.0,0.0,0.0,0.0,0.0
4131,True,1.1620590686798096,0.072623573243618,0.0133916735649108,0.0407259315252304,0.0515562891960144
4132,False,0.0,0.0,0.0,0.0,0.0
4133,False,0.0,0.0,0.0,0.0,0.0
4134,True,1.7225736379623413,0.067748986184597,0.0164273977279663,0.023268923163414,0.0534141361713409
4135,False,0.0,0.0,0.0,0.0,0.0
4136,True,2.412128210067749,0.106501005589962,0.0691924095153808,0.0512031763792037,0.0461876094341278
4137,True,2.355731964111328,0.0892788395285606,0.0699953436851501,0.0368181318044662,0.0661001801490783
4138,True,2.114924192428589,0.0524438247084617,0.0034266114234924,0.0220696181058883,0.0795213729143142
4139,False,0.0,0.0,0.0,0.0,0.0
4140,False,0.0,0.0,0.0,0.0,0.0
4141,False,0.0,0.0,0.0,0.0,0.0
4142,False,0.0,0.0,0.0,0.0,0.0
4143,False,0.0,0.0,0.0,0.0,0.0
4144,True,1.5135459899902344,0.089647077023983,0.0047745108604431,0.0321936458349227,0.0522838234901428
4145,False,0.0,0.0,0.0,0.0,0.0
4146,True,2.1819334030151367,0.0701655969023704,0.0118311643600463,0.0234110802412033,0.0490118563175201
4147,False,0.0,0.0,0.0,0.0,0.0
4148,True,4.479395389556885,0.510524570941925,0.6311941146850586,0.2686197757720947,0.0199508965015411
4149,True,2.1963014602661133,0.0660079345107078,0.0056971311569213,0.0173576325178146,0.0556647777557373
4150,False,0.0,0.0,0.0,0.0,0.0
4151,False,0.0,0.0,0.0,0.0,0.0
4152,False,0.0,0.0,0.0,0.0,0.0
4153,False,0.0,0.0,0.0,0.0,0.0
4154,False,0.0,0.0,0.0,0.0,0.0
4155,False,0.0,0.0,0.0,0.0,0.0
4156,False,0.0,0.0,0.0,0.0,0.0
4157,False,0.0,0.0,0.0,0.0,0.0
4158,False,0.0,0.0,0.0,0.0,0.0
4159,False,0.0,0.0,0.0,0.0,0.0
4160,True,1.93476676940918,0.0771837458014488,0.0162770748138427,0.0304964631795883,0.0331955850124359
4161,False,0.0,0.0,0.0,0.0,0.0
4162,False,0.0,0.0,0.0,0.0,0.0
4163,False,0.0,0.0,0.0,0.0,0.0
4164,False,0.0,0.0,0.0,0.0,0.0
4165,False,0.0,0.0,0.0,0.0,0.0
4166,False,0.0,0.0,0.0,0.0,0.0
4167,False,0.0,0.0,0.0,0.0,0.0
4168,False,0.0,0.0,0.0,0.0,0.0
4169,False,0.0,0.0,0.0,0.0,0.0
4170,False,0.0,0.0,0.0,0.0,0.0
4171,False,0.0,0.0,0.0,0.0,0.0
4172,False,0.0,0.0,0.0,0.0,0.0
4173,False,0.0,0.0,0.0,0.0,0.0
4174,False,0.0,0.0,0.0,0.0,0.0
4175,False,0.0,0.0,0.0,0.0,0.0
4176,False,0.0,0.0,0.0,0.0,0.0
4177,False,0.0,0.0,0.0,0.0,0.0
4178,False,0.0,0.0,0.0,0.0,0.0
4179,False,0.0,0.0,0.0,0.0,0.0
4180,False,0.0,0.0,0.0,0.0,0.0
4181,False,0.0,0.0,0.0,0.0,0.0
4182,False,0.0,0.0,0.0,0.0,0.0
4183,True,4.373456001281738,0.2951819002628326,0.2593007087707519,0.5437350273132324,0.0389991402626037
4184,False,0.0,0.0,0.0,0.0,0.0
4185,False,0.0,0.0,0.0,0.0,0.0
4186,False,0.0,0.0,0.0,0.0,0.0
4187,False,0.0,0.0,0.0,0.0,0.0
4188,False,0.0,0.0,0.0,0.0,0.0
4189,False,0.0,0.0,0.0,0.0,0.0
4190,False,0.0,0.0,0.0,0.0,0.0
4191,False,0.0,0.0,0.0,0.0,0.0
4192,False,0.0,0.0,0.0,0.0,0.0
4193,False,0.0,0.0,0.0,0.0,0.0
4194,False,0.0,0.0,0.0,0.0,0.0
4195,False,0.0,0.0,0.0,0.0,0.0
4196,False,0.0,0.0,0.0,0.0,0.0
4197,False,0.0,0.0,0.0,0.0,0.0
4198,False,0.0,0.0,0.0,0.0,0.0
4199,False,0.0,0.0,0.0,0.0,0.0
4200,False,0.0,0.0,0.0,0.0,0.0
4201,False,0.0,0.0,0.0,0.0,0.0
4202,True,1.575107455253601,0.0883499607443809,0.0186027288436889,0.0423366278409957,0.033480018377304
4203,True,3.751558303833008,0.0988315567374229,0.0197076797485351,0.0639826506376266,0.0394355058670043
4204,False,0.0,0.0,0.0,0.0,0.0
4205,False,0.0,0.0,0.0,0.0,0.0
4206,False,0.0,0.0,0.0,0.0,0.0
4207,False,0.0,0.0,0.0,0.0,0.0
4208,False,0.0,0.0,0.0,0.0,0.0
4209,False,0.0,0.0,0.0,0.0,0.0
4210,False,0.0,0.0,0.0,0.0,0.0
4211,True,3.3043131828308105,0.2953906953334808,0.0396355390548706,0.2172635048627853,0.0204664170742034
4212,False,0.0,0.0,0.0,0.0,0.0
4213,False,0.0,0.0,0.0,0.0,0.0
4214,False,0.0,0.0,0.0,0.0,0.0
4215,False,0.0,0.0,0.0,0.0,0.0
4216,False,0.0,0.0,0.0,0.0,0.0
4217,True,3.094903945922852,0.154153436422348,0.0324566960334777,0.1014331430196762,0.0280293822288513
4218,False,0.0,0.0,0.0,0.0,0.0
4219,False,0.0,0.0,0.0,0.0,0.0
4220,False,0.0,0.0,0.0,0.0,0.0
4221,False,0.0,0.0,0.0,0.0,0.0
4222,False,0.0,0.0,0.0,0.0,0.0
4223,True,3.7210445404052734,0.1048034653067588,0.0242246389389038,0.0698483437299728,0.0469502210617065
4224,False,0.0,0.0,0.0,0.0,0.0
4225,True,3.747135877609253,0.121056817471981,0.0262389183044433,0.0792233794927597,0.0504616200923919
4226,False,0.0,0.0,0.0,0.0,0.0
4227,False,0.0,0.0,0.0,0.0,0.0
4228,False,0.0,0.0,0.0,0.0,0.0
4229,False,0.0,0.0,0.0,0.0,0.0
4230,False,0.0,0.0,0.0,0.0,0.0
4231,False,0.0,0.0,0.0,0.0,0.0
4232,True,2.2485156059265137,0.0787556990981102,0.0140515565872192,0.0133712738752365,0.0163921117782592
4233,False,0.0,0.0,0.0,0.0,0.0
4234,False,0.0,0.0,0.0,0.0,0.0
4235,False,0.0,0.0,0.0,0.0,0.0
4236,False,0.0,0.0,0.0,0.0,0.0
4237,False,0.0,0.0,0.0,0.0,0.0
4238,False,0.0,0.0,0.0,0.0,0.0
4239,False,0.0,0.0,0.0,0.0,0.0
4240,False,0.0,0.0,0.0,0.0,0.0
4241,False,0.0,0.0,0.0,0.0,0.0
4242,True,2.936208248138428,0.0620945319533348,0.0581175684928894,0.0360092371702194,0.0375260710716247
4243,False,0.0,0.0,0.0,0.0,0.0
4244,False,0.0,0.0,0.0,0.0,0.0
4245,False,0.0,0.0,0.0,0.0,0.0
4246,False,0.0,0.0,0.0,0.0,0.0
4247,False,0.0,0.0,0.0,0.0,0.0
4248,False,0.0,0.0,0.0,0.0,0.0
4249,False,0.0,0.0,0.0,0.0,0.0
4250,False,0.0,0.0,0.0,0.0,0.0
4251,False,0.0,0.0,0.0,0.0,0.0
4252,True,3.7500500679016113,0.1292022168636322,0.0243162512779235,0.0682921856641769,0.0491009354591369
4253,False,0.0,0.0,0.0,0.0,0.0
4254,False,0.0,0.0,0.0,0.0,0.0
4255,False,0.0,0.0,0.0,0.0,0.0
4256,False,0.0,0.0,0.0,0.0,0.0
4257,False,0.0,0.0,0.0,0.0,0.0
4258,False,0.0,0.0,0.0,0.0,0.0
4259,True,3.794706344604492,0.0514369830489158,0.0120635628700256,0.0247968882322311,0.0438671112060546
4260,True,3.101532220840454,0.0927146300673484,0.0152825713157653,0.0441298335790634,0.0216182470321655
4261,False,0.0,0.0,0.0,0.0,0.0
4262,True,3.4278459548950195,0.1841976344585418,0.0304920673370361,0.1261517852544784,0.0111860632896423
4263,False,0.0,0.0,0.0,0.0,0.0
4264,False,0.0,0.0,0.0,0.0,0.0
4265,True,3.76036524772644,0.0625603422522544,0.0129306316375732,0.0270095914602279,0.0368694067001342
4266,False,0.0,0.0,0.0,0.0,0.0
4267,False,0.0,0.0,0.0,0.0,0.0
4268,True,3.7447566986083984,0.0427993163466453,0.0070718526840209,0.039851889014244,0.041443645954132
4269,False,0.0,0.0,0.0,0.0,0.0
4270,False,0.0,0.0,0.0,0.0,0.0
4271,True,3.055361747741699,0.0273331031203269,0.010151207447052,0.017886683344841,0.0348585247993469
4272,False,0.0,0.0,0.0,0.0,0.0
4273,True,3.7800815105438232,0.0644340738654136,0.0088772177696228,0.0432340949773788,0.0486803650856018
4274,False,0.0,0.0,0.0,0.0,0.0
4275,False,0.0,0.0,0.0,0.0,0.0
4276,True,3.037737369537353,0.0382690653204917,0.0137833356857299,0.0175611227750778,0.0308960080146789
4277,False,0.0,0.0,0.0,0.0,0.0
4278,False,0.0,0.0,0.0,0.0,0.0
4279,True,1.1913982629776,0.0495034679770469,0.0215802788734436,0.0147968381643295,0.0171267390251159
4280,False,0.0,0.0,0.0,0.0,0.0
4281,False,0.0,0.0,0.0,0.0,0.0
4282,False,0.0,0.0,0.0,0.0,0.0
4283,False,0.0,0.0,0.0,0.0,0.0
4284,True,1.288001298904419,0.0904598459601402,0.04490727186203,0.0060140937566757,0.0181036591529846
4285,True,1.243259310722351,0.0685826763510704,0.021461546421051,0.0204976648092269,0.0180495381355285
4286,False,0.0,0.0,0.0,0.0,0.0
4287,False,0.0,0.0,0.0,0.0,0.0
4288,True,3.882089138031006,0.0447523221373558,0.0169405937194824,0.0233175605535507,0.0298143625259399
4289,True,3.8809022903442383,0.0494588240981102,0.0246648788452148,0.0292565673589706,0.0412079095840454
4290,False,0.0,0.0,0.0,0.0,0.0
4291,False,0.0,0.0,0.0,0.0,0.0
4292,False,0.0,0.0,0.0,0.0,0.0
4293,False,0.0,0.0,0.0,0.0,0.0
4294,False,0.0,0.0,0.0,0.0,0.0
4295,True,3.864075183868408,0.0420665368437767,0.0165851712226867,0.0215996950864791,0.0315267145633697
4296,False,0.0,0.0,0.0,0.0,0.0
4297,False,0.0,0.0,0.0,0.0,0.0
4298,False,0.0,0.0,0.0,0.0,0.0
4299,False,0.0,0.0,0.0,0.0,0.0
4300,False,0.0,0.0,0.0,0.0,0.0
4301,True,2.944077968597412,0.0767210349440574,0.0038604140281677,0.0202152580022811,0.0099210143089294
4302,False,0.0,0.0,0.0,0.0,0.0
4303,True,3.348561286926269,0.138499766588211,0.015798270702362,0.0886528342962265,0.0123706459999084
4304,False,0.0,0.0,0.0,0.0,0.0
4305,False,0.0,0.0,0.0,0.0,0.0
4306,True,2.101377010345459,0.036036692559719,0.0073096752166748,0.0154028981924057,0.0162508487701416
4307,True,3.837901592254639,0.0382713302969932,0.018441617488861,0.0206248015165328,0.0303348302841186
4308,False,0.0,0.0,0.0,0.0,0.0
4309,True,3.798248767852783,0.0472639426589012,0.010335087776184,0.0398638099431991,0.0291648209095001
4310,True,1.309123992919922,0.0553484186530113,0.0565589666366577,0.0270868986845016,0.0241103768348693
4311,True,2.946624517440796,0.0795387849211692,0.0069184303283691,0.027154192328453,0.0132129192352294
4312,True,3.819063186645508,0.0579272136092186,0.0154895186424255,0.0289237350225448,0.0400294363498687
4313,False,0.0,0.0,0.0,0.0,0.0
4314,False,0.0,0.0,0.0,0.0,0.0
4315,True,3.181809902191162,0.096278928220272,0.0275182723999023,0.0566040128469467,0.0178427100181579
4316,False,0.0,0.0,0.0,0.0,0.0
4317,False,0.0,0.0,0.0,0.0,0.0
4318,False,0.0,0.0,0.0,0.0,0.0
4319,True,2.177947521209717,0.0567522272467613,0.0063820481300354,0.0108638852834701,0.0084497332572937
4320,False,0.0,0.0,0.0,0.0,0.0
4321,False,0.0,0.0,0.0,0.0,0.0
4322,False,0.0,0.0,0.0,0.0,0.0
4323,False,0.0,0.0,0.0,0.0,0.0
4324,False,0.0,0.0,0.0,0.0,0.0
4325,False,0.0,0.0,0.0,0.0,0.0
4326,False,0.0,0.0,0.0,0.0,0.0
4327,False,0.0,0.0,0.0,0.0,0.0
4328,False,0.0,0.0,0.0,0.0,0.0
4329,False,0.0,0.0,0.0,0.0,0.0
4330,False,0.0,0.0,0.0,0.0,0.0
4331,True,3.823032855987549,0.0656742677092552,0.0123370885848999,0.0301573723554611,0.0418245196342468
4332,False,0.0,0.0,0.0,0.0,0.0
4333,False,0.0,0.0,0.0,0.0,0.0
4334,False,0.0,0.0,0.0,0.0,0.0
4335,False,0.0,0.0,0.0,0.0,0.0
4336,False,0.0,0.0,0.0,0.0,0.0
4337,False,0.0,0.0,0.0,0.0,0.0
4338,False,0.0,0.0,0.0,0.0,0.0
4339,False,0.0,0.0,0.0,0.0,0.0
4340,False,0.0,0.0,0.0,0.0,0.0
4341,False,0.0,0.0,0.0,0.0,0.0
4342,False,0.0,0.0,0.0,0.0,0.0
4343,False,0.0,0.0,0.0,0.0,0.0
4344,False,0.0,0.0,0.0,0.0,0.0
4345,False,0.0,0.0,0.0,0.0,0.0
4346,False,0.0,0.0,0.0,0.0,0.0
4347,False,0.0,0.0,0.0,0.0,0.0
4348,False,0.0,0.0,0.0,0.0,0.0
4349,False,0.0,0.0,0.0,0.0,0.0
4350,False,0.0,0.0,0.0,0.0,0.0
4351,True,2.6516313552856445,0.0881009921431541,0.0175281167030334,0.0428766459226608,0.0051060020923614
4352,False,0.0,0.0,0.0,0.0,0.0
4353,False,0.0,0.0,0.0,0.0,0.0
4354,False,0.0,0.0,0.0,0.0,0.0
4355,False,0.0,0.0,0.0,0.0,0.0
4356,False,0.0,0.0,0.0,0.0,0.0
4357,False,0.0,0.0,0.0,0.0,0.0
4358,False,0.0,0.0,0.0,0.0,0.0
4359,False,0.0,0.0,0.0,0.0,0.0
4360,False,0.0,0.0,0.0,0.0,0.0
4361,False,0.0,0.0,0.0,0.0,0.0
4362,False,0.0,0.0,0.0,0.0,0.0
4363,False,0.0,0.0,0.0,0.0,0.0
4364,False,0.0,0.0,0.0,0.0,0.0
4365,False,0.0,0.0,0.0,0.0,0.0
4366,False,0.0,0.0,0.0,0.0,0.0
4367,False,0.0,0.0,0.0,0.0,0.0
4368,False,0.0,0.0,0.0,0.0,0.0
4369,False,0.0,0.0,0.0,0.0,0.0
4370,False,0.0,0.0,0.0,0.0,0.0
4371,False,0.0,0.0,0.0,0.0,0.0
4372,False,0.0,0.0,0.0,0.0,0.0
4373,False,0.0,0.0,0.0,0.0,0.0
4374,False,0.0,0.0,0.0,0.0,0.0
4375,False,0.0,0.0,0.0,0.0,0.0
4376,False,0.0,0.0,0.0,0.0,0.0
4377,False,0.0,0.0,0.0,0.0,0.0
4378,False,0.0,0.0,0.0,0.0,0.0
4379,False,0.0,0.0,0.0,0.0,0.0
4380,False,0.0,0.0,0.0,0.0,0.0
4381,False,0.0,0.0,0.0,0.0,0.0
4382,False,0.0,0.0,0.0,0.0,0.0
4383,False,0.0,0.0,0.0,0.0,0.0
4384,False,0.0,0.0,0.0,0.0,0.0
4385,False,0.0,0.0,0.0,0.0,0.0
4386,False,0.0,0.0,0.0,0.0,0.0
4387,False,0.0,0.0,0.0,0.0,0.0
4388,False,0.0,0.0,0.0,0.0,0.0
4389,False,0.0,0.0,0.0,0.0,0.0
4390,False,0.0,0.0,0.0,0.0,0.0
4391,False,0.0,0.0,0.0,0.0,0.0
4392,False,0.0,0.0,0.0,0.0,0.0
4393,False,0.0,0.0,0.0,0.0,0.0
4394,True,2.275925636291504,0.0117804631590843,0.0052918195724487,0.0150120705366134,0.0293737053871154
4395,False,0.0,0.0,0.0,0.0,0.0
4396,False,0.0,0.0,0.0,0.0,0.0
4397,False,0.0,0.0,0.0,0.0,0.0
4398,False,0.0,0.0,0.0,0.0,0.0
4399,False,0.0,0.0,0.0,0.0,0.0
4400,False,0.0,0.0,0.0,0.0,0.0
4401,False,0.0,0.0,0.0,0.0,0.0
4402,False,0.0,0.0,0.0,0.0,0.0
4403,False,0.0,0.0,0.0,0.0,0.0
4404,False,0.0,0.0,0.0,0.0,0.0
4405,True,2.594571590423584,0.0819213613867759,0.0105229020118713,0.0127691477537155,0.0059720426797866
4406,False,0.0,0.0,0.0,0.0,0.0
4407,False,0.0,0.0,0.0,0.0,0.0
4408,False,0.0,0.0,0.0,0.0,0.0
4409,False,0.0,0.0,0.0,0.0,0.0
4410,False,0.0,0.0,0.0,0.0,0.0
4411,False,0.0,0.0,0.0,0.0,0.0
4412,False,0.0,0.0,0.0,0.0,0.0
4413,False,0.0,0.0,0.0,0.0,0.0
4414,False,0.0,0.0,0.0,0.0,0.0
4415,True,2.530424118041992,0.0644744262099266,0.0144480466842651,0.0133815258741378,0.0301656126976013
4416,False,0.0,0.0,0.0,0.0,0.0
4417,False,0.0,0.0,0.0,0.0,0.0
4418,False,0.0,0.0,0.0,0.0,0.0
4419,False,0.0,0.0,0.0,0.0,0.0
4420,False,0.0,0.0,0.0,0.0,0.0
4421,False,0.0,0.0,0.0,0.0,0.0
4422,False,0.0,0.0,0.0,0.0,0.0
4423,False,0.0,0.0,0.0,0.0,0.0
4424,False,0.0,0.0,0.0,0.0,0.0
4425,False,0.0,0.0,0.0,0.0,0.0
4426,False,0.0,0.0,0.0,0.0,0.0
4427,False,0.0,0.0,0.0,0.0,0.0
4428,False,0.0,0.0,0.0,0.0,0.0
4429,False,0.0,0.0,0.0,0.0,0.0
4430,False,0.0,0.0,0.0,0.0,0.0
4431,False,0.0,0.0,0.0,0.0,0.0
4432,False,0.0,0.0,0.0,0.0,0.0
4433,False,0.0,0.0,0.0,0.0,0.0
4434,False,0.0,0.0,0.0,0.0,0.0
4435,False,0.0,0.0,0.0,0.0,0.0
4436,False,0.0,0.0,0.0,0.0,0.0
4437,False,0.0,0.0,0.0,0.0,0.0
4438,False,0.0,0.0,0.0,0.0,0.0
4439,False,0.0,0.0,0.0,0.0,0.0
4440,False,0.0,0.0,0.0,0.0,0.0
4441,False,0.0,0.0,0.0,0.0,0.0
4442,False,0.0,0.0,0.0,0.0,0.0
4443,False,0.0,0.0,0.0,0.0,0.0
4444,False,0.0,0.0,0.0,0.0,0.0
4445,True,2.650996685028076,0.0508479699492454,0.0110425353050231,0.0131222456693649,0.0151570886373519
4446,False,0.0,0.0,0.0,0.0,0.0
4447,False,0.0,0.0,0.0,0.0,0.0
4448,False,0.0,0.0,0.0,0.0,0.0
4449,False,0.0,0.0,0.0,0.0,0.0
4450,False,0.0,0.0,0.0,0.0,0.0
4451,False,0.0,0.0,0.0,0.0,0.0
4452,False,0.0,0.0,0.0,0.0,0.0
4453,False,0.0,0.0,0.0,0.0,0.0
4454,False,0.0,0.0,0.0,0.0,0.0
4455,False,0.0,0.0,0.0,0.0,0.0
4456,False,0.0,0.0,0.0,0.0,0.0
4457,False,0.0,0.0,0.0,0.0,0.0
4458,False,0.0,0.0,0.0,0.0,0.0
4459,False,0.0,0.0,0.0,0.0,0.0
4460,False,0.0,0.0,0.0,0.0,0.0
4461,False,0.0,0.0,0.0,0.0,0.0
4462,True,2.320640087127685,0.0172488316893577,0.0056589245796203,0.0153325051069259,0.0318832993507385
4463,False,0.0,0.0,0.0,0.0,0.0
4464,False,0.0,0.0,0.0,0.0,0.0
4465,False,0.0,0.0,0.0,0.0,0.0
4466,False,0.0,0.0,0.0,0.0,0.0
4467,False,0.0,0.0,0.0,0.0,0.0
4468,False,0.0,0.0,0.0,0.0,0.0
4469,False,0.0,0.0,0.0,0.0,0.0
4470,False,0.0,0.0,0.0,0.0,0.0
4471,False,0.0,0.0,0.0,0.0,0.0
4472,False,0.0,0.0,0.0,0.0,0.0
4473,True,4.1907830238342285,0.1546489894390106,0.1803963780403137,0.0937937945127487,0.0218706429004669
4474,False,0.0,0.0,0.0,0.0,0.0
4475,False,0.0,0.0,0.0,0.0,0.0
4476,False,0.0,0.0,0.0,0.0,0.0
4477,False,0.0,0.0,0.0,0.0,0.0
4478,False,0.0,0.0,0.0,0.0,0.0
4479,False,0.0,0.0,0.0,0.0,0.0
4480,False,0.0,0.0,0.0,0.0,0.0
4481,False,0.0,0.0,0.0,0.0,0.0
4482,False,0.0,0.0,0.0,0.0,0.0
4483,False,0.0,0.0,0.0,0.0,0.0
4484,False,0.0,0.0,0.0,0.0,0.0
4485,False,0.0,0.0,0.0,0.0,0.0
4486,False,0.0,0.0,0.0,0.0,0.0
4487,False,0.0,0.0,0.0,0.0,0.0
4488,False,0.0,0.0,0.0,0.0,0.0
4489,False,0.0,0.0,0.0,0.0,0.0
4490,False,0.0,0.0,0.0,0.0,0.0
4491,False,0.0,0.0,0.0,0.0,0.0
4492,False,0.0,0.0,0.0,0.0,0.0
4493,False,0.0,0.0,0.0,0.0,0.0
4494,False,0.0,0.0,0.0,0.0,0.0
4495,False,0.0,0.0,0.0,0.0,0.0
4496,False,0.0,0.0,0.0,0.0,0.0
4497,False,0.0,0.0,0.0,0.0,0.0
4498,False,0.0,0.0,0.0,0.0,0.0
4499,False,0.0,0.0,0.0,0.0,0.0
4500,False,0.0,0.0,0.0,0.0,0.0
4501,False,0.0,0.0,0.0,0.0,0.0
4502,False,0.0,0.0,0.0,0.0,0.0
4503,False,0.0,0.0,0.0,0.0,0.0
4504,False,0.0,0.0,0.0,0.0,0.0
4505,False,0.0,0.0,0.0,0.0,0.0
4506,False,0.0,0.0,0.0,0.0,0.0
4507,False,0.0,0.0,0.0,0.0,0.0
4508,False,0.0,0.0,0.0,0.0,0.0
4509,False,0.0,0.0,0.0,0.0,0.0
4510,False,0.0,0.0,0.0,0.0,0.0
4511,False,0.0,0.0,0.0,0.0,0.0
4512,False,0.0,0.0,0.0,0.0,0.0
4513,False,0.0,0.0,0.0,0.0,0.0
4514,False,0.0,0.0,0.0,0.0,0.0
4515,False,0.0,0.0,0.0,0.0,0.0
4516,False,0.0,0.0,0.0,0.0,0.0
4517,False,0.0,0.0,0.0,0.0,0.0
4518,False,0.0,0.0,0.0,0.0,0.0
4519,False,0.0,0.0,0.0,0.0,0.0
4520,False,0.0,0.0,0.0,0.0,0.0
4521,False,0.0,0.0,0.0,0.0,0.0
4522,False,0.0,0.0,0.0,0.0,0.0
4523,False,0.0,0.0,0.0,0.0,0.0
4524,False,0.0,0.0,0.0,0.0,0.0
4525,False,0.0,0.0,0.0,0.0,0.0
4526,False,0.0,0.0,0.0,0.0,0.0
4527,False,0.0,0.0,0.0,0.0,0.0
4528,False,0.0,0.0,0.0,0.0,0.0
4529,False,0.0,0.0,0.0,0.0,0.0
4530,False,0.0,0.0,0.0,0.0,0.0
4531,False,0.0,0.0,0.0,0.0,0.0
4532,False,0.0,0.0,0.0,0.0,0.0
4533,False,0.0,0.0,0.0,0.0,0.0
4534,False,0.0,0.0,0.0,0.0,0.0
4535,False,0.0,0.0,0.0,0.0,0.0
4536,False,0.0,0.0,0.0,0.0,0.0
4537,False,0.0,0.0,0.0,0.0,0.0
4538,False,0.0,0.0,0.0,0.0,0.0
4539,False,0.0,0.0,0.0,0.0,0.0
4540,True,0.6162031888961792,0.1353875696659088,0.0091383457183837,0.0210321396589279,0.0158698856830596
4541,False,0.0,0.0,0.0,0.0,0.0
4542,False,0.0,0.0,0.0,0.0,0.0
4543,False,0.0,0.0,0.0,0.0,0.0
4544,False,0.0,0.0,0.0,0.0,0.0
>>>>>>> b83515ee13fdb73b210a2b88eed9a682df2d780f
